model,strategy,file,base_task,status,ncloc,sqale_index,cognitive_complexity,complexity,code_smells,pass_val,fqs
ChatGLM,H,AccessGatewayFilterError.py,AccessGatewayFilter,Error,19.0,,3.0,7.0,,0.01,
ChatGLM,H,AreaCalculatorFail.py,AreaCalculator,Fail,14.0,,,6.0,,0.01,
ChatGLM,H,ArgumentParserError.py,ArgumentParser,Error,13.0,,3.0,7.0,,0.01,
ChatGLM,H,ArrangementCalculatorFail.py,ArrangementCalculator,Fail,14.0,,,7.0,,0.01,
ChatGLM,H,AssessmentSystemError.py,AssessmentSystem,Error,0.0,,,0.0,,0.01,
ChatGLM,H,AutomaticGuitarSimulatorError.py,AutomaticGuitarSimulator,Error,,,,,,0.01,
ChatGLM,H,AvgPartitionError.py,AvgPartition,Error,16.0,15.0,1.0,4.0,3.0,0.01,0.0
ChatGLM,H,BalancedBracketsFail.py,BalancedBrackets,Fail,19.0,,9.0,10.0,,0.01,
ChatGLM,H,BankAccountFail.py,BankAccount,Fail,23.0,,5.0,8.0,,0.01,
ChatGLM,H,BigNumCalculatorError.py,BigNumCalculator,Error,10.0,10.0,,5.0,2.0,0.01,0.0
ChatGLM,H,BinaryDataProcessorFail.py,BinaryDataProcessor,Fail,8.0,,,5.0,,0.01,
ChatGLM,H,BitStatusUtilError.py,BitStatusUtil,Error,0.0,,,0.0,,0.01,
ChatGLM,H,BlackjackGameError.py,BlackjackGame,Error,,,,,,0.01,
ChatGLM,H,BookManagementDBError.py,BookManagementDB,Error,29.0,30.0,3.0,11.0,6.0,0.01,0.0
ChatGLM,H,BookManagementError.py,BookManagement,Error,16.0,,3.0,8.0,,0.01,
ChatGLM,H,BoyerMooreSearchError.py,BoyerMooreSearch,Error,,,,,,0.01,
ChatGLM,H,CalculatorError.py,Calculator,Error,24.0,,5.0,5.0,,0.01,
ChatGLM,H,CalendarUtilPartialSuccess.py,CalendarUtil,PartialSuccess,9.0,,,4.0,,0.01,
ChatGLM,H,CamelCaseMapError.py,CamelCaseMap,Error,18.0,,,8.0,,0.01,
ChatGLM,H,ChandrasekharSieveError.py,ChandrasekharSieve,Error,15.0,,3.0,5.0,,0.01,
ChatGLM,H,ChatError.py,Chat,Error,8.0,,,5.0,,0.01,
ChatGLM,H,ClassRegistrationSystemError.py,ClassRegistrationSystem,Error,,,,,,0.01,
ChatGLM,H,ClassroomError.py,Classroom,Error,24.0,,12.0,13.0,,0.01,
ChatGLM,H,CombinationCalculatorError.py,CombinationCalculator,Error,12.0,6.0,,6.0,3.0,0.01,0.0
ChatGLM,H,ComplexCalculatorError.py,ComplexCalculator,Error,,,,,,0.01,
ChatGLM,H,CookiesUtilError.py,CookiesUtil,Error,26.0,5.0,5.0,7.0,1.0,0.01,0.0
ChatGLM,H,CSVProcessorError.py,CSVProcessor,Error,102.0,2.0,,4.0,1.0,0.01,0.0
ChatGLM,H,CurrencyConverterError.py,CurrencyConverter,Error,15.0,,,5.0,,0.01,
ChatGLM,H,DatabaseProcessorError.py,DatabaseProcessor,Error,26.0,1.0,7.0,10.0,1.0,0.01,0.0
ChatGLM,H,DataStatistics2Error.py,DataStatistics2,Error,0.0,,,0.0,,0.01,
ChatGLM,H,DataStatistics4Error.py,DataStatistics4,Error,,,,,,0.01,
ChatGLM,H,DataStatisticsFail.py,DataStatistics,Fail,11.0,,,3.0,,0.01,
ChatGLM,H,DecryptionUtilsError.py,DecryptionUtils,Error,19.0,,,4.0,,0.01,
ChatGLM,H,DiscountStrategyError.py,DiscountStrategy,Error,32.0,15.0,2.0,10.0,3.0,0.01,0.0
ChatGLM,H,DocFileHandlerError.py,DocFileHandler,Error,60.0,,19.0,25.0,,0.01,
ChatGLM,H,EightPuzzleError.py,EightPuzzle,Error,27.0,,5.0,8.0,,0.01,
ChatGLM,H,EmailClientError.py,EmailClient,Error,,,,,,0.01,
ChatGLM,H,EncryptionUtilsError.py,EncryptionUtils,Error,23.0,,5.0,10.0,,0.01,
ChatGLM,H,ExcelProcessorError.py,ExcelProcessor,Error,21.0,7.0,4.0,7.0,2.0,0.01,0.0
ChatGLM,H,ExpressionCalculatorError.py,ExpressionCalculator,Error,21.0,,,8.0,,0.01,
ChatGLM,H,FitnessTrackerError.py,FitnessTracker,Error,16.0,7.0,,4.0,2.0,0.01,0.0
ChatGLM,H,GomokuGameError.py,GomokuGame,Error,0.0,,,0.0,,0.01,
ChatGLM,H,HotelSuccess.py,Hotel,Success,,,,,,0.01,
ChatGLM,H,HRManagementSystemError.py,HRManagementSystem,Error,,,,,,0.01,
ChatGLM,H,HtmlUtilFail.py,HtmlUtil,Fail,30.0,2.0,4.0,8.0,1.0,0.01,0.0
ChatGLM,H,ImageProcessorError.py,ImageProcessor,Error,21.0,10.0,,6.0,2.0,0.01,0.0
ChatGLM,H,InterpolationError.py,Interpolation,Error,0.0,,,0.0,,0.01,
ChatGLM,H,IPAddressError.py,IPAddress,Error,9.0,,1.0,5.0,,0.01,
ChatGLM,H,IpUtilError.py,IpUtil,Error,12.0,,,3.0,,0.01,
ChatGLM,H,JobMarketplaceError.py,JobMarketplace,Error,,,,,,0.01,
ChatGLM,H,JSONProcessorError.py,JSONProcessor,Error,18.0,,4.0,5.0,,0.01,
ChatGLM,H,KappaCalculatorError.py,KappaCalculator,Error,0.0,,,0.0,,0.01,
ChatGLM,H,LemmatizationError.py,Lemmatization,Error,16.0,,1.0,5.0,,0.01,
ChatGLM,H,LongestWordFail.py,LongestWord,Fail,11.0,,,3.0,,0.01,
ChatGLM,H,MahjongConnectError.py,MahjongConnect,Error,,,,,,0.01,
ChatGLM,H,ManacherError.py,Manacher,Error,15.0,,4.0,5.0,,0.01,
ChatGLM,H,MetricsCalculator2Error.py,MetricsCalculator2,Error,8.0,5.0,,3.0,1.0,0.01,0.0
ChatGLM,H,MetricsCalculatorFail.py,MetricsCalculator,Fail,11.0,,,6.0,,0.01,
ChatGLM,H,MinesweeperGameError.py,MinesweeperGame,Error,9.0,,,2.0,,0.01,
ChatGLM,H,MovieBookingSystemError.py,MovieBookingSystem,Error,29.0,,10.0,12.0,,0.01,
ChatGLM,H,MovieTicketDBError.py,MovieTicketDB,Error,21.0,,,6.0,,0.01,
ChatGLM,H,MusicPlayerSuccess.py,MusicPlayer,Success,13.0,,,9.0,,0.01,
ChatGLM,H,NLPDataProcessor2Error.py,NLPDataProcessor2,Error,0.0,,,0.0,,0.01,
ChatGLM,H,NLPDataProcessorError.py,NLPDataProcessor,Error,11.0,,,3.0,,0.01,
ChatGLM,H,NumberConverterError.py,NumberConverter,Error,,,,,,0.01,
ChatGLM,H,NumberWordFormatterError.py,NumberWordFormatter,Error,42.0,,11.0,8.0,,0.01,
ChatGLM,H,NumericEntityUnescaperError.py,NumericEntityUnescaper,Error,8.0,5.0,,3.0,1.0,0.01,0.0
ChatGLM,H,OrderError.py,Order,Error,38.0,,8.0,15.0,,0.01,
ChatGLM,H,PageUtilError.py,PageUtil,Error,20.0,,,4.0,,0.01,
ChatGLM,H,PDFHandlerError.py,PDFHandler,Error,,,,,,0.01,
ChatGLM,H,PersonRequestError.py,PersonRequest,Error,17.0,23.0,4.0,8.0,7.0,0.01,0.0
ChatGLM,H,PushBoxGameFail.py,PushBoxGame,Fail,18.0,,,5.0,,0.01,
ChatGLM,H,RegexUtilsError.py,RegexUtils,Error,,,,,,0.01,
ChatGLM,H,RPGCharacterError.py,RPGCharacter,Error,33.0,10.0,5.0,11.0,1.0,0.01,0.0
ChatGLM,H,ServerFail.py,Server,Fail,10.0,,,6.0,,0.01,
ChatGLM,H,ShoppingCartError.py,ShoppingCart,Error,14.0,,2.0,6.0,,0.01,
ChatGLM,H,SignInSystemFail.py,SignInSystem,Fail,21.0,,3.0,9.0,,0.01,
ChatGLM,H,SnakeFail.py,Snake,Fail,14.0,6.0,,5.0,3.0,0.01,0.0
ChatGLM,H,SplitSentenceFail.py,SplitSentence,Fail,,,,,,0.01,
ChatGLM,H,SQLGeneratorFail.py,SQLGenerator,Fail,9.0,,,7.0,,0.01,
ChatGLM,H,SQLQueryBuilderError.py,SQLQueryBuilder,Error,,,,,,0.01,
ChatGLM,H,Statistics3Error.py,Statistics3,Error,10.0,30.0,,7.0,6.0,0.01,0.0
ChatGLM,H,StockPortfolioTrackerError.py,StockPortfolioTracker,Error,,,,,,0.01,
ChatGLM,H,StudentDatabaseProcessorError.py,StudentDatabaseProcessor,Error,21.0,,,5.0,,0.01,
ChatGLM,H,TextFileProcessorError.py,TextFileProcessor,Error,12.0,,,5.0,,0.01,
ChatGLM,H,ThermostatFail.py,Thermostat,Fail,33.0,,14.0,15.0,,0.01,
ChatGLM,H,TicTacToeError.py,TicTacToe,Error,0.0,,,0.0,,0.01,
ChatGLM,H,TimeUtilsError.py,TimeUtils,Error,19.0,,,8.0,,0.01,
ChatGLM,H,TriCalculatorError.py,TriCalculator,Error,0.0,,,0.0,,0.01,
ChatGLM,H,TwentyFourPointGameError.py,TwentyFourPointGame,Error,16.0,5.0,,7.0,1.0,0.01,0.0
ChatGLM,H,URLHandlerFail.py,URLHandler,Fail,20.0,,,6.0,,0.01,
ChatGLM,H,UrlPathError.py,UrlPath,Error,,,,,,0.01,
ChatGLM,H,UserLoginDBError.py,UserLoginDB,Error,18.0,,,5.0,,0.01,
ChatGLM,H,VectorUtilError.py,VectorUtil,Error,12.0,,,4.0,,0.01,
ChatGLM,H,VendingMachineFail.py,VendingMachine,Fail,23.0,,6.0,9.0,,0.01,
ChatGLM,H,WarehouseError.py,Warehouse,Error,,,,,,0.01,
ChatGLM,H,WeatherSystemFail.py,WeatherSystem,Fail,16.0,,,8.0,,0.01,
ChatGLM,H,Words2NumbersError.py,Words2Numbers,Error,38.0,,11.0,9.0,,0.01,
ChatGLM,H,XMLProcessorError.py,XMLProcessor,Error,13.0,10.0,,5.0,2.0,0.01,0.0
ChatGLM,H,ZipFileProcessorError.py,ZipFileProcessor,Error,12.0,20.0,,5.0,4.0,0.01,0.0
ChatGLM,C,AccessGatewayFilterError.py,AccessGatewayFilter,Error,10.0,5.0,3.0,6.0,1.0,0.013999999999999999,0.0
ChatGLM,C,AreaCalculatorError.py,AreaCalculator,Error,13.0,15.0,,4.0,1.0,0.013999999999999999,0.0
ChatGLM,C,ArgumentParserError.py,ArgumentParser,Error,33.0,5.0,13.0,11.0,1.0,0.013999999999999999,0.0
ChatGLM,C,ArrangementCalculatorError.py,ArrangementCalculator,Error,21.0,,8.0,7.0,,0.013999999999999999,
ChatGLM,C,AssessmentSystemError.py,AssessmentSystem,Error,,,,,,0.013999999999999999,
ChatGLM,C,AutomaticGuitarSimulatorError.py,AutomaticGuitarSimulator,Error,16.0,16.0,2.0,3.0,1.0,0.013999999999999999,0.0
ChatGLM,C,AvgPartitionFail.py,AvgPartition,Fail,14.0,5.0,,3.0,1.0,0.013999999999999999,0.0
ChatGLM,C,BalancedBracketsError.py,BalancedBrackets,Error,8.0,,,2.0,,0.013999999999999999,
ChatGLM,C,BankAccountFail.py,BankAccount,Fail,23.0,,5.0,8.0,,0.013999999999999999,
ChatGLM,C,BigNumCalculatorError.py,BigNumCalculator,Error,5.0,10.0,,2.0,2.0,0.013999999999999999,0.0
ChatGLM,C,BinaryDataProcessorError.py,BinaryDataProcessor,Error,29.0,,6.0,9.0,,0.013999999999999999,
ChatGLM,C,BitStatusUtilError.py,BitStatusUtil,Error,25.0,58.0,10.0,11.0,8.0,0.013999999999999999,0.0
ChatGLM,C,BlackjackGameError.py,BlackjackGame,Error,,,,,,0.013999999999999999,
ChatGLM,C,BookManagementDBError.py,BookManagementDB,Error,37.0,,2.0,8.0,,0.013999999999999999,
ChatGLM,C,BookManagementError.py,BookManagement,Error,13.0,,6.0,8.0,,0.013999999999999999,
ChatGLM,C,BoyerMooreSearchError.py,BoyerMooreSearch,Error,,,,,,0.013999999999999999,
ChatGLM,C,CalculatorError.py,Calculator,Error,,,,,,0.013999999999999999,
ChatGLM,C,CalendarUtilError.py,CalendarUtil,Error,,,,,,0.013999999999999999,
ChatGLM,C,CamelCaseMapError.py,CamelCaseMap,Error,13.0,,1.0,7.0,,0.013999999999999999,
ChatGLM,C,ChandrasekharSieveError.py,ChandrasekharSieve,Error,4.0,,,1.0,,0.013999999999999999,
ChatGLM,C,ChatFail.py,Chat,Fail,31.0,5.0,7.0,10.0,1.0,0.013999999999999999,0.0
ChatGLM,C,ClassRegistrationSystemError.py,ClassRegistrationSystem,Error,26.0,5.0,5.0,10.0,1.0,0.013999999999999999,0.0
ChatGLM,C,ClassroomError.py,Classroom,Error,,,,,,0.013999999999999999,
ChatGLM,C,CombinationCalculatorError.py,CombinationCalculator,Error,36.0,16.0,10.0,14.0,5.0,0.013999999999999999,0.0
ChatGLM,C,ComplexCalculatorError.py,ComplexCalculator,Error,,,,,,0.013999999999999999,
ChatGLM,C,CookiesUtilError.py,CookiesUtil,Error,21.0,,2.0,6.0,,0.013999999999999999,
ChatGLM,C,CSVProcessorError.py,CSVProcessor,Error,34.0,7.0,6.0,10.0,2.0,0.013999999999999999,0.0
ChatGLM,C,CurrencyConverterError.py,CurrencyConverter,Error,32.0,,6.0,9.0,,0.013999999999999999,
ChatGLM,C,DatabaseProcessorError.py,DatabaseProcessor,Error,18.0,,2.0,6.0,,0.013999999999999999,
ChatGLM,C,DataStatistics2Error.py,DataStatistics2,Error,15.0,10.0,,6.0,2.0,0.013999999999999999,0.0
ChatGLM,C,DataStatistics4Error.py,DataStatistics4,Error,,,,,,0.013999999999999999,
ChatGLM,C,DataStatisticsFail.py,DataStatistics,Fail,12.0,,2.0,5.0,,0.013999999999999999,
ChatGLM,C,DecryptionUtilsError.py,DecryptionUtils,Error,11.0,10.0,1.0,5.0,2.0,0.013999999999999999,0.0
ChatGLM,C,DiscountStrategyError.py,DiscountStrategy,Error,31.0,30.0,8.0,10.0,6.0,0.013999999999999999,0.0
ChatGLM,C,DocFileHandlerError.py,DocFileHandler,Error,49.0,10.0,11.0,13.0,2.0,0.013999999999999999,0.0
ChatGLM,C,EightPuzzleError.py,EightPuzzle,Error,45.0,,22.0,11.0,,0.013999999999999999,
ChatGLM,C,EmailClientError.py,EmailClient,Error,38.0,,9.0,12.0,,0.013999999999999999,
ChatGLM,C,EncryptionUtilsError.py,EncryptionUtils,Error,13.0,5.0,4.0,4.0,1.0,0.013999999999999999,0.0
ChatGLM,C,ExcelProcessorError.py,ExcelProcessor,Error,23.0,12.0,6.0,7.0,3.0,0.013999999999999999,0.0
ChatGLM,C,ExpressionCalculatorError.py,ExpressionCalculator,Error,,,,,,0.013999999999999999,
ChatGLM,C,FitnessTrackerError.py,FitnessTracker,Error,20.0,7.0,5.0,6.0,2.0,0.013999999999999999,0.0
ChatGLM,C,GomokuGameError.py,GomokuGame,Error,15.0,,10.0,8.0,,0.013999999999999999,
ChatGLM,C,HotelSuccess.py,Hotel,Success,50.0,18.0,39.0,18.0,1.0,0.013999999999999999,0.964
ChatGLM,C,HRManagementSystemError.py,HRManagementSystem,Error,,,,,,0.013999999999999999,
ChatGLM,C,HtmlUtilFail.py,HtmlUtil,Fail,38.0,2.0,9.0,7.0,1.0,0.013999999999999999,0.0
ChatGLM,C,ImageProcessorError.py,ImageProcessor,Error,46.0,,8.0,11.0,,0.013999999999999999,
ChatGLM,C,InterpolationError.py,Interpolation,Error,,,,,,0.013999999999999999,
ChatGLM,C,IPAddressError.py,IPAddress,Error,15.0,5.0,5.0,7.0,1.0,0.013999999999999999,0.0
ChatGLM,C,IpUtilError.py,IpUtil,Error,18.0,25.0,4.0,3.0,5.0,0.013999999999999999,0.0
ChatGLM,C,JobMarketplaceError.py,JobMarketplace,Error,36.0,,8.0,13.0,,0.013999999999999999,
ChatGLM,C,JSONProcessorError.py,JSONProcessor,Error,26.0,,7.0,5.0,,0.013999999999999999,
ChatGLM,C,KappaCalculatorError.py,KappaCalculator,Error,,,,,,0.013999999999999999,
ChatGLM,C,LemmatizationError.py,Lemmatization,Error,34.0,,3.0,7.0,,0.013999999999999999,
ChatGLM,C,LongestWordPartialSuccess.py,LongestWord,PartialSuccess,25.0,5.0,17.0,11.0,1.0,0.013999999999999999,0.0
ChatGLM,C,MahjongConnectError.py,MahjongConnect,Error,32.0,24.0,18.0,17.0,5.0,0.013999999999999999,0.0
ChatGLM,C,ManacherError.py,Manacher,Error,12.0,,4.0,4.0,,0.013999999999999999,
ChatGLM,C,MetricsCalculator2Error.py,MetricsCalculator2,Error,31.0,10.0,15.0,9.0,2.0,0.013999999999999999,0.0
ChatGLM,C,MetricsCalculatorError.py,MetricsCalculator,Error,42.0,5.0,10.0,14.0,1.0,0.013999999999999999,0.0
ChatGLM,C,MinesweeperGameError.py,MinesweeperGame,Error,41.0,30.0,20.0,19.0,6.0,0.013999999999999999,0.0
ChatGLM,C,MovieBookingSystemError.py,MovieBookingSystem,Error,17.0,,6.0,7.0,,0.013999999999999999,
ChatGLM,C,MovieTicketDBError.py,MovieTicketDB,Error,34.0,,3.0,7.0,,0.013999999999999999,
ChatGLM,C,MusicPlayerError.py,MusicPlayer,Error,,,,,,0.013999999999999999,
ChatGLM,C,NLPDataProcessor2Error.py,NLPDataProcessor2,Error,16.0,,1.0,3.0,,0.013999999999999999,
ChatGLM,C,NLPDataProcessorError.py,NLPDataProcessor,Error,15.0,,3.0,7.0,,0.013999999999999999,
ChatGLM,C,NumberConverterError.py,NumberConverter,Error,14.0,25.0,2.0,7.0,5.0,0.013999999999999999,0.0
ChatGLM,C,NumberWordFormatterError.py,NumberWordFormatter,Error,77.0,35.0,30.0,21.0,7.0,0.013999999999999999,0.0
ChatGLM,C,NumericEntityUnescaperError.py,NumericEntityUnescaper,Error,,,,,,0.013999999999999999,
ChatGLM,C,OrderError.py,Order,Error,18.0,,6.0,8.0,,0.013999999999999999,
ChatGLM,C,PageUtilError.py,PageUtil,Error,43.0,,7.0,9.0,,0.013999999999999999,
ChatGLM,C,PDFHandlerError.py,PDFHandler,Error,23.0,,7.0,7.0,,0.013999999999999999,
ChatGLM,C,PersonRequestPartialSuccess.py,PersonRequest,PartialSuccess,20.0,31.0,7.0,10.0,8.0,0.013999999999999999,0.0
ChatGLM,C,PushBoxGameError.py,PushBoxGame,Error,34.0,4.0,13.0,9.0,2.0,0.013999999999999999,0.0
ChatGLM,C,RegexUtilsError.py,RegexUtils,Error,28.0,,5.0,9.0,,0.013999999999999999,
ChatGLM,C,RPGCharacterError.py,RPGCharacter,Error,19.0,,2.0,4.0,,0.013999999999999999,
ChatGLM,C,ServerError.py,Server,Error,33.0,40.0,9.0,13.0,2.0,0.013999999999999999,0.0
ChatGLM,C,ShoppingCartError.py,ShoppingCart,Error,12.0,,2.0,5.0,,0.013999999999999999,
ChatGLM,C,SignInSystemError.py,SignInSystem,Error,15.0,,5.0,6.0,,0.013999999999999999,
ChatGLM,C,SnakeError.py,Snake,Error,41.0,26.0,6.0,8.0,5.0,0.013999999999999999,0.0
ChatGLM,C,SplitSentenceError.py,SplitSentence,Error,,,,,,0.013999999999999999,
ChatGLM,C,SQLGeneratorError.py,SQLGenerator,Error,22.0,,3.0,9.0,,0.013999999999999999,
ChatGLM,C,SQLQueryBuilderError.py,SQLQueryBuilder,Error,9.0,20.0,,4.0,4.0,0.013999999999999999,0.0
ChatGLM,C,Statistics3Error.py,Statistics3,Error,,,,,,0.013999999999999999,
ChatGLM,C,StockPortfolioTrackerError.py,StockPortfolioTracker,Error,40.0,,12.0,13.0,,0.013999999999999999,
ChatGLM,C,StudentDatabaseProcessorError.py,StudentDatabaseProcessor,Error,14.0,,,4.0,,0.013999999999999999,
ChatGLM,C,TextFileProcessorError.py,TextFileProcessor,Error,23.0,,4.0,8.0,,0.013999999999999999,
ChatGLM,C,ThermostatError.py,Thermostat,Error,30.0,,8.0,10.0,,0.013999999999999999,
ChatGLM,C,TicTacToeError.py,TicTacToe,Error,4.0,2.0,,1.0,1.0,0.013999999999999999,0.0
ChatGLM,C,TimeUtilsError.py,TimeUtils,Error,,,,,,0.013999999999999999,
ChatGLM,C,TriCalculatorError.py,TriCalculator,Error,11.0,5.0,,3.0,1.0,0.013999999999999999,0.0
ChatGLM,C,TwentyFourPointGameError.py,TwentyFourPointGame,Error,16.0,,2.0,5.0,,0.013999999999999999,
ChatGLM,C,URLHandlerError.py,URLHandler,Error,18.0,22.0,5.0,8.0,5.0,0.013999999999999999,0.0
ChatGLM,C,UrlPathError.py,UrlPath,Error,13.0,,2.0,5.0,,0.013999999999999999,
ChatGLM,C,UserLoginDBFail.py,UserLoginDB,Fail,37.0,6.0,6.0,8.0,1.0,0.013999999999999999,0.0
ChatGLM,C,VectorUtilError.py,VectorUtil,Error,13.0,15.0,1.0,4.0,3.0,0.013999999999999999,0.0
ChatGLM,C,VendingMachineError.py,VendingMachine,Error,19.0,,4.0,6.0,,0.013999999999999999,
ChatGLM,C,WarehouseError.py,Warehouse,Error,41.0,,11.0,14.0,,0.013999999999999999,
ChatGLM,C,WeatherSystemError.py,WeatherSystem,Error,15.0,,1.0,5.0,,0.013999999999999999,
ChatGLM,C,Words2NumbersError.py,Words2Numbers,Error,24.0,,6.0,7.0,,0.013999999999999999,
ChatGLM,C,XMLProcessorError.py,XMLProcessor,Error,17.0,5.0,2.0,6.0,1.0,0.013999999999999999,0.0
ChatGLM,C,ZipFileProcessorError.py,ZipFileProcessor,Error,24.0,10.0,3.0,5.0,2.0,0.013999999999999999,0.0
ChatGLM,I,AccessGatewayFilterError.py,AccessGatewayFilter,Error,19.0,5.0,7.0,10.0,1.0,0.012000000000000002,0.0
ChatGLM,I,AreaCalculatorError.py,AreaCalculator,Error,15.0,,1.0,5.0,,0.012000000000000002,
ChatGLM,I,ArgumentParserError.py,ArgumentParser,Error,28.0,,7.0,9.0,,0.012000000000000002,
ChatGLM,I,ArrangementCalculatorError.py,ArrangementCalculator,Error,10.0,,1.0,3.0,,0.012000000000000002,
ChatGLM,I,AssessmentSystemError.py,AssessmentSystem,Error,,,,,,0.012000000000000002,
ChatGLM,I,AutomaticGuitarSimulatorError.py,AutomaticGuitarSimulator,Error,,,,,,0.012000000000000002,
ChatGLM,I,AvgPartitionError.py,AvgPartition,Error,15.0,10.0,,3.0,2.0,0.012000000000000002,0.0
ChatGLM,I,BalancedBracketsError.py,BalancedBrackets,Error,10.0,,4.0,5.0,,0.012000000000000002,
ChatGLM,I,BankAccountError.py,BankAccount,Error,17.0,,3.0,7.0,,0.012000000000000002,
ChatGLM,I,BankAccountFail.py,BankAccount,Fail,26.0,,6.0,11.0,,0.012000000000000002,
ChatGLM,I,BigNumCalculatorError.py,BigNumCalculator,Error,7.0,45.0,,3.0,9.0,0.012000000000000002,0.0
ChatGLM,I,BinaryDataProcessorError.py,BinaryDataProcessor,Error,13.0,,1.0,6.0,,0.012000000000000002,
ChatGLM,I,BinaryDataProcessorFail.py,BinaryDataProcessor,Fail,15.0,,1.0,7.0,,0.012000000000000002,
ChatGLM,I,BitStatusUtilError.py,BitStatusUtil,Error,35.0,134.0,14.0,10.0,14.0,0.012000000000000002,0.0
ChatGLM,I,BlackjackGameError.py,BlackjackGame,Error,,,,,,0.012000000000000002,
ChatGLM,I,BookManagementDBError.py,BookManagementDB,Error,36.0,5.0,1.0,8.0,1.0,0.012000000000000002,0.0
ChatGLM,I,BookManagementError.py,BookManagement,Error,13.0,,5.0,6.0,,0.012000000000000002,
ChatGLM,I,BoyerMooreSearchError.py,BoyerMooreSearch,Error,4.0,4.0,,1.0,2.0,0.012000000000000002,0.0
ChatGLM,I,CalculatorError.py,Calculator,Error,,,,,,0.012000000000000002,
ChatGLM,I,CalendarUtilError.py,CalendarUtil,Error,,,,,,0.012000000000000002,
ChatGLM,I,CamelCaseMapError.py,CamelCaseMap,Error,,,,,,0.012000000000000002,
ChatGLM,I,ChandrasekharSieveError.py,ChandrasekharSieve,Error,4.0,,,1.0,,0.012000000000000002,
ChatGLM,I,ChatError.py,Chat,Error,26.0,,9.0,11.0,,0.012000000000000002,
ChatGLM,I,ClassRegistrationSystemError.py,ClassRegistrationSystem,Error,39.0,10.0,12.0,12.0,2.0,0.012000000000000002,0.0
ChatGLM,I,ClassroomError.py,Classroom,Error,,,,,,0.012000000000000002,
ChatGLM,I,CombinationCalculatorError.py,CombinationCalculator,Error,18.0,10.0,2.0,6.0,2.0,0.012000000000000002,0.0
ChatGLM,I,ComplexCalculatorError.py,ComplexCalculator,Error,11.0,15.0,,4.0,3.0,0.012000000000000002,0.0
ChatGLM,I,CookiesUtilError.py,CookiesUtil,Error,19.0,,2.0,6.0,,0.012000000000000002,
ChatGLM,I,CSVProcessorError.py,CSVProcessor,Error,34.0,7.0,8.0,9.0,2.0,0.012000000000000002,0.0
ChatGLM,I,CurrencyConverterError.py,CurrencyConverter,Error,22.0,,1.0,5.0,,0.012000000000000002,
ChatGLM,I,CurrencyConverterFail.py,CurrencyConverter,Fail,28.0,1.0,3.0,8.0,1.0,0.012000000000000002,0.0
ChatGLM,I,DatabaseProcessorError.py,DatabaseProcessor,Error,21.0,,5.0,8.0,,0.012000000000000002,
ChatGLM,I,DataStatistics2Error.py,DataStatistics2,Error,10.0,,,4.0,,0.012000000000000002,
ChatGLM,I,DataStatistics4Error.py,DataStatistics4,Error,,,,,,0.012000000000000002,
ChatGLM,I,DataStatisticsError.py,DataStatistics,Error,10.0,,,2.0,,0.012000000000000002,
ChatGLM,I,DecryptionUtilsError.py,DecryptionUtils,Error,19.0,5.0,1.0,7.0,1.0,0.012000000000000002,0.0
ChatGLM,I,DiscountStrategyError.py,DiscountStrategy,Error,31.0,45.0,14.0,14.0,9.0,0.012000000000000002,0.0
ChatGLM,I,DocFileHandlerError.py,DocFileHandler,Error,31.0,,1.0,7.0,,0.012000000000000002,
ChatGLM,I,EightPuzzleError.py,EightPuzzle,Error,,,,,,0.012000000000000002,
ChatGLM,I,EmailClientError.py,EmailClient,Error,45.0,10.0,12.0,13.0,2.0,0.012000000000000002,0.0
ChatGLM,I,EncryptionUtilsError.py,EncryptionUtils,Error,29.0,15.0,8.0,10.0,3.0,0.012000000000000002,0.0
ChatGLM,I,ExcelProcessorError.py,ExcelProcessor,Error,44.0,7.0,24.0,18.0,2.0,0.012000000000000002,0.0
ChatGLM,I,ExpressionCalculatorError.py,ExpressionCalculator,Error,39.0,10.0,9.0,10.0,1.0,0.012000000000000002,0.0
ChatGLM,I,FitnessTrackerError.py,FitnessTracker,Error,30.0,9.0,6.0,6.0,3.0,0.012000000000000002,0.0
ChatGLM,I,GomokuGameError.py,GomokuGame,Error,47.0,14.0,41.0,26.0,1.0,0.012000000000000002,0.0
ChatGLM,I,HotelSuccess.py,Hotel,Success,38.0,,34.0,19.0,,0.012000000000000002,
ChatGLM,I,HRManagementSystemError.py,HRManagementSystem,Error,36.0,,3.0,7.0,,0.012000000000000002,
ChatGLM,I,HtmlUtilError.py,HtmlUtil,Error,26.0,,3.0,5.0,,0.012000000000000002,
ChatGLM,I,HtmlUtilFail.py,HtmlUtil,Fail,46.0,6.0,19.0,11.0,1.0,0.012000000000000002,0.0
ChatGLM,I,ImageProcessorError.py,ImageProcessor,Error,41.0,35.0,4.0,6.0,6.0,0.012000000000000002,0.0
ChatGLM,I,InterpolationError.py,Interpolation,Error,6.0,5.0,,2.0,1.0,0.012000000000000002,0.0
ChatGLM,I,IPAddressError.py,IPAddress,Error,,,,,,0.012000000000000002,
ChatGLM,I,IpUtilError.py,IpUtil,Error,12.0,15.0,2.0,2.0,3.0,0.012000000000000002,0.0
ChatGLM,I,JobMarketplaceError.py,JobMarketplace,Error,,,,,,0.012000000000000002,
ChatGLM,I,JSONProcessorError.py,JSONProcessor,Error,34.0,27.0,8.0,5.0,5.0,0.012000000000000002,0.0
ChatGLM,I,KappaCalculatorError.py,KappaCalculator,Error,,,,,,0.012000000000000002,
ChatGLM,I,LemmatizationError.py,Lemmatization,Error,46.0,6.0,16.0,8.0,1.0,0.012000000000000002,0.0
ChatGLM,I,LongestWordError.py,LongestWord,Error,24.0,,12.0,9.0,,0.012000000000000002,
ChatGLM,I,MahjongConnectError.py,MahjongConnect,Error,72.0,16.0,46.0,41.0,4.0,0.012000000000000002,0.0
ChatGLM,I,ManacherError.py,Manacher,Error,3.0,,,1.0,,0.012000000000000002,
ChatGLM,I,MetricsCalculator2Error.py,MetricsCalculator2,Error,22.0,13.0,18.0,7.0,2.0,0.012000000000000002,0.0
ChatGLM,I,MetricsCalculator2Fail.py,MetricsCalculator2,Fail,39.0,26.0,36.0,13.0,4.0,0.012000000000000002,0.0
ChatGLM,I,MetricsCalculatorError.py,MetricsCalculator,Error,23.0,30.0,,4.0,6.0,0.012000000000000002,0.0
ChatGLM,I,MinesweeperGameError.py,MinesweeperGame,Error,,,,,,0.012000000000000002,
ChatGLM,I,MovieBookingSystemError.py,MovieBookingSystem,Error,30.0,,5.0,7.0,,0.012000000000000002,
ChatGLM,I,MovieTicketDBError.py,MovieTicketDB,Error,24.0,,,4.0,,0.012000000000000002,
ChatGLM,I,MusicPlayerFail.py,MusicPlayer,Fail,50.0,,9.0,15.0,,0.012000000000000002,
ChatGLM,I,MusicPlayerSuccess.py,MusicPlayer,Success,50.0,,9.0,15.0,,0.012000000000000002,
ChatGLM,I,NLPDataProcessor2Error.py,NLPDataProcessor2,Error,17.0,20.0,,3.0,4.0,0.012000000000000002,0.0
ChatGLM,I,NLPDataProcessorError.py,NLPDataProcessor,Error,9.0,,,5.0,,0.012000000000000002,
ChatGLM,I,NumberConverterError.py,NumberConverter,Error,32.0,25.0,12.0,17.0,5.0,0.012000000000000002,0.0
ChatGLM,I,NumberWordFormatterError.py,NumberWordFormatter,Error,24.0,,7.0,4.0,,0.012000000000000002,
ChatGLM,I,NumericEntityUnescaperError.py,NumericEntityUnescaper,Error,5.0,10.0,,2.0,2.0,0.012000000000000002,0.0
ChatGLM,I,OrderError.py,Order,Error,11.0,,3.0,4.0,,0.012000000000000002,
ChatGLM,I,PageUtilError.py,PageUtil,Error,44.0,,11.0,12.0,,0.012000000000000002,
ChatGLM,I,PDFHandlerError.py,PDFHandler,Error,16.0,,1.0,4.0,,0.012000000000000002,
ChatGLM,I,PersonRequestError.py,PersonRequest,Error,19.0,24.0,6.0,5.0,6.0,0.012000000000000002,0.0
ChatGLM,I,PersonRequestPartialSuccess.py,PersonRequest,PartialSuccess,28.0,46.0,12.0,9.0,11.0,0.012000000000000002,0.0
ChatGLM,I,PushBoxGameError.py,PushBoxGame,Error,104.0,56.0,68.0,39.0,3.0,0.012000000000000002,0.0
ChatGLM,I,RegexUtilsError.py,RegexUtils,Error,,,,,,0.012000000000000002,
ChatGLM,I,RPGCharacterError.py,RPGCharacter,Error,25.0,,4.0,6.0,,0.012000000000000002,
ChatGLM,I,ServerError.py,Server,Error,28.0,,7.0,10.0,,0.012000000000000002,
ChatGLM,I,ServerFail.py,Server,Fail,32.0,,9.0,13.0,,0.012000000000000002,
ChatGLM,I,ShoppingCartError.py,ShoppingCart,Error,14.0,,2.0,5.0,,0.012000000000000002,
ChatGLM,I,SignInSystemError.py,SignInSystem,Error,21.0,,7.0,9.0,,0.012000000000000002,
ChatGLM,I,SnakeError.py,Snake,Error,37.0,6.0,7.0,7.0,3.0,0.012000000000000002,0.0
ChatGLM,I,SplitSentenceError.py,SplitSentence,Error,,,,,,0.012000000000000002,
ChatGLM,I,SQLGeneratorError.py,SQLGenerator,Error,,,,,,0.012000000000000002,
ChatGLM,I,SQLQueryBuilderError.py,SQLQueryBuilder,Error,,,,,,0.012000000000000002,
ChatGLM,I,Statistics3Error.py,Statistics3,Error,25.0,40.0,3.0,8.0,8.0,0.012000000000000002,0.0
ChatGLM,I,StockPortfolioTrackerError.py,StockPortfolioTracker,Error,36.0,,3.0,11.0,,0.012000000000000002,
ChatGLM,I,StudentDatabaseProcessorError.py,StudentDatabaseProcessor,Error,31.0,8.0,,5.0,1.0,0.012000000000000002,0.0
ChatGLM,I,TextFileProcessorError.py,TextFileProcessor,Error,25.0,1.0,6.0,6.0,1.0,0.012000000000000002,0.0
ChatGLM,I,TextFileProcessorFail.py,TextFileProcessor,Fail,32.0,1.0,9.0,9.0,1.0,0.012000000000000002,0.0
ChatGLM,I,ThermostatError.py,Thermostat,Error,33.0,,8.0,9.0,,0.012000000000000002,
ChatGLM,I,TicTacToeError.py,TicTacToe,Error,10.0,2.0,6.0,5.0,1.0,0.012000000000000002,0.0
ChatGLM,I,TimeUtilsError.py,TimeUtils,Error,25.0,,2.0,8.0,,0.012000000000000002,
ChatGLM,I,TriCalculatorError.py,TriCalculator,Error,13.0,5.0,,4.0,1.0,0.012000000000000002,0.0
ChatGLM,I,TwentyFourPointGameError.py,TwentyFourPointGame,Error,15.0,,2.0,5.0,,0.012000000000000002,
ChatGLM,I,TwentyFourPointGameFail.py,TwentyFourPointGame,Fail,21.0,,4.0,7.0,,0.012000000000000002,
ChatGLM,I,URLHandlerError.py,URLHandler,Error,18.0,5.0,4.0,7.0,1.0,0.012000000000000002,0.0
ChatGLM,I,URLHandlerFail.py,URLHandler,Fail,23.0,5.0,5.0,9.0,1.0,0.012000000000000002,0.0
ChatGLM,I,UrlPathError.py,UrlPath,Error,27.0,,8.0,10.0,,0.012000000000000002,
ChatGLM,I,UserLoginDBFail.py,UserLoginDB,Fail,31.0,,5.0,7.0,,0.012000000000000002,
ChatGLM,I,VectorUtilError.py,VectorUtil,Error,38.0,11.0,,2.0,3.0,0.012000000000000002,0.0
ChatGLM,I,VendingMachineError.py,VendingMachine,Error,23.0,,4.0,7.0,,0.012000000000000002,
ChatGLM,I,VendingMachineFail.py,VendingMachine,Fail,28.0,,6.0,9.0,,0.012000000000000002,
ChatGLM,I,WarehouseError.py,Warehouse,Error,37.0,,7.0,12.0,,0.012000000000000002,
ChatGLM,I,WarehouseFail.py,Warehouse,Fail,43.0,,9.0,14.0,,0.012000000000000002,
ChatGLM,I,WeatherSystemError.py,WeatherSystem,Error,21.0,10.0,,5.0,2.0,0.012000000000000002,0.0
ChatGLM,I,Words2NumbersError.py,Words2Numbers,Error,39.0,15.0,18.0,18.0,3.0,0.012000000000000002,0.0
ChatGLM,I,XMLProcessorError.py,XMLProcessor,Error,27.0,5.0,3.0,7.0,1.0,0.012000000000000002,0.0
ChatGLM,I,ZipFileProcessorError.py,ZipFileProcessor,Error,23.0,,5.0,7.0,,0.012000000000000002,
codegeex2-6b,H,AccessGatewayFilterError.py,AccessGatewayFilter,Error,9.0,5.0,,5.0,1.0,0.01,0.0
codegeex2-6b,H,AreaCalculatorError.py,AreaCalculator,Error,9.0,,,6.0,,0.01,
codegeex2-6b,H,ArgumentParserError.py,ArgumentParser,Error,9.0,,,5.0,,0.01,
codegeex2-6b,H,ArrangementCalculatorError.py,ArrangementCalculator,Error,12.0,,,6.0,,0.01,
codegeex2-6b,H,AssessmentSystemError.py,AssessmentSystem,Error,23.0,,5.0,12.0,,0.01,
codegeex2-6b,H,AutomaticGuitarSimulatorError.py,AutomaticGuitarSimulator,Error,5.0,,,3.0,,0.01,
codegeex2-6b,H,AvgPartitionError.py,AvgPartition,Error,6.0,5.0,,3.0,1.0,0.01,0.0
codegeex2-6b,H,BalancedBracketsError.py,BalancedBrackets,Error,22.0,,9.0,7.0,,0.01,
codegeex2-6b,H,BankAccountError.py,BankAccount,Error,21.0,,3.0,8.0,,0.01,
codegeex2-6b,H,BigNumCalculatorError.py,BigNumCalculator,Error,7.0,,,3.0,,0.01,
codegeex2-6b,H,BinaryDataProcessorError.py,BinaryDataProcessor,Error,8.0,,,5.0,,0.01,
codegeex2-6b,H,BitStatusUtilError.py,BitStatusUtil,Error,34.0,16.0,21.0,23.0,2.0,0.01,0.0
codegeex2-6b,H,BlackjackGameError.py,BlackjackGame,Error,9.0,,,4.0,,0.01,
codegeex2-6b,H,BookManagementDBError.py,BookManagementDB,Error,12.0,,,7.0,,0.01,
codegeex2-6b,H,BookManagementError.py,BookManagement,Error,21.0,,5.0,9.0,,0.01,
codegeex2-6b,H,BoyerMooreSearchError.py,BoyerMooreSearch,Error,7.0,6.0,,4.0,3.0,0.01,0.0
codegeex2-6b,H,CalculatorError.py,Calculator,Error,46.0,15.0,29.0,16.0,1.0,0.01,0.0
codegeex2-6b,H,CalendarUtilError.py,CalendarUtil,Error,,,,,,0.01,
codegeex2-6b,H,CamelCaseMapError.py,CamelCaseMap,Error,11.0,,,8.0,,0.01,
codegeex2-6b,H,ChandrasekharSieveError.py,ChandrasekharSieve,Error,14.0,,6.0,6.0,,0.01,
codegeex2-6b,H,ChatError.py,Chat,Error,25.0,,6.0,11.0,,0.01,
codegeex2-6b,H,ClassRegistrationSystemError.py,ClassRegistrationSystem,Error,,,,,,0.01,
codegeex2-6b,H,ClassroomError.py,Classroom,Error,34.0,30.0,16.0,16.0,3.0,0.01,0.0
codegeex2-6b,H,CombinationCalculatorError.py,CombinationCalculator,Error,13.0,6.0,1.0,7.0,3.0,0.01,0.0
codegeex2-6b,H,ComplexCalculatorError.py,ComplexCalculator,Error,11.0,5.0,,5.0,1.0,0.01,0.0
codegeex2-6b,H,CookiesUtilError.py,CookiesUtil,Error,8.0,,,4.0,,0.01,
codegeex2-6b,H,CSVProcessorError.py,CSVProcessor,Error,22.0,7.0,1.0,5.0,2.0,0.01,0.0
codegeex2-6b,H,CurrencyConverterError.py,CurrencyConverter,Error,15.0,,,5.0,,0.01,
codegeex2-6b,H,DatabaseProcessorError.py,DatabaseProcessor,Error,9.0,,,5.0,,0.01,
codegeex2-6b,H,DataStatistics2Error.py,DataStatistics2,Error,18.0,,1.0,8.0,,0.01,
codegeex2-6b,H,DataStatistics4Error.py,DataStatistics4,Error,10.0,,,4.0,,0.01,
codegeex2-6b,H,DataStatisticsError.py,DataStatistics,Error,12.0,,2.0,5.0,,0.01,
codegeex2-6b,H,DecryptionUtilsError.py,DecryptionUtils,Error,37.0,,17.0,13.0,,0.01,
codegeex2-6b,H,DiscountStrategyError.py,DiscountStrategy,Error,,,,,,0.01,
codegeex2-6b,H,DocFileHandlerError.py,DocFileHandler,Error,30.0,,7.0,9.0,,0.01,
codegeex2-6b,H,EightPuzzleError.py,EightPuzzle,Error,8.0,,,5.0,,0.01,
codegeex2-6b,H,EmailClientFail.py,EmailClient,Fail,,,,,,0.01,
codegeex2-6b,H,EncryptionUtilsError.py,EncryptionUtils,Error,27.0,,11.0,12.0,,0.01,
codegeex2-6b,H,ExcelProcessorError.py,ExcelProcessor,Error,7.0,7.0,,4.0,2.0,0.01,0.0
codegeex2-6b,H,ExpressionCalculatorError.py,ExpressionCalculator,Error,13.0,,,7.0,,0.01,
codegeex2-6b,H,FitnessTrackerError.py,FitnessTracker,Error,13.0,7.0,,4.0,2.0,0.01,0.0
codegeex2-6b,H,GomokuGameError.py,GomokuGame,Error,8.0,,,4.0,,0.01,
codegeex2-6b,H,HotelSuccess.py,Hotel,Success,,,,,,0.01,
codegeex2-6b,H,HRManagementSystemError.py,HRManagementSystem,Error,,,,,,0.01,
codegeex2-6b,H,HtmlUtilError.py,HtmlUtil,Error,,,,,,0.01,
codegeex2-6b,H,ImageProcessorError.py,ImageProcessor,Error,9.0,,,6.0,,0.01,
codegeex2-6b,H,InterpolationError.py,Interpolation,Error,,,,,,0.01,
codegeex2-6b,H,IPAddressError.py,IPAddress,Error,29.0,,12.0,14.0,,0.01,
codegeex2-6b,H,IpUtilError.py,IpUtil,Error,9.0,,,3.0,,0.01,
codegeex2-6b,H,JobMarketplaceError.py,JobMarketplace,Error,10.0,,,7.0,,0.01,
codegeex2-6b,H,JSONProcessorError.py,JSONProcessor,Error,25.0,,7.0,6.0,,0.01,
codegeex2-6b,H,KappaCalculatorError.py,KappaCalculator,Error,,,,,,0.01,
codegeex2-6b,H,LemmatizationError.py,Lemmatization,Error,13.0,,,4.0,,0.01,
codegeex2-6b,H,LongestWordError.py,LongestWord,Error,14.0,5.0,6.0,6.0,1.0,0.01,0.0
codegeex2-6b,H,MahjongConnectError.py,MahjongConnect,Error,11.0,4.0,,6.0,2.0,0.01,0.0
codegeex2-6b,H,ManacherError.py,Manacher,Error,29.0,,11.0,11.0,,0.01,
codegeex2-6b,H,MetricsCalculator2Error.py,MetricsCalculator2,Error,,,,,,0.01,
codegeex2-6b,H,MetricsCalculatorError.py,MetricsCalculator,Error,11.0,,,6.0,,0.01,
codegeex2-6b,H,MinesweeperGameError.py,MinesweeperGame,Error,12.0,5.0,,5.0,1.0,0.01,0.0
codegeex2-6b,H,MovieBookingSystemError.py,MovieBookingSystem,Error,8.0,,,4.0,,0.01,
codegeex2-6b,H,MovieTicketDBError.py,MovieTicketDB,Error,10.0,,,5.0,,0.01,
codegeex2-6b,H,MusicPlayerError.py,MusicPlayer,Error,13.0,,,9.0,,0.01,
codegeex2-6b,H,NLPDataProcessor2Error.py,NLPDataProcessor2,Error,6.0,,,3.0,,0.01,
codegeex2-6b,H,NLPDataProcessorError.py,NLPDataProcessor,Error,9.0,,,5.0,,0.01,
codegeex2-6b,H,NumberConverterError.py,NumberConverter,Error,13.0,,,6.0,,0.01,
codegeex2-6b,H,NumberWordFormatterError.py,NumberWordFormatter,Error,14.0,,,6.0,,0.01,
codegeex2-6b,H,NumericEntityUnescaperError.py,NumericEntityUnescaper,Error,6.0,5.0,,3.0,1.0,0.01,0.0
codegeex2-6b,H,OrderError.py,Order,Error,30.0,,11.0,10.0,,0.01,
codegeex2-6b,H,PageUtilError.py,PageUtil,Error,9.0,,,4.0,,0.01,
codegeex2-6b,H,PDFHandlerError.py,PDFHandler,Error,16.0,,2.0,5.0,,0.01,
codegeex2-6b,H,PersonRequestError.py,PersonRequest,Error,17.0,26.0,5.0,9.0,7.0,0.01,0.0
codegeex2-6b,H,PushBoxGameError.py,PushBoxGame,Error,13.0,,,4.0,,0.01,
codegeex2-6b,H,RegexUtilsFail.py,RegexUtils,Fail,,,,,,0.01,
codegeex2-6b,H,RPGCharacterError.py,RPGCharacter,Error,,,,,,0.01,
codegeex2-6b,H,ServerError.py,Server,Error,36.0,1.0,11.0,11.0,1.0,0.01,0.0
codegeex2-6b,H,ShoppingCartError.py,ShoppingCart,Error,7.0,,,5.0,,0.01,
codegeex2-6b,H,SignInSystemError.py,SignInSystem,Error,31.0,,12.0,13.0,,0.01,
codegeex2-6b,H,SnakeError.py,Snake,Error,14.0,6.0,,5.0,3.0,0.01,0.0
codegeex2-6b,H,SplitSentenceError.py,SplitSentence,Error,,,,,,0.01,
codegeex2-6b,H,SQLGeneratorError.py,SQLGenerator,Error,25.0,,4.0,9.0,,0.01,
codegeex2-6b,H,SQLQueryBuilderError.py,SQLQueryBuilder,Error,9.0,,,4.0,,0.01,
codegeex2-6b,H,Statistics3Error.py,Statistics3,Error,16.0,,,7.0,,0.01,
codegeex2-6b,H,StockPortfolioTrackerError.py,StockPortfolioTracker,Error,11.0,,,8.0,,0.01,
codegeex2-6b,H,StudentDatabaseProcessorError.py,StudentDatabaseProcessor,Error,8.0,,,5.0,,0.01,
codegeex2-6b,H,TextFileProcessorError.py,TextFileProcessor,Error,8.0,,,5.0,,0.01,
codegeex2-6b,H,ThermostatError.py,Thermostat,Error,34.0,,11.0,14.0,,0.01,
codegeex2-6b,H,TicTacToeError.py,TicTacToe,Error,24.0,2.0,11.0,12.0,1.0,0.01,0.0
codegeex2-6b,H,TimeUtilsError.py,TimeUtils,Error,17.0,,,8.0,,0.01,
codegeex2-6b,H,TriCalculatorError.py,TriCalculator,Error,9.0,5.0,,6.0,1.0,0.01,0.0
codegeex2-6b,H,TwentyFourPointGameError.py,TwentyFourPointGame,Error,8.0,,,5.0,,0.01,
codegeex2-6b,H,URLHandlerError.py,URLHandler,Error,8.0,,,6.0,,0.01,
codegeex2-6b,H,UrlPathFail.py,UrlPath,Fail,9.0,,,4.0,,0.01,
codegeex2-6b,H,UserLoginDBError.py,UserLoginDB,Error,21.0,,1.0,7.0,,0.01,
codegeex2-6b,H,VectorUtilError.py,VectorUtil,Error,12.0,,,4.0,,0.01,
codegeex2-6b,H,VendingMachineError.py,VendingMachine,Error,9.0,,,6.0,,0.01,
codegeex2-6b,H,WarehouseError.py,Warehouse,Error,18.0,,1.0,5.0,,0.01,
codegeex2-6b,H,WeatherSystemFail.py,WeatherSystem,Fail,23.0,,2.0,6.0,,0.01,
codegeex2-6b,H,Words2NumbersError.py,Words2Numbers,Error,21.0,,4.0,7.0,,0.01,
codegeex2-6b,H,XMLProcessorError.py,XMLProcessor,Error,9.0,,,5.0,,0.01,
codegeex2-6b,H,ZipFileProcessorError.py,ZipFileProcessor,Error,,,,,,0.01,
codegeex2-6b,C,AccessGatewayFilterFail.py,AccessGatewayFilter,Fail,28.0,15.0,9.0,13.0,3.0,0.038,0.0
codegeex2-6b,C,AreaCalculatorFail.py,AreaCalculator,Fail,,,,,,0.038,
codegeex2-6b,C,ArgumentParserError.py,ArgumentParser,Error,,,,,,0.038,
codegeex2-6b,C,ArrangementCalculatorError.py,ArrangementCalculator,Error,,,,,,0.038,
codegeex2-6b,C,AssessmentSystemSuccess.py,AssessmentSystem,Success,,,,,,0.038,
codegeex2-6b,C,AutomaticGuitarSimulatorFail.py,AutomaticGuitarSimulator,Fail,17.0,,5.0,6.0,,0.038,
codegeex2-6b,C,AvgPartitionFail.py,AvgPartition,Fail,18.0,5.0,4.0,7.0,1.0,0.038,0.0
codegeex2-6b,C,BalancedBracketsFail.py,BalancedBrackets,Fail,,,,,,0.038,
codegeex2-6b,C,BankAccountFail.py,BankAccount,Fail,,,,,,0.038,
codegeex2-6b,C,BigNumCalculatorError.py,BigNumCalculator,Error,,,,,,0.038,
codegeex2-6b,C,BinaryDataProcessorError.py,BinaryDataProcessor,Error,,,,,,0.038,
codegeex2-6b,C,BitStatusUtilError.py,BitStatusUtil,Error,,,,,,0.038,
codegeex2-6b,C,BlackjackGameError.py,BlackjackGame,Error,,,,,,0.038,
codegeex2-6b,C,BookManagementDBError.py,BookManagementDB,Error,,,,,,0.038,
codegeex2-6b,C,BookManagementFail.py,BookManagement,Fail,,,,,,0.038,
codegeex2-6b,C,BoyerMooreSearchFail.py,BoyerMooreSearch,Fail,,,,,,0.038,
codegeex2-6b,C,CalculatorError.py,Calculator,Error,,,,,,0.038,
codegeex2-6b,C,CalendarUtilError.py,CalendarUtil,Error,,,,,,0.038,
codegeex2-6b,C,CamelCaseMapError.py,CamelCaseMap,Error,,,,,,0.038,
codegeex2-6b,C,ChandrasekharSieveError.py,ChandrasekharSieve,Error,,,,,,0.038,
codegeex2-6b,C,ChatFail.py,Chat,Fail,,,,,,0.038,
codegeex2-6b,C,ClassRegistrationSystemError.py,ClassRegistrationSystem,Error,,,,,,0.038,
codegeex2-6b,C,ClassroomError.py,Classroom,Error,,,,,,0.038,
codegeex2-6b,C,CombinationCalculatorError.py,CombinationCalculator,Error,,,,,,0.038,
codegeex2-6b,C,ComplexCalculatorError.py,ComplexCalculator,Error,,,,,,0.038,
codegeex2-6b,C,CookiesUtilError.py,CookiesUtil,Error,,,,,,0.038,
codegeex2-6b,C,CSVProcessorError.py,CSVProcessor,Error,,,,,,0.038,
codegeex2-6b,C,CurrencyConverterFail.py,CurrencyConverter,Fail,,,,,,0.038,
codegeex2-6b,C,DatabaseProcessorError.py,DatabaseProcessor,Error,,,,,,0.038,
codegeex2-6b,C,DataStatistics2Fail.py,DataStatistics2,Fail,,,,,,0.038,
codegeex2-6b,C,DataStatistics4Fail.py,DataStatistics4,Fail,,,,,,0.038,
codegeex2-6b,C,DataStatisticsFail.py,DataStatistics,Fail,,,,,,0.038,
codegeex2-6b,C,DecryptionUtilsError.py,DecryptionUtils,Error,,,,,,0.038,
codegeex2-6b,C,DiscountStrategyError.py,DiscountStrategy,Error,,,,,,0.038,
codegeex2-6b,C,DocFileHandlerError.py,DocFileHandler,Error,,,,,,0.038,
codegeex2-6b,C,EightPuzzleError.py,EightPuzzle,Error,,,,,,0.038,
codegeex2-6b,C,EmailClientError.py,EmailClient,Error,,,,,,0.038,
codegeex2-6b,C,EncryptionUtilsError.py,EncryptionUtils,Error,,,,,,0.038,
codegeex2-6b,C,ExcelProcessorError.py,ExcelProcessor,Error,20.0,12.0,2.0,6.0,3.0,0.038,0.0
codegeex2-6b,C,ExpressionCalculatorError.py,ExpressionCalculator,Error,,,,,,0.038,
codegeex2-6b,C,FitnessTrackerError.py,FitnessTracker,Error,,,,,,0.038,
codegeex2-6b,C,GomokuGameError.py,GomokuGame,Error,,,,,,0.038,
codegeex2-6b,C,HotelSuccess.py,Hotel,Success,,,,,,0.038,
codegeex2-6b,C,HRManagementSystemError.py,HRManagementSystem,Error,,,,,,0.038,
codegeex2-6b,C,HtmlUtilError.py,HtmlUtil,Error,,,,,,0.038,
codegeex2-6b,C,ImageProcessorError.py,ImageProcessor,Error,,,,,,0.038,
codegeex2-6b,C,InterpolationError.py,Interpolation,Error,,,,,,0.038,
codegeex2-6b,C,IPAddressError.py,IPAddress,Error,,,,,,0.038,
codegeex2-6b,C,IpUtilFail.py,IpUtil,Fail,,,,,,0.038,
codegeex2-6b,C,JobMarketplaceError.py,JobMarketplace,Error,,,,,,0.038,
codegeex2-6b,C,JSONProcessorPartialSuccess.py,JSONProcessor,PartialSuccess,,,,,,0.038,
codegeex2-6b,C,KappaCalculatorFail.py,KappaCalculator,Fail,,,,,,0.038,
codegeex2-6b,C,LemmatizationError.py,Lemmatization,Error,29.0,,7.0,6.0,,0.038,
codegeex2-6b,C,LongestWordPartialSuccess.py,LongestWord,PartialSuccess,,,,,,0.038,
codegeex2-6b,C,MahjongConnectFail.py,MahjongConnect,Fail,,,,,,0.038,
codegeex2-6b,C,ManacherError.py,Manacher,Error,,,,,,0.038,
codegeex2-6b,C,MetricsCalculator2Error.py,MetricsCalculator2,Error,,,,,,0.038,
codegeex2-6b,C,MetricsCalculatorError.py,MetricsCalculator,Error,,,,,,0.038,
codegeex2-6b,C,MinesweeperGameError.py,MinesweeperGame,Error,,,,,,0.038,
codegeex2-6b,C,MovieBookingSystemFail.py,MovieBookingSystem,Fail,,,,,,0.038,
codegeex2-6b,C,MovieTicketDBError.py,MovieTicketDB,Error,,,,,,0.038,
codegeex2-6b,C,MusicPlayerSuccess.py,MusicPlayer,Success,,,,,,0.038,
codegeex2-6b,C,NLPDataProcessor2Fail.py,NLPDataProcessor2,Fail,,,,,,0.038,
codegeex2-6b,C,NLPDataProcessorPartialSuccess.py,NLPDataProcessor,PartialSuccess,,,,,,0.038,
codegeex2-6b,C,NumberConverterFail.py,NumberConverter,Fail,,,,,,0.038,
codegeex2-6b,C,NumberWordFormatterError.py,NumberWordFormatter,Error,,,,,,0.038,
codegeex2-6b,C,NumericEntityUnescaperError.py,NumericEntityUnescaper,Error,,,,,,0.038,
codegeex2-6b,C,OrderFail.py,Order,Fail,,,,,,0.038,
codegeex2-6b,C,PageUtilFail.py,PageUtil,Fail,,,,,,0.038,
codegeex2-6b,C,PDFHandlerError.py,PDFHandler,Error,16.0,,2.0,5.0,,0.038,
codegeex2-6b,C,PersonRequestError.py,PersonRequest,Error,17.0,26.0,5.0,9.0,7.0,0.038,0.0
codegeex2-6b,C,PushBoxGameError.py,PushBoxGame,Error,,,,,,0.038,
codegeex2-6b,C,RegexUtilsError.py,RegexUtils,Error,,,,,,0.038,
codegeex2-6b,C,RPGCharacterError.py,RPGCharacter,Error,,,,,,0.038,
codegeex2-6b,C,ServerFail.py,Server,Fail,29.0,,9.0,9.0,,0.038,
codegeex2-6b,C,ShoppingCartError.py,ShoppingCart,Error,,,,,,0.038,
codegeex2-6b,C,SignInSystemError.py,SignInSystem,Error,,,,,,0.038,
codegeex2-6b,C,SnakeFail.py,Snake,Fail,,,,,,0.038,
codegeex2-6b,C,SplitSentenceFail.py,SplitSentence,Fail,,,,,,0.038,
codegeex2-6b,C,SQLGeneratorFail.py,SQLGenerator,Fail,,,,,,0.038,
codegeex2-6b,C,SQLQueryBuilderError.py,SQLQueryBuilder,Error,,,,,,0.038,
codegeex2-6b,C,Statistics3Error.py,Statistics3,Error,,,,,,0.038,
codegeex2-6b,C,StockPortfolioTrackerError.py,StockPortfolioTracker,Error,,,,,,0.038,
codegeex2-6b,C,StudentDatabaseProcessorError.py,StudentDatabaseProcessor,Error,,,,,,0.038,
codegeex2-6b,C,TextFileProcessorFail.py,TextFileProcessor,Fail,,,,,,0.038,
codegeex2-6b,C,ThermostatFail.py,Thermostat,Fail,,,,,,0.038,
codegeex2-6b,C,TicTacToeFail.py,TicTacToe,Fail,,,,,,0.038,
codegeex2-6b,C,TimeUtilsError.py,TimeUtils,Error,,,,,,0.038,
codegeex2-6b,C,TriCalculatorError.py,TriCalculator,Error,,,,,,0.038,
codegeex2-6b,C,TwentyFourPointGameError.py,TwentyFourPointGame,Error,,,,,,0.038,
codegeex2-6b,C,URLHandlerFail.py,URLHandler,Fail,,,,,,0.038,
codegeex2-6b,C,UrlPathError.py,UrlPath,Error,,,,,,0.038,
codegeex2-6b,C,UserLoginDBFail.py,UserLoginDB,Fail,,,,,,0.038,
codegeex2-6b,C,VectorUtilError.py,VectorUtil,Error,,,,,,0.038,
codegeex2-6b,C,VendingMachineFail.py,VendingMachine,Fail,,,,,,0.038,
codegeex2-6b,C,WarehouseError.py,Warehouse,Error,,,,,,0.038,
codegeex2-6b,C,WeatherSystemError.py,WeatherSystem,Error,,,,,,0.038,
codegeex2-6b,C,Words2NumbersError.py,Words2Numbers,Error,37.0,,13.0,13.0,,0.038,
codegeex2-6b,C,XMLProcessorFail.py,XMLProcessor,Fail,,,,,,0.038,
codegeex2-6b,C,ZipFileProcessorError.py,ZipFileProcessor,Error,,,,,,0.038,
codegeex2-6b,I,AccessGatewayFilterFail.py,AccessGatewayFilter,Fail,13.0,10.0,1.0,5.0,2.0,0.07200000000000001,0.0
codegeex2-6b,I,AreaCalculatorFail.py,AreaCalculator,Fail,,,,,,0.07200000000000001,
codegeex2-6b,I,ArgumentParserError.py,ArgumentParser,Error,,,,,,0.07200000000000001,
codegeex2-6b,I,ArrangementCalculatorFail.py,ArrangementCalculator,Fail,,,,,,0.07200000000000001,
codegeex2-6b,I,AssessmentSystemSuccess.py,AssessmentSystem,Success,,,,,,0.07200000000000001,
codegeex2-6b,I,AutomaticGuitarSimulatorError.py,AutomaticGuitarSimulator,Error,12.0,,2.0,5.0,,0.07200000000000001,
codegeex2-6b,I,AvgPartitionError.py,AvgPartition,Error,,,,,,0.07200000000000001,
codegeex2-6b,I,BalancedBracketsFail.py,BalancedBrackets,Fail,,,,,,0.07200000000000001,
codegeex2-6b,I,BankAccountSuccess.py,BankAccount,Success,,,,,,0.07200000000000001,
codegeex2-6b,I,BigNumCalculatorError.py,BigNumCalculator,Error,,,,,,0.07200000000000001,
codegeex2-6b,I,BinaryDataProcessorError.py,BinaryDataProcessor,Error,,,,,,0.07200000000000001,
codegeex2-6b,I,BitStatusUtilError.py,BitStatusUtil,Error,,,,,,0.07200000000000001,
codegeex2-6b,I,BlackjackGameError.py,BlackjackGame,Error,,,,,,0.07200000000000001,
codegeex2-6b,I,BookManagementDBError.py,BookManagementDB,Error,,,,,,0.07200000000000001,
codegeex2-6b,I,BookManagementFail.py,BookManagement,Fail,,,,,,0.07200000000000001,
codegeex2-6b,I,BoyerMooreSearchFail.py,BoyerMooreSearch,Fail,,,,,,0.07200000000000001,
codegeex2-6b,I,CalculatorFail.py,Calculator,Fail,,,,,,0.07200000000000001,
codegeex2-6b,I,CalendarUtilError.py,CalendarUtil,Error,,,,,,0.07200000000000001,
codegeex2-6b,I,CamelCaseMapFail.py,CamelCaseMap,Fail,,,,,,0.07200000000000001,
codegeex2-6b,I,ChandrasekharSieveSuccess.py,ChandrasekharSieve,Success,,,,,,0.07200000000000001,
codegeex2-6b,I,ChatFail.py,Chat,Fail,,,,,,0.07200000000000001,
codegeex2-6b,I,ClassRegistrationSystemError.py,ClassRegistrationSystem,Error,,,,,,0.07200000000000001,
codegeex2-6b,I,ClassroomSuccess.py,Classroom,Success,,,,,,0.07200000000000001,
codegeex2-6b,I,CombinationCalculatorFail.py,CombinationCalculator,Fail,,,,,,0.07200000000000001,
codegeex2-6b,I,ComplexCalculatorFail.py,ComplexCalculator,Fail,,,,,,0.07200000000000001,
codegeex2-6b,I,CookiesUtilError.py,CookiesUtil,Error,,,,,,0.07200000000000001,
codegeex2-6b,I,CSVProcessorError.py,CSVProcessor,Error,,,,,,0.07200000000000001,
codegeex2-6b,I,CurrencyConverterFail.py,CurrencyConverter,Fail,,,,,,0.07200000000000001,
codegeex2-6b,I,DatabaseProcessorError.py,DatabaseProcessor,Error,,,,,,0.07200000000000001,
codegeex2-6b,I,DataStatistics2Error.py,DataStatistics2,Error,,,,,,0.07200000000000001,
codegeex2-6b,I,DataStatistics4Fail.py,DataStatistics4,Fail,,,,,,0.07200000000000001,
codegeex2-6b,I,DataStatisticsPartialSuccess.py,DataStatistics,PartialSuccess,,,,,,0.07200000000000001,
codegeex2-6b,I,DecryptionUtilsError.py,DecryptionUtils,Error,,,,,,0.07200000000000001,
codegeex2-6b,I,DiscountStrategyFail.py,DiscountStrategy,Fail,,,,,,0.07200000000000001,
codegeex2-6b,I,DocFileHandlerError.py,DocFileHandler,Error,,,,,,0.07200000000000001,
codegeex2-6b,I,EightPuzzleError.py,EightPuzzle,Error,,,,,,0.07200000000000001,
codegeex2-6b,I,EmailClientError.py,EmailClient,Error,,,,,,0.07200000000000001,
codegeex2-6b,I,EncryptionUtilsError.py,EncryptionUtils,Error,,,,,,0.07200000000000001,
codegeex2-6b,I,ExcelProcessorError.py,ExcelProcessor,Error,,,,,,0.07200000000000001,
codegeex2-6b,I,ExpressionCalculatorError.py,ExpressionCalculator,Error,,,,,,0.07200000000000001,
codegeex2-6b,I,FitnessTrackerError.py,FitnessTracker,Error,,,,,,0.07200000000000001,
codegeex2-6b,I,GomokuGameError.py,GomokuGame,Error,,,,,,0.07200000000000001,
codegeex2-6b,I,HotelSuccess.py,Hotel,Success,,,,,,0.07200000000000001,
codegeex2-6b,I,HRManagementSystemError.py,HRManagementSystem,Error,,,,,,0.07200000000000001,
codegeex2-6b,I,HtmlUtilFail.py,HtmlUtil,Fail,,,,,,0.07200000000000001,
codegeex2-6b,I,ImageProcessorError.py,ImageProcessor,Error,,,,,,0.07200000000000001,
codegeex2-6b,I,InterpolationError.py,Interpolation,Error,,,,,,0.07200000000000001,
codegeex2-6b,I,IPAddressError.py,IPAddress,Error,,,,,,0.07200000000000001,
codegeex2-6b,I,IpUtilFail.py,IpUtil,Fail,,,,,,0.07200000000000001,
codegeex2-6b,I,JobMarketplaceError.py,JobMarketplace,Error,,,,,,0.07200000000000001,
codegeex2-6b,I,JSONProcessorPartialSuccess.py,JSONProcessor,PartialSuccess,,,,,,0.07200000000000001,
codegeex2-6b,I,KappaCalculatorFail.py,KappaCalculator,Fail,,,,,,0.07200000000000001,
codegeex2-6b,I,LemmatizationError.py,Lemmatization,Error,32.0,,7.0,6.0,,0.07200000000000001,
codegeex2-6b,I,LongestWordSuccess.py,LongestWord,Success,,,,,,0.07200000000000001,
codegeex2-6b,I,MahjongConnectError.py,MahjongConnect,Error,,,,,,0.07200000000000001,
codegeex2-6b,I,ManacherError.py,Manacher,Error,,,,,,0.07200000000000001,
codegeex2-6b,I,MetricsCalculator2Error.py,MetricsCalculator2,Error,,,,,,0.07200000000000001,
codegeex2-6b,I,MetricsCalculatorError.py,MetricsCalculator,Error,,,,,,0.07200000000000001,
codegeex2-6b,I,MinesweeperGameError.py,MinesweeperGame,Error,,,,,,0.07200000000000001,
codegeex2-6b,I,MovieBookingSystemFail.py,MovieBookingSystem,Fail,,,,,,0.07200000000000001,
codegeex2-6b,I,MovieTicketDBError.py,MovieTicketDB,Error,,,,,,0.07200000000000001,
codegeex2-6b,I,MusicPlayerSuccess.py,MusicPlayer,Success,,,,,,0.07200000000000001,
codegeex2-6b,I,NLPDataProcessor2Fail.py,NLPDataProcessor2,Fail,,,,,,0.07200000000000001,
codegeex2-6b,I,NLPDataProcessorPartialSuccess.py,NLPDataProcessor,PartialSuccess,,,,,,0.07200000000000001,
codegeex2-6b,I,NumberConverterFail.py,NumberConverter,Fail,,,,,,0.07200000000000001,
codegeex2-6b,I,NumberWordFormatterError.py,NumberWordFormatter,Error,,,,,,0.07200000000000001,
codegeex2-6b,I,NumericEntityUnescaperFail.py,NumericEntityUnescaper,Fail,,,,,,0.07200000000000001,
codegeex2-6b,I,OrderFail.py,Order,Fail,,,,,,0.07200000000000001,
codegeex2-6b,I,PageUtilError.py,PageUtil,Error,28.0,,4.0,7.0,,0.07200000000000001,
codegeex2-6b,I,PDFHandlerError.py,PDFHandler,Error,,,,,,0.07200000000000001,
codegeex2-6b,I,PersonRequestFail.py,PersonRequest,Fail,,,,,,0.07200000000000001,
codegeex2-6b,I,PushBoxGameError.py,PushBoxGame,Error,,,,,,0.07200000000000001,
codegeex2-6b,I,RegexUtilsError.py,RegexUtils,Error,,,,,,0.07200000000000001,
codegeex2-6b,I,RPGCharacterError.py,RPGCharacter,Error,,,,,,0.07200000000000001,
codegeex2-6b,I,ServerFail.py,Server,Fail,,,,,,0.07200000000000001,
codegeex2-6b,I,ShoppingCartSuccess.py,ShoppingCart,Success,,,,,,0.07200000000000001,
codegeex2-6b,I,SignInSystemSuccess.py,SignInSystem,Success,,,,,,0.07200000000000001,
codegeex2-6b,I,SnakeError.py,Snake,Error,,,,,,0.07200000000000001,
codegeex2-6b,I,SplitSentenceFail.py,SplitSentence,Fail,,,,,,0.07200000000000001,
codegeex2-6b,I,SQLGeneratorError.py,SQLGenerator,Error,,,,,,0.07200000000000001,
codegeex2-6b,I,SQLQueryBuilderFail.py,SQLQueryBuilder,Fail,,,,,,0.07200000000000001,
codegeex2-6b,I,Statistics3Error.py,Statistics3,Error,,,,,,0.07200000000000001,
codegeex2-6b,I,StockPortfolioTrackerError.py,StockPortfolioTracker,Error,,,,,,0.07200000000000001,
codegeex2-6b,I,StudentDatabaseProcessorError.py,StudentDatabaseProcessor,Error,,,,,,0.07200000000000001,
codegeex2-6b,I,TextFileProcessorError.py,TextFileProcessor,Error,,,,,,0.07200000000000001,
codegeex2-6b,I,ThermostatError.py,Thermostat,Error,,,,,,0.07200000000000001,
codegeex2-6b,I,TicTacToeFail.py,TicTacToe,Fail,,,,,,0.07200000000000001,
codegeex2-6b,I,TimeUtilsFail.py,TimeUtils,Fail,,,,,,0.07200000000000001,
codegeex2-6b,I,TriCalculatorError.py,TriCalculator,Error,,,,,,0.07200000000000001,
codegeex2-6b,I,TwentyFourPointGameError.py,TwentyFourPointGame,Error,,,,,,0.07200000000000001,
codegeex2-6b,I,URLHandlerFail.py,URLHandler,Fail,,,,,,0.07200000000000001,
codegeex2-6b,I,UrlPathFail.py,UrlPath,Fail,,,,,,0.07200000000000001,
codegeex2-6b,I,UserLoginDBFail.py,UserLoginDB,Fail,,,,,,0.07200000000000001,
codegeex2-6b,I,VectorUtilError.py,VectorUtil,Error,,,,,,0.07200000000000001,
codegeex2-6b,I,VendingMachineError.py,VendingMachine,Error,,,,,,0.07200000000000001,
codegeex2-6b,I,WarehouseFail.py,Warehouse,Fail,,,,,,0.07200000000000001,
codegeex2-6b,I,WeatherSystemError.py,WeatherSystem,Error,,,,,,0.07200000000000001,
codegeex2-6b,I,Words2NumbersError.py,Words2Numbers,Error,35.0,20.0,12.0,12.0,1.0,0.07200000000000001,0.0
codegeex2-6b,I,XMLProcessorError.py,XMLProcessor,Error,,,,,,0.07200000000000001,
codegeex2-6b,I,ZipFileProcessorError.py,ZipFileProcessor,Error,,,,,,0.07200000000000001,
GPT-3.5-Turbo,H,AccessGatewayFilterError.py,AccessGatewayFilter,Error,9.0,5.0,,5.0,1.0,0.29600000000000004,0.0
GPT-3.5-Turbo,H,AreaCalculatorError.py,AreaCalculator,Error,14.0,,,6.0,,0.29600000000000004,
GPT-3.5-Turbo,H,ArgumentParserError.py,ArgumentParser,Error,48.0,,20.0,13.0,,0.29600000000000004,
GPT-3.5-Turbo,H,ArrangementCalculatorError.py,ArrangementCalculator,Error,31.0,,9.0,13.0,,0.29600000000000004,
GPT-3.5-Turbo,H,AssessmentSystemSuccess.py,AssessmentSystem,Success,37.0,,13.0,17.0,,0.29600000000000004,
GPT-3.5-Turbo,H,AutomaticGuitarSimulatorFail.py,AutomaticGuitarSimulator,Fail,16.0,,3.0,5.0,,0.29600000000000004,
GPT-3.5-Turbo,H,AvgPartitionSuccess.py,AvgPartition,Success,16.0,5.0,1.0,4.0,1.0,0.29600000000000004,0.96875
GPT-3.5-Turbo,H,BalancedBracketsSuccess.py,BalancedBrackets,Success,20.0,,12.0,9.0,,0.29600000000000004,
GPT-3.5-Turbo,H,BankAccountSuccess.py,BankAccount,Success,24.0,6.0,5.0,10.0,1.0,0.29600000000000004,0.975
GPT-3.5-Turbo,H,BigNumCalculatorSuccess.py,BigNumCalculator,Success,10.0,,,3.0,,0.29600000000000004,
GPT-3.5-Turbo,H,BinaryDataProcessorSuccess.py,BinaryDataProcessor,Success,21.0,,2.0,7.0,,0.29600000000000004,
GPT-3.5-Turbo,H,BitStatusUtilSuccess.py,BitStatusUtil,Success,15.0,,4.0,7.0,,0.29600000000000004,
GPT-3.5-Turbo,H,BlackjackGameError.py,BlackjackGame,Error,47.0,,21.0,15.0,,0.29600000000000004,
GPT-3.5-Turbo,H,BookManagementDBError.py,BookManagementDB,Error,29.0,,,7.0,,0.29600000000000004,
GPT-3.5-Turbo,H,BookManagementFail.py,BookManagement,Fail,23.0,,9.0,9.0,,0.29600000000000004,
GPT-3.5-Turbo,H,BoyerMooreSearchError.py,BoyerMooreSearch,Error,30.0,8.0,15.0,12.0,4.0,0.29600000000000004,0.0
GPT-3.5-Turbo,H,CalculatorError.py,Calculator,Error,56.0,,18.0,11.0,,0.29600000000000004,
GPT-3.5-Turbo,H,CalendarUtilError.py,CalendarUtil,Error,,,,,,0.29600000000000004,
GPT-3.5-Turbo,H,CamelCaseMapSuccess.py,CamelCaseMap,Success,19.0,,,8.0,,0.29600000000000004,
GPT-3.5-Turbo,H,ChandrasekharSieveError.py,ChandrasekharSieve,Error,12.0,,9.0,6.0,,0.29600000000000004,
GPT-3.5-Turbo,H,ChatFail.py,Chat,Fail,29.0,,9.0,10.0,,0.29600000000000004,
GPT-3.5-Turbo,H,ClassRegistrationSystemError.py,ClassRegistrationSystem,Error,40.0,6.0,26.0,17.0,1.0,0.29600000000000004,0.0
GPT-3.5-Turbo,H,ClassroomSuccess.py,Classroom,Success,28.0,,9.0,12.0,,0.29600000000000004,
GPT-3.5-Turbo,H,CombinationCalculatorFail.py,CombinationCalculator,Fail,34.0,11.0,6.0,10.0,4.0,0.29600000000000004,0.0
GPT-3.5-Turbo,H,ComplexCalculatorSuccess.py,ComplexCalculator,Success,15.0,5.0,,5.0,1.0,0.29600000000000004,0.9666666666666667
GPT-3.5-Turbo,H,CookiesUtilError.py,CookiesUtil,Error,19.0,5.0,1.0,4.0,1.0,0.29600000000000004,0.0
GPT-3.5-Turbo,H,CSVProcessorSuccess.py,CSVProcessor,Success,22.0,12.0,1.0,5.0,3.0,0.29600000000000004,0.9454545454545454
GPT-3.5-Turbo,H,CurrencyConverterSuccess.py,CurrencyConverter,Success,28.0,,6.0,8.0,,0.29600000000000004,
GPT-3.5-Turbo,H,DatabaseProcessorPartialSuccess.py,DatabaseProcessor,PartialSuccess,33.0,,1.0,6.0,,0.29600000000000004,
GPT-3.5-Turbo,H,DataStatistics2Error.py,DataStatistics2,Error,2.0,,,1.0,,0.29600000000000004,
GPT-3.5-Turbo,H,DataStatistics4Error.py,DataStatistics4,Error,27.0,,,4.0,,0.29600000000000004,
GPT-3.5-Turbo,H,DataStatisticsSuccess.py,DataStatistics,Success,16.0,,2.0,5.0,,0.29600000000000004,
GPT-3.5-Turbo,H,DecryptionUtilsError.py,DecryptionUtils,Error,45.0,,24.0,17.0,,0.29600000000000004,
GPT-3.5-Turbo,H,DiscountStrategyFail.py,DiscountStrategy,Fail,37.0,15.0,9.0,12.0,3.0,0.29600000000000004,0.0
GPT-3.5-Turbo,H,DocFileHandlerError.py,DocFileHandler,Error,41.0,,7.0,9.0,,0.29600000000000004,
GPT-3.5-Turbo,H,EightPuzzleError.py,EightPuzzle,Error,57.0,,28.0,21.0,,0.29600000000000004,
GPT-3.5-Turbo,H,EmailClientError.py,EmailClient,Error,37.0,,7.0,11.0,,0.29600000000000004,
GPT-3.5-Turbo,H,EncryptionUtilsPartialSuccess.py,EncryptionUtils,PartialSuccess,42.0,,24.0,16.0,,0.29600000000000004,
GPT-3.5-Turbo,H,ExcelProcessorError.py,ExcelProcessor,Error,33.0,12.0,10.0,9.0,3.0,0.29600000000000004,0.0
GPT-3.5-Turbo,H,ExpressionCalculatorError.py,ExpressionCalculator,Error,57.0,,24.0,17.0,,0.29600000000000004,
GPT-3.5-Turbo,H,FitnessTrackerSuccess.py,FitnessTracker,Success,41.0,7.0,15.0,9.0,2.0,0.29600000000000004,0.9829268292682927
GPT-3.5-Turbo,H,GomokuGameFail.py,GomokuGame,Fail,29.0,,16.0,15.0,,0.29600000000000004,
GPT-3.5-Turbo,H,HotelSuccess.py,Hotel,Success,37.0,,24.0,15.0,,0.29600000000000004,
GPT-3.5-Turbo,H,HRManagementSystemFail.py,HRManagementSystem,Fail,28.0,,8.0,10.0,,0.29600000000000004,
GPT-3.5-Turbo,H,HtmlUtilFail.py,HtmlUtil,Fail,31.0,2.0,2.0,6.0,1.0,0.29600000000000004,0.0
GPT-3.5-Turbo,H,ImageProcessorError.py,ImageProcessor,Error,19.0,,4.0,10.0,,0.29600000000000004,
GPT-3.5-Turbo,H,InterpolationFail.py,Interpolation,Fail,65.0,24.0,36.0,17.0,8.0,0.29600000000000004,0.0
GPT-3.5-Turbo,H,IPAddressSuccess.py,IPAddress,Success,28.0,,13.0,12.0,,0.29600000000000004,
GPT-3.5-Turbo,H,IpUtilError.py,IpUtil,Error,23.0,,3.0,3.0,,0.29600000000000004,
GPT-3.5-Turbo,H,JobMarketplaceError.py,JobMarketplace,Error,24.0,,6.0,11.0,,0.29600000000000004,
GPT-3.5-Turbo,H,JSONProcessorSuccess.py,JSONProcessor,Success,29.0,10.0,9.0,7.0,2.0,0.29600000000000004,0.9655172413793104
GPT-3.5-Turbo,H,KappaCalculatorFail.py,KappaCalculator,Fail,6.0,6.0,,2.0,3.0,0.29600000000000004,0.0
GPT-3.5-Turbo,H,LemmatizationError.py,Lemmatization,Error,25.0,,,6.0,,0.29600000000000004,
GPT-3.5-Turbo,H,LongestWordError.py,LongestWord,Error,15.0,,4.0,6.0,,0.29600000000000004,
GPT-3.5-Turbo,H,MahjongConnectError.py,MahjongConnect,Error,36.0,14.0,16.0,22.0,4.0,0.29600000000000004,0.0
GPT-3.5-Turbo,H,ManacherFail.py,Manacher,Fail,5.0,,,3.0,,0.29600000000000004,
GPT-3.5-Turbo,H,MetricsCalculator2Fail.py,MetricsCalculator2,Fail,50.0,27.0,32.0,15.0,5.0,0.29600000000000004,0.0
GPT-3.5-Turbo,H,MetricsCalculatorFail.py,MetricsCalculator,Fail,38.0,,14.0,16.0,,0.29600000000000004,
GPT-3.5-Turbo,H,MinesweeperGameError.py,MinesweeperGame,Error,36.0,5.0,19.0,14.0,1.0,0.29600000000000004,0.0
GPT-3.5-Turbo,H,MovieBookingSystemPartialSuccess.py,MovieBookingSystem,PartialSuccess,30.0,,15.0,11.0,,0.29600000000000004,
GPT-3.5-Turbo,H,MovieTicketDBFail.py,MovieTicketDB,Fail,21.0,,,5.0,,0.29600000000000004,
GPT-3.5-Turbo,H,MusicPlayerFail.py,MusicPlayer,Fail,51.0,,18.0,17.0,,0.29600000000000004,
GPT-3.5-Turbo,H,NLPDataProcessor2PartialSuccess.py,NLPDataProcessor2,PartialSuccess,19.0,,2.0,5.0,,0.29600000000000004,
GPT-3.5-Turbo,H,NLPDataProcessorPartialSuccess.py,NLPDataProcessor,PartialSuccess,15.0,,1.0,5.0,,0.29600000000000004,
GPT-3.5-Turbo,H,NumberConverterSuccess.py,NumberConverter,Success,25.0,,,6.0,,0.29600000000000004,
GPT-3.5-Turbo,H,NumberWordFormatterFail.py,NumberWordFormatter,Fail,14.0,,,6.0,,0.29600000000000004,
GPT-3.5-Turbo,H,NumericEntityUnescaperSuccess.py,NumericEntityUnescaper,Success,9.0,5.0,1.0,4.0,1.0,0.29600000000000004,0.9444444444444444
GPT-3.5-Turbo,H,OrderFail.py,Order,Fail,22.0,,7.0,9.0,,0.29600000000000004,
GPT-3.5-Turbo,H,PageUtilPartialSuccess.py,PageUtil,PartialSuccess,35.0,,,5.0,,0.29600000000000004,
GPT-3.5-Turbo,H,PDFHandlerError.py,PDFHandler,Error,21.0,,4.0,6.0,,0.29600000000000004,
GPT-3.5-Turbo,H,PersonRequestError.py,PersonRequest,Error,18.0,26.0,5.0,10.0,7.0,0.29600000000000004,0.0
GPT-3.5-Turbo,H,PushBoxGamePartialSuccess.py,PushBoxGame,PartialSuccess,54.0,,22.0,15.0,,0.29600000000000004,
GPT-3.5-Turbo,H,RegexUtilsError.py,RegexUtils,Error,0.0,,,0.0,,0.29600000000000004,
GPT-3.5-Turbo,H,RPGCharacterFail.py,RPGCharacter,Fail,27.0,,2.0,8.0,,0.29600000000000004,
GPT-3.5-Turbo,H,ServerFail.py,Server,Fail,29.0,,9.0,10.0,,0.29600000000000004,
GPT-3.5-Turbo,H,ShoppingCartSuccess.py,ShoppingCart,Success,17.0,,4.0,8.0,,0.29600000000000004,
GPT-3.5-Turbo,H,SignInSystemSuccess.py,SignInSystem,Success,31.0,,12.0,13.0,,0.29600000000000004,
GPT-3.5-Turbo,H,SnakeError.py,Snake,Error,42.0,6.0,6.0,8.0,3.0,0.29600000000000004,0.0
GPT-3.5-Turbo,H,SplitSentenceFail.py,SplitSentence,Fail,,,,,,0.29600000000000004,
GPT-3.5-Turbo,H,SQLGeneratorSuccess.py,SQLGenerator,Success,25.0,,4.0,9.0,,0.29600000000000004,
GPT-3.5-Turbo,H,SQLQueryBuilderSuccess.py,SQLQueryBuilder,Success,38.0,20.0,10.0,11.0,3.0,0.29600000000000004,0.9473684210526316
GPT-3.5-Turbo,H,Statistics3Error.py,Statistics3,Error,57.0,,9.0,13.0,,0.29600000000000004,
GPT-3.5-Turbo,H,StockPortfolioTrackerError.py,StockPortfolioTracker,Error,54.0,,8.0,13.0,,0.29600000000000004,
GPT-3.5-Turbo,H,StudentDatabaseProcessorFail.py,StudentDatabaseProcessor,Fail,31.0,,,5.0,,0.29600000000000004,
GPT-3.5-Turbo,H,TextFileProcessorError.py,TextFileProcessor,Error,22.0,,,6.0,,0.29600000000000004,
GPT-3.5-Turbo,H,ThermostatError.py,Thermostat,Error,38.0,,11.0,14.0,,0.29600000000000004,
GPT-3.5-Turbo,H,TicTacToeSuccess.py,TicTacToe,Success,27.0,2.0,14.0,13.0,1.0,0.29600000000000004,0.9925925925925926
GPT-3.5-Turbo,H,TimeUtilsSuccess.py,TimeUtils,Success,25.0,,,8.0,,0.29600000000000004,
GPT-3.5-Turbo,H,TriCalculatorFail.py,TriCalculator,Fail,27.0,5.0,3.0,8.0,1.0,0.29600000000000004,0.0
GPT-3.5-Turbo,H,TwentyFourPointGameError.py,TwentyFourPointGame,Error,19.0,10.0,2.0,5.0,2.0,0.29600000000000004,0.0
GPT-3.5-Turbo,H,URLHandlerFail.py,URLHandler,Fail,19.0,,1.0,7.0,,0.29600000000000004,
GPT-3.5-Turbo,H,UrlPathError.py,UrlPath,Error,14.0,,,4.0,,0.29600000000000004,
GPT-3.5-Turbo,H,UserLoginDBFail.py,UserLoginDB,Fail,26.0,,2.0,6.0,,0.29600000000000004,
GPT-3.5-Turbo,H,VectorUtilFail.py,VectorUtil,Fail,16.0,,,4.0,,0.29600000000000004,
GPT-3.5-Turbo,H,VendingMachineFail.py,VendingMachine,Fail,36.0,,15.0,12.0,,0.29600000000000004,
GPT-3.5-Turbo,H,WarehouseSuccess.py,Warehouse,Success,32.0,,12.0,14.0,,0.29600000000000004,
GPT-3.5-Turbo,H,WeatherSystemPartialSuccess.py,WeatherSystem,PartialSuccess,20.0,,3.0,7.0,,0.29600000000000004,
GPT-3.5-Turbo,H,Words2NumbersError.py,Words2Numbers,Error,37.0,,12.0,12.0,,0.29600000000000004,
GPT-3.5-Turbo,H,XMLProcessorError.py,XMLProcessor,Error,26.0,10.0,2.0,5.0,2.0,0.29600000000000004,0.0
GPT-3.5-Turbo,H,ZipFileProcessorError.py,ZipFileProcessor,Error,33.0,,5.0,6.0,,0.29600000000000004,
GPT-3.5-Turbo,C,AccessGatewayFilterError.py,AccessGatewayFilter,Error,26.0,5.0,8.0,9.0,1.0,0.182,0.0
GPT-3.5-Turbo,C,AreaCalculatorFail.py,AreaCalculator,Fail,17.0,,,6.0,,0.182,
GPT-3.5-Turbo,C,ArgumentParserError.py,ArgumentParser,Error,39.0,,17.0,12.0,,0.182,
GPT-3.5-Turbo,C,ArrangementCalculatorError.py,ArrangementCalculator,Error,,,,,,0.182,
GPT-3.5-Turbo,C,AssessmentSystemSuccess.py,AssessmentSystem,Success,44.0,,19.0,17.0,,0.182,
GPT-3.5-Turbo,C,AutomaticGuitarSimulatorFail.py,AutomaticGuitarSimulator,Fail,17.0,,6.0,7.0,,0.182,
GPT-3.5-Turbo,C,AvgPartitionSuccess.py,AvgPartition,Success,14.0,5.0,1.0,4.0,1.0,0.182,0.9642857142857143
GPT-3.5-Turbo,C,BalancedBracketsSuccess.py,BalancedBrackets,Success,23.0,,14.0,10.0,,0.182,
GPT-3.5-Turbo,C,BankAccountPartialSuccess.py,BankAccount,PartialSuccess,24.0,,5.0,9.0,,0.182,
GPT-3.5-Turbo,C,BigNumCalculatorError.py,BigNumCalculator,Error,12.0,,,3.0,,0.182,
GPT-3.5-Turbo,C,BinaryDataProcessorError.py,BinaryDataProcessor,Error,24.0,,1.0,6.0,,0.182,
GPT-3.5-Turbo,C,BitStatusUtilError.py,BitStatusUtil,Error,20.0,,9.0,11.0,,0.182,
GPT-3.5-Turbo,C,BlackjackGamePartialSuccess.py,BlackjackGame,PartialSuccess,44.0,,18.0,13.0,,0.182,
GPT-3.5-Turbo,C,BookManagementDBError.py,BookManagementDB,Error,34.0,,,7.0,,0.182,
GPT-3.5-Turbo,C,BookManagementFail.py,BookManagement,Fail,24.0,,9.0,9.0,,0.182,
GPT-3.5-Turbo,C,BoyerMooreSearchError.py,BoyerMooreSearch,Error,31.0,6.0,15.0,12.0,3.0,0.182,0.0
GPT-3.5-Turbo,C,CalculatorSuccess.py,Calculator,Success,46.0,,14.0,11.0,,0.182,
GPT-3.5-Turbo,C,CalendarUtilError.py,CalendarUtil,Error,,,,,,0.182,
GPT-3.5-Turbo,C,CamelCaseMapError.py,CamelCaseMap,Error,25.0,,,8.0,,0.182,
GPT-3.5-Turbo,C,ChandrasekharSieveSuccess.py,ChandrasekharSieve,Success,18.0,,9.0,8.0,,0.182,
GPT-3.5-Turbo,C,ChatFail.py,Chat,Fail,28.0,,9.0,10.0,,0.182,
GPT-3.5-Turbo,C,ClassRegistrationSystemSuccess.py,ClassRegistrationSystem,Success,37.0,,17.0,16.0,,0.182,
GPT-3.5-Turbo,C,ClassroomPartialSuccess.py,Classroom,PartialSuccess,25.0,,11.0,14.0,,0.182,
GPT-3.5-Turbo,C,CombinationCalculatorError.py,CombinationCalculator,Error,,,,,,0.182,
GPT-3.5-Turbo,C,ComplexCalculatorError.py,ComplexCalculator,Error,20.0,5.0,,5.0,1.0,0.182,0.0
GPT-3.5-Turbo,C,CookiesUtilError.py,CookiesUtil,Error,20.0,,1.0,4.0,,0.182,
GPT-3.5-Turbo,C,CSVProcessorFail.py,CSVProcessor,Fail,20.0,5.0,1.0,3.0,1.0,0.182,0.0
GPT-3.5-Turbo,C,CurrencyConverterFail.py,CurrencyConverter,Fail,33.0,,7.0,10.0,,0.182,
GPT-3.5-Turbo,C,DatabaseProcessorSuccess.py,DatabaseProcessor,Success,39.0,,3.0,7.0,,0.182,
GPT-3.5-Turbo,C,DataStatistics2Error.py,DataStatistics2,Error,16.0,,,7.0,,0.182,
GPT-3.5-Turbo,C,DataStatistics4Fail.py,DataStatistics4,Fail,34.0,,1.0,5.0,,0.182,
GPT-3.5-Turbo,C,DataStatisticsSuccess.py,DataStatistics,Success,20.0,,2.0,5.0,,0.182,
GPT-3.5-Turbo,C,DecryptionUtilsFail.py,DecryptionUtils,Fail,39.0,,19.0,13.0,,0.182,
GPT-3.5-Turbo,C,DiscountStrategyFail.py,DiscountStrategy,Fail,43.0,20.0,10.0,12.0,4.0,0.182,0.0
GPT-3.5-Turbo,C,DocFileHandlerError.py,DocFileHandler,Error,59.0,,11.0,10.0,,0.182,
GPT-3.5-Turbo,C,EightPuzzlePartialSuccess.py,EightPuzzle,PartialSuccess,52.0,,25.0,18.0,,0.182,
GPT-3.5-Turbo,C,EmailClientError.py,EmailClient,Error,40.0,,8.0,12.0,,0.182,
GPT-3.5-Turbo,C,EncryptionUtilsFail.py,EncryptionUtils,Fail,43.0,,21.0,15.0,,0.182,
GPT-3.5-Turbo,C,ExcelProcessorError.py,ExcelProcessor,Error,30.0,7.0,4.0,7.0,2.0,0.182,0.0
GPT-3.5-Turbo,C,ExpressionCalculatorError.py,ExpressionCalculator,Error,54.0,,19.0,14.0,,0.182,
GPT-3.5-Turbo,C,FitnessTrackerPartialSuccess.py,FitnessTracker,PartialSuccess,36.0,7.0,8.0,7.0,2.0,0.182,0.0
GPT-3.5-Turbo,C,GomokuGameFail.py,GomokuGame,Fail,41.0,,24.0,21.0,,0.182,
GPT-3.5-Turbo,C,HotelSuccess.py,Hotel,Success,35.0,,16.0,13.0,,0.182,
GPT-3.5-Turbo,C,HRManagementSystemFail.py,HRManagementSystem,Fail,36.0,,9.0,11.0,,0.182,
GPT-3.5-Turbo,C,HtmlUtilError.py,HtmlUtil,Error,27.0,,1.0,4.0,,0.182,
GPT-3.5-Turbo,C,ImageProcessorError.py,ImageProcessor,Error,25.0,,7.0,10.0,,0.182,
GPT-3.5-Turbo,C,InterpolationError.py,Interpolation,Error,49.0,21.0,39.0,21.0,2.0,0.182,0.0
GPT-3.5-Turbo,C,IPAddressSuccess.py,IPAddress,Success,23.0,,9.0,11.0,,0.182,
GPT-3.5-Turbo,C,IpUtilError.py,IpUtil,Error,,,,,,0.182,
GPT-3.5-Turbo,C,JobMarketplaceError.py,JobMarketplace,Error,26.0,,6.0,11.0,,0.182,
GPT-3.5-Turbo,C,JSONProcessorPartialSuccess.py,JSONProcessor,PartialSuccess,31.0,5.0,5.0,6.0,1.0,0.182,0.0
GPT-3.5-Turbo,C,KappaCalculatorError.py,KappaCalculator,Error,,,,,,0.182,
GPT-3.5-Turbo,C,LemmatizationError.py,Lemmatization,Error,38.0,,10.0,8.0,,0.182,
GPT-3.5-Turbo,C,LongestWordPartialSuccess.py,LongestWord,PartialSuccess,16.0,,6.0,6.0,,0.182,
GPT-3.5-Turbo,C,MahjongConnectError.py,MahjongConnect,Error,41.0,4.0,16.0,22.0,2.0,0.182,0.0
GPT-3.5-Turbo,C,ManacherFail.py,Manacher,Fail,18.0,,5.0,8.0,,0.182,
GPT-3.5-Turbo,C,MetricsCalculator2Fail.py,MetricsCalculator2,Fail,,,,,,0.182,
GPT-3.5-Turbo,C,MetricsCalculatorPartialSuccess.py,MetricsCalculator,PartialSuccess,54.0,,28.0,25.0,,0.182,
GPT-3.5-Turbo,C,MinesweeperGameError.py,MinesweeperGame,Error,40.0,11.0,24.0,18.0,2.0,0.182,0.0
GPT-3.5-Turbo,C,MovieBookingSystemError.py,MovieBookingSystem,Error,32.0,,15.0,11.0,,0.182,
GPT-3.5-Turbo,C,MovieTicketDBError.py,MovieTicketDB,Error,28.0,,,5.0,,0.182,
GPT-3.5-Turbo,C,MusicPlayerFail.py,MusicPlayer,Fail,53.0,,18.0,18.0,,0.182,
GPT-3.5-Turbo,C,NLPDataProcessor2PartialSuccess.py,NLPDataProcessor2,PartialSuccess,16.0,,1.0,3.0,,0.182,
GPT-3.5-Turbo,C,NLPDataProcessorPartialSuccess.py,NLPDataProcessor,PartialSuccess,19.0,,2.0,7.0,,0.182,
GPT-3.5-Turbo,C,NumberConverterSuccess.py,NumberConverter,Success,,,,,,0.182,
GPT-3.5-Turbo,C,NumberWordFormatterError.py,NumberWordFormatter,Error,38.0,5.0,9.0,12.0,1.0,0.182,0.0
GPT-3.5-Turbo,C,NumericEntityUnescaperError.py,NumericEntityUnescaper,Error,8.0,5.0,1.0,4.0,1.0,0.182,0.0
GPT-3.5-Turbo,C,OrderFail.py,Order,Fail,28.0,,10.0,9.0,,0.182,
GPT-3.5-Turbo,C,PageUtilError.py,PageUtil,Error,42.0,,,5.0,,0.182,
GPT-3.5-Turbo,C,PDFHandlerError.py,PDFHandler,Error,21.0,,4.0,6.0,,0.182,
GPT-3.5-Turbo,C,PersonRequestSuccess.py,PersonRequest,Success,19.0,26.0,7.0,10.0,7.0,0.182,0.8631578947368421
GPT-3.5-Turbo,C,PushBoxGameSuccess.py,PushBoxGame,Success,60.0,8.0,29.0,15.0,1.0,0.182,0.9866666666666667
GPT-3.5-Turbo,C,RegexUtilsPartialSuccess.py,RegexUtils,PartialSuccess,28.0,,1.0,11.0,,0.182,
GPT-3.5-Turbo,C,RPGCharacterFail.py,RPGCharacter,Fail,31.0,,3.0,9.0,,0.182,
GPT-3.5-Turbo,C,ServerFail.py,Server,Fail,31.0,,9.0,10.0,,0.182,
GPT-3.5-Turbo,C,ShoppingCartSuccess.py,ShoppingCart,Success,19.0,,4.0,8.0,,0.182,
GPT-3.5-Turbo,C,SignInSystemError.py,SignInSystem,Error,31.0,,12.0,13.0,,0.182,
GPT-3.5-Turbo,C,SnakeFail.py,Snake,Fail,38.0,6.0,8.0,9.0,3.0,0.182,0.0
GPT-3.5-Turbo,C,SplitSentenceFail.py,SplitSentence,Fail,,,,,,0.182,
GPT-3.5-Turbo,C,SQLGeneratorSuccess.py,SQLGenerator,Success,31.0,,3.0,9.0,,0.182,
GPT-3.5-Turbo,C,SQLQueryBuilderSuccess.py,SQLQueryBuilder,Success,44.0,12.0,12.0,12.0,2.0,0.182,0.9727272727272728
GPT-3.5-Turbo,C,Statistics3Error.py,Statistics3,Error,49.0,,5.0,10.0,,0.182,
GPT-3.5-Turbo,C,StockPortfolioTrackerError.py,StockPortfolioTracker,Error,45.0,,10.0,16.0,,0.182,
GPT-3.5-Turbo,C,StudentDatabaseProcessorSuccess.py,StudentDatabaseProcessor,Success,35.0,,,5.0,,0.182,
GPT-3.5-Turbo,C,TextFileProcessorError.py,TextFileProcessor,Error,25.0,,1.0,6.0,,0.182,
GPT-3.5-Turbo,C,ThermostatError.py,Thermostat,Error,41.0,,13.0,15.0,,0.182,
GPT-3.5-Turbo,C,TicTacToePartialSuccess.py,TicTacToe,PartialSuccess,26.0,2.0,15.0,14.0,1.0,0.182,0.0
GPT-3.5-Turbo,C,TimeUtilsSuccess.py,TimeUtils,Success,26.0,,,8.0,,0.182,
GPT-3.5-Turbo,C,TriCalculatorFail.py,TriCalculator,Fail,29.0,5.0,3.0,9.0,1.0,0.182,0.0
GPT-3.5-Turbo,C,TwentyFourPointGameFail.py,TwentyFourPointGame,Fail,18.0,5.0,1.0,5.0,1.0,0.182,0.0
GPT-3.5-Turbo,C,URLHandlerError.py,URLHandler,Error,18.0,,,6.0,,0.182,
GPT-3.5-Turbo,C,UrlPathFail.py,UrlPath,Fail,13.0,,,4.0,,0.182,
GPT-3.5-Turbo,C,UserLoginDBFail.py,UserLoginDB,Fail,26.0,,2.0,6.0,,0.182,
GPT-3.5-Turbo,C,VectorUtilError.py,VectorUtil,Error,,,,,,0.182,
GPT-3.5-Turbo,C,VendingMachinePartialSuccess.py,VendingMachine,PartialSuccess,38.0,,15.0,12.0,,0.182,
GPT-3.5-Turbo,C,WarehouseError.py,Warehouse,Error,33.0,,11.0,14.0,,0.182,
GPT-3.5-Turbo,C,WeatherSystemPartialSuccess.py,WeatherSystem,PartialSuccess,29.0,,8.0,8.0,,0.182,
GPT-3.5-Turbo,C,Words2NumbersError.py,Words2Numbers,Error,48.0,11.0,21.0,13.0,2.0,0.182,0.0
GPT-3.5-Turbo,C,XMLProcessorError.py,XMLProcessor,Error,30.0,,2.0,6.0,,0.182,
GPT-3.5-Turbo,C,ZipFileProcessorSuccess.py,ZipFileProcessor,Success,36.0,,5.0,6.0,,0.182,
GPT-3.5-Turbo,I,AccessGatewayFilterError.py,AccessGatewayFilter,Error,30.0,5.0,13.0,12.0,1.0,0.256,0.0
GPT-3.5-Turbo,I,AreaCalculatorFail.py,AreaCalculator,Fail,21.0,,,6.0,,0.256,
GPT-3.5-Turbo,I,ArgumentParserError.py,ArgumentParser,Error,52.0,,23.0,14.0,,0.256,
GPT-3.5-Turbo,I,ArrangementCalculatorError.py,ArrangementCalculator,Error,,,,,,0.256,
GPT-3.5-Turbo,I,AssessmentSystemSuccess.py,AssessmentSystem,Success,43.0,,20.0,19.0,,0.256,
GPT-3.5-Turbo,I,AutomaticGuitarSimulatorFail.py,AutomaticGuitarSimulator,Fail,14.0,,2.0,5.0,,0.256,
GPT-3.5-Turbo,I,AvgPartitionPartialSuccess.py,AvgPartition,PartialSuccess,16.0,5.0,1.0,4.0,1.0,0.256,0.0
GPT-3.5-Turbo,I,BalancedBracketsSuccess.py,BalancedBrackets,Success,24.0,,14.0,10.0,,0.256,
GPT-3.5-Turbo,I,BankAccountSuccess.py,BankAccount,Success,24.0,6.0,5.0,10.0,1.0,0.256,0.975
GPT-3.5-Turbo,I,BigNumCalculatorError.py,BigNumCalculator,Error,,,,,,0.256,
GPT-3.5-Turbo,I,BinaryDataProcessorError.py,BinaryDataProcessor,Error,30.0,,1.0,6.0,,0.256,
GPT-3.5-Turbo,I,BitStatusUtilError.py,BitStatusUtil,Error,,,,,,0.256,
GPT-3.5-Turbo,I,BlackjackGamePartialSuccess.py,BlackjackGame,PartialSuccess,44.0,,18.0,13.0,,0.256,
GPT-3.5-Turbo,I,BookManagementDBError.py,BookManagementDB,Error,31.0,,,7.0,,0.256,
GPT-3.5-Turbo,I,BookManagementFail.py,BookManagement,Fail,23.0,,9.0,9.0,,0.256,
GPT-3.5-Turbo,I,BoyerMooreSearchError.py,BoyerMooreSearch,Error,29.0,8.0,14.0,11.0,4.0,0.256,0.0
GPT-3.5-Turbo,I,CalculatorFail.py,Calculator,Fail,40.0,,9.0,7.0,,0.256,
GPT-3.5-Turbo,I,CalendarUtilError.py,CalendarUtil,Error,,,,,,0.256,
GPT-3.5-Turbo,I,CamelCaseMapError.py,CamelCaseMap,Error,22.0,,,8.0,,0.256,
GPT-3.5-Turbo,I,ChandrasekharSieveSuccess.py,ChandrasekharSieve,Success,18.0,,9.0,8.0,,0.256,
GPT-3.5-Turbo,I,ChatFail.py,Chat,Fail,35.0,,13.0,12.0,,0.256,
GPT-3.5-Turbo,I,ClassRegistrationSystemSuccess.py,ClassRegistrationSystem,Success,46.0,9.0,30.0,20.0,1.0,0.256,0.9804347826086957
GPT-3.5-Turbo,I,ClassroomSuccess.py,Classroom,Success,23.0,,7.0,11.0,,0.256,
GPT-3.5-Turbo,I,CombinationCalculatorError.py,CombinationCalculator,Error,,,,,,0.256,
GPT-3.5-Turbo,I,ComplexCalculatorError.py,ComplexCalculator,Error,19.0,5.0,,5.0,1.0,0.256,0.0
GPT-3.5-Turbo,I,CookiesUtilError.py,CookiesUtil,Error,21.0,,1.0,4.0,,0.256,
GPT-3.5-Turbo,I,CSVProcessorSuccess.py,CSVProcessor,Success,30.0,7.0,2.0,4.0,2.0,0.256,0.9766666666666667
GPT-3.5-Turbo,I,CurrencyConverterFail.py,CurrencyConverter,Fail,32.0,,6.0,8.0,,0.256,
GPT-3.5-Turbo,I,DatabaseProcessorSuccess.py,DatabaseProcessor,Success,39.0,,3.0,7.0,,0.256,
GPT-3.5-Turbo,I,DataStatistics2Success.py,DataStatistics2,Success,18.0,,,7.0,,0.256,
GPT-3.5-Turbo,I,DataStatistics4Fail.py,DataStatistics4,Fail,,,,,,0.256,
GPT-3.5-Turbo,I,DataStatisticsError.py,DataStatistics,Error,22.0,,4.0,6.0,,0.256,
GPT-3.5-Turbo,I,DecryptionUtilsFail.py,DecryptionUtils,Fail,37.0,,18.0,13.0,,0.256,
GPT-3.5-Turbo,I,DiscountStrategyError.py,DiscountStrategy,Error,44.0,15.0,10.0,13.0,3.0,0.256,0.0
GPT-3.5-Turbo,I,DocFileHandlerError.py,DocFileHandler,Error,56.0,15.0,14.0,10.0,3.0,0.256,0.0
GPT-3.5-Turbo,I,EightPuzzleSuccess.py,EightPuzzle,Success,49.0,,22.0,17.0,,0.256,
GPT-3.5-Turbo,I,EmailClientError.py,EmailClient,Error,39.0,,8.0,11.0,,0.256,
GPT-3.5-Turbo,I,EncryptionUtilsError.py,EncryptionUtils,Error,36.0,,18.0,14.0,,0.256,
GPT-3.5-Turbo,I,ExcelProcessorError.py,ExcelProcessor,Error,36.0,7.0,8.0,8.0,2.0,0.256,0.0
GPT-3.5-Turbo,I,ExpressionCalculatorError.py,ExpressionCalculator,Error,,,,,,0.256,
GPT-3.5-Turbo,I,FitnessTrackerSuccess.py,FitnessTracker,Success,43.0,9.0,12.0,8.0,3.0,0.256,0.9790697674418605
GPT-3.5-Turbo,I,GomokuGameSuccess.py,GomokuGame,Success,54.0,26.0,51.0,20.0,1.0,0.256,0.9518518518518518
GPT-3.5-Turbo,I,HotelSuccess.py,Hotel,Success,38.0,,16.0,14.0,,0.256,
GPT-3.5-Turbo,I,HRManagementSystemFail.py,HRManagementSystem,Fail,31.0,,9.0,11.0,,0.256,
GPT-3.5-Turbo,I,HtmlUtilError.py,HtmlUtil,Error,,,,,,0.256,
GPT-3.5-Turbo,I,ImageProcessorError.py,ImageProcessor,Error,27.0,8.0,8.0,10.0,1.0,0.256,0.0
GPT-3.5-Turbo,I,InterpolationError.py,Interpolation,Error,,,,,,0.256,
GPT-3.5-Turbo,I,IPAddressSuccess.py,IPAddress,Success,23.0,,9.0,11.0,,0.256,
GPT-3.5-Turbo,I,IpUtilError.py,IpUtil,Error,,,,,,0.256,
GPT-3.5-Turbo,I,JobMarketplaceError.py,JobMarketplace,Error,20.0,,,9.0,,0.256,
GPT-3.5-Turbo,I,JSONProcessorPartialSuccess.py,JSONProcessor,PartialSuccess,28.0,10.0,7.0,7.0,2.0,0.256,0.0
GPT-3.5-Turbo,I,KappaCalculatorError.py,KappaCalculator,Error,,,,,,0.256,
GPT-3.5-Turbo,I,LemmatizationError.py,Lemmatization,Error,33.0,,7.0,6.0,,0.256,
GPT-3.5-Turbo,I,LongestWordPartialSuccess.py,LongestWord,PartialSuccess,16.0,,6.0,6.0,,0.256,
GPT-3.5-Turbo,I,MahjongConnectError.py,MahjongConnect,Error,40.0,4.0,17.0,23.0,2.0,0.256,0.0
GPT-3.5-Turbo,I,ManacherFail.py,Manacher,Fail,35.0,,12.0,12.0,,0.256,
GPT-3.5-Turbo,I,MetricsCalculator2Fail.py,MetricsCalculator2,Fail,,,,,,0.256,
GPT-3.5-Turbo,I,MetricsCalculatorFail.py,MetricsCalculator,Fail,41.0,,16.0,15.0,,0.256,
GPT-3.5-Turbo,I,MinesweeperGameError.py,MinesweeperGame,Error,41.0,11.0,24.0,18.0,2.0,0.256,0.0
GPT-3.5-Turbo,I,MovieBookingSystemFail.py,MovieBookingSystem,Fail,30.0,,15.0,11.0,,0.256,
GPT-3.5-Turbo,I,MovieTicketDBFail.py,MovieTicketDB,Fail,24.0,,,5.0,,0.256,
GPT-3.5-Turbo,I,MusicPlayerFail.py,MusicPlayer,Fail,53.0,,14.0,17.0,,0.256,
GPT-3.5-Turbo,I,NLPDataProcessor2Success.py,NLPDataProcessor2,Success,21.0,,1.0,4.0,,0.256,
GPT-3.5-Turbo,I,NLPDataProcessorPartialSuccess.py,NLPDataProcessor,PartialSuccess,14.0,,1.0,5.0,,0.256,
GPT-3.5-Turbo,I,NumberConverterSuccess.py,NumberConverter,Success,,,,,,0.256,
GPT-3.5-Turbo,I,NumberWordFormatterError.py,NumberWordFormatter,Error,52.0,,13.0,14.0,,0.256,
GPT-3.5-Turbo,I,NumericEntityUnescaperError.py,NumericEntityUnescaper,Error,8.0,5.0,1.0,4.0,1.0,0.256,0.0
GPT-3.5-Turbo,I,OrderFail.py,Order,Fail,25.0,,10.0,9.0,,0.256,
GPT-3.5-Turbo,I,PageUtilFail.py,PageUtil,Fail,35.0,,,5.0,,0.256,
GPT-3.5-Turbo,I,PDFHandlerError.py,PDFHandler,Error,21.0,,4.0,6.0,,0.256,
GPT-3.5-Turbo,I,PersonRequestSuccess.py,PersonRequest,Success,17.0,26.0,5.0,10.0,7.0,0.256,0.8470588235294118
GPT-3.5-Turbo,I,PushBoxGameSuccess.py,PushBoxGame,Success,64.0,8.0,29.0,15.0,1.0,0.256,0.9875
GPT-3.5-Turbo,I,RegexUtilsError.py,RegexUtils,Error,20.0,,,8.0,,0.256,
GPT-3.5-Turbo,I,RPGCharacterFail.py,RPGCharacter,Fail,33.0,,4.0,9.0,,0.256,
GPT-3.5-Turbo,I,ServerFail.py,Server,Fail,33.0,,9.0,10.0,,0.256,
GPT-3.5-Turbo,I,ShoppingCartSuccess.py,ShoppingCart,Success,19.0,,4.0,8.0,,0.256,
GPT-3.5-Turbo,I,SignInSystemSuccess.py,SignInSystem,Success,27.0,,9.0,12.0,,0.256,
GPT-3.5-Turbo,I,SnakeFail.py,Snake,Fail,38.0,6.0,6.0,8.0,3.0,0.256,0.0
GPT-3.5-Turbo,I,SplitSentencePartialSuccess.py,SplitSentence,PartialSuccess,,,,,,0.256,
GPT-3.5-Turbo,I,SQLGeneratorSuccess.py,SQLGenerator,Success,40.0,6.0,3.0,9.0,1.0,0.256,0.985
GPT-3.5-Turbo,I,SQLQueryBuilderSuccess.py,SQLQueryBuilder,Success,,,,,,0.256,
GPT-3.5-Turbo,I,Statistics3Error.py,Statistics3,Error,,,,,,0.256,
GPT-3.5-Turbo,I,StockPortfolioTrackerError.py,StockPortfolioTracker,Error,58.0,,15.0,15.0,,0.256,
GPT-3.5-Turbo,I,StudentDatabaseProcessorSuccess.py,StudentDatabaseProcessor,Success,31.0,,,5.0,,0.256,
GPT-3.5-Turbo,I,TextFileProcessorError.py,TextFileProcessor,Error,19.0,,,5.0,,0.256,
GPT-3.5-Turbo,I,ThermostatError.py,Thermostat,Error,40.0,,11.0,14.0,,0.256,
GPT-3.5-Turbo,I,TicTacToeSuccess.py,TicTacToe,Success,29.0,2.0,18.0,15.0,1.0,0.256,0.993103448275862
GPT-3.5-Turbo,I,TimeUtilsSuccess.py,TimeUtils,Success,25.0,,,8.0,,0.256,
GPT-3.5-Turbo,I,TriCalculatorFail.py,TriCalculator,Fail,34.0,5.0,3.0,9.0,1.0,0.256,0.0
GPT-3.5-Turbo,I,TwentyFourPointGamePartialSuccess.py,TwentyFourPointGame,PartialSuccess,18.0,5.0,2.0,6.0,1.0,0.256,0.0
GPT-3.5-Turbo,I,URLHandlerError.py,URLHandler,Error,19.0,,,6.0,,0.256,
GPT-3.5-Turbo,I,UrlPathError.py,UrlPath,Error,13.0,,,4.0,,0.256,
GPT-3.5-Turbo,I,UserLoginDBFail.py,UserLoginDB,Fail,25.0,,3.0,7.0,,0.256,
GPT-3.5-Turbo,I,VectorUtilError.py,VectorUtil,Error,,,,,,0.256,
GPT-3.5-Turbo,I,VendingMachinePartialSuccess.py,VendingMachine,PartialSuccess,38.0,,15.0,12.0,,0.256,
GPT-3.5-Turbo,I,WarehouseSuccess.py,Warehouse,Success,32.0,,12.0,14.0,,0.256,
GPT-3.5-Turbo,I,WeatherSystemPartialSuccess.py,WeatherSystem,PartialSuccess,28.0,,8.0,9.0,,0.256,
GPT-3.5-Turbo,I,Words2NumbersError.py,Words2Numbers,Error,42.0,,13.0,10.0,,0.256,
GPT-3.5-Turbo,I,XMLProcessorFail.py,XMLProcessor,Fail,20.0,,1.0,4.0,,0.256,
GPT-3.5-Turbo,I,ZipFileProcessorSuccess.py,ZipFileProcessor,Success,35.0,,5.0,6.0,,0.256,
GPT-4-Turbo,H,AccessGatewayFilterError.py,AccessGatewayFilter,Error,27.0,,5.0,8.0,,0.376,
GPT-4-Turbo,H,AreaCalculatorSuccess.py,AreaCalculator,Success,14.0,,,6.0,,0.376,
GPT-4-Turbo,H,ArgumentParserFail.py,ArgumentParser,Fail,40.0,6.0,18.0,12.0,1.0,0.376,0.0
GPT-4-Turbo,H,ArrangementCalculatorFail.py,ArrangementCalculator,Fail,23.0,,4.0,9.0,,0.376,
GPT-4-Turbo,H,AssessmentSystemSuccess.py,AssessmentSystem,Success,19.0,,4.0,13.0,,0.376,
GPT-4-Turbo,H,AutomaticGuitarSimulatorFail.py,AutomaticGuitarSimulator,Fail,15.0,,3.0,7.0,,0.376,
GPT-4-Turbo,H,AvgPartitionSuccess.py,AvgPartition,Success,15.0,5.0,1.0,4.0,1.0,0.376,0.9666666666666667
GPT-4-Turbo,H,BalancedBracketsSuccess.py,BalancedBrackets,Success,19.0,,10.0,8.0,,0.376,
GPT-4-Turbo,H,BankAccountSuccess.py,BankAccount,Success,20.0,,3.0,8.0,,0.376,
GPT-4-Turbo,H,BigNumCalculatorSuccess.py,BigNumCalculator,Success,10.0,,,3.0,,0.376,
GPT-4-Turbo,H,BinaryDataProcessorFail.py,BinaryDataProcessor,Fail,17.0,,,6.0,,0.376,
GPT-4-Turbo,H,BitStatusUtilSuccess.py,BitStatusUtil,Success,21.0,,6.0,8.0,,0.376,
GPT-4-Turbo,H,BlackjackGameFail.py,BlackjackGame,Fail,40.0,,16.0,12.0,,0.376,
GPT-4-Turbo,H,BookManagementDBError.py,BookManagementDB,Error,42.0,,,7.0,,0.376,
GPT-4-Turbo,H,BookManagementPartialSuccess.py,BookManagement,PartialSuccess,25.0,,12.0,10.0,,0.376,
GPT-4-Turbo,H,BoyerMooreSearchPartialSuccess.py,BoyerMooreSearch,PartialSuccess,24.0,10.0,10.0,10.0,5.0,0.376,0.0
GPT-4-Turbo,H,CalculatorSuccess.py,Calculator,Success,40.0,,16.0,14.0,,0.376,
GPT-4-Turbo,H,CalendarUtilPartialSuccess.py,CalendarUtil,PartialSuccess,31.0,,17.0,20.0,,0.376,
GPT-4-Turbo,H,CamelCaseMapSuccess.py,CamelCaseMap,Success,19.0,,,8.0,,0.376,
GPT-4-Turbo,H,ChandrasekharSieveSuccess.py,ChandrasekharSieve,Success,15.0,,6.0,7.0,,0.376,
GPT-4-Turbo,H,ChatError.py,Chat,Error,28.0,,9.0,10.0,,0.376,
GPT-4-Turbo,H,ClassRegistrationSystemFail.py,ClassRegistrationSystem,Fail,26.0,5.0,7.0,11.0,1.0,0.376,0.0
GPT-4-Turbo,H,ClassroomFail.py,Classroom,Fail,25.0,,8.0,12.0,,0.376,
GPT-4-Turbo,H,CombinationCalculatorError.py,CombinationCalculator,Error,19.0,,1.0,6.0,,0.376,
GPT-4-Turbo,H,ComplexCalculatorSuccess.py,ComplexCalculator,Success,15.0,5.0,,5.0,1.0,0.376,0.9666666666666667
GPT-4-Turbo,H,CookiesUtilError.py,CookiesUtil,Error,23.0,,2.0,4.0,,0.376,
GPT-4-Turbo,H,CSVProcessorSuccess.py,CSVProcessor,Success,24.0,12.0,1.0,4.0,3.0,0.376,0.95
GPT-4-Turbo,H,CurrencyConverterSuccess.py,CurrencyConverter,Success,25.0,,4.0,9.0,,0.376,
GPT-4-Turbo,H,DatabaseProcessorError.py,DatabaseProcessor,Error,19.0,,2.0,7.0,,0.376,
GPT-4-Turbo,H,DataStatistics2Error.py,DataStatistics2,Error,16.0,,,7.0,,0.376,
GPT-4-Turbo,H,DataStatistics4Fail.py,DataStatistics4,Fail,16.0,,,4.0,,0.376,
GPT-4-Turbo,H,DataStatisticsSuccess.py,DataStatistics,Success,15.0,,2.0,5.0,,0.376,
GPT-4-Turbo,H,DecryptionUtilsFail.py,DecryptionUtils,Fail,42.0,,19.0,14.0,,0.376,
GPT-4-Turbo,H,DiscountStrategySuccess.py,DiscountStrategy,Success,31.0,15.0,7.0,11.0,3.0,0.376,0.9516129032258065
GPT-4-Turbo,H,DocFileHandlerError.py,DocFileHandler,Error,34.0,,7.0,9.0,,0.376,
GPT-4-Turbo,H,EightPuzzleError.py,EightPuzzle,Error,44.0,,19.0,16.0,,0.376,
GPT-4-Turbo,H,EmailClientPartialSuccess.py,EmailClient,PartialSuccess,28.0,,8.0,11.0,,0.376,
GPT-4-Turbo,H,EncryptionUtilsPartialSuccess.py,EncryptionUtils,PartialSuccess,37.0,,20.0,14.0,,0.376,
GPT-4-Turbo,H,ExcelProcessorError.py,ExcelProcessor,Error,31.0,7.0,4.0,7.0,2.0,0.376,0.0
GPT-4-Turbo,H,ExpressionCalculatorError.py,ExpressionCalculator,Error,55.0,,23.0,16.0,,0.376,
GPT-4-Turbo,H,FitnessTrackerSuccess.py,FitnessTracker,Success,32.0,7.0,8.0,7.0,2.0,0.376,0.978125
GPT-4-Turbo,H,GomokuGameError.py,GomokuGame,Error,29.0,,21.0,14.0,,0.376,
GPT-4-Turbo,H,HotelSuccess.py,Hotel,Success,42.0,,27.0,15.0,,0.376,
GPT-4-Turbo,H,HRManagementSystemFail.py,HRManagementSystem,Fail,28.0,,8.0,10.0,,0.376,
GPT-4-Turbo,H,HtmlUtilError.py,HtmlUtil,Error,22.0,,1.0,5.0,,0.376,
GPT-4-Turbo,H,ImageProcessorError.py,ImageProcessor,Error,19.0,,4.0,10.0,,0.376,
GPT-4-Turbo,H,InterpolationError.py,Interpolation,Error,12.0,5.0,,3.0,1.0,0.376,0.0
GPT-4-Turbo,H,IPAddressSuccess.py,IPAddress,Success,21.0,,9.0,10.0,,0.376,
GPT-4-Turbo,H,IpUtilError.py,IpUtil,Error,29.0,,6.0,3.0,,0.376,
GPT-4-Turbo,H,JobMarketplaceError.py,JobMarketplace,Error,18.0,,,10.0,,0.376,
GPT-4-Turbo,H,JSONProcessorPartialSuccess.py,JSONProcessor,PartialSuccess,31.0,,7.0,7.0,,0.376,
GPT-4-Turbo,H,KappaCalculatorError.py,KappaCalculator,Error,16.0,8.0,,2.0,4.0,0.376,0.0
GPT-4-Turbo,H,LemmatizationError.py,Lemmatization,Error,25.0,,5.0,6.0,,0.376,
GPT-4-Turbo,H,LongestWordPartialSuccess.py,LongestWord,PartialSuccess,17.0,,5.0,7.0,,0.376,
GPT-4-Turbo,H,MahjongConnectError.py,MahjongConnect,Error,36.0,24.0,16.0,18.0,6.0,0.376,0.0
GPT-4-Turbo,H,ManacherFail.py,Manacher,Fail,19.0,,7.0,9.0,,0.376,
GPT-4-Turbo,H,MetricsCalculator2Fail.py,MetricsCalculator2,Fail,26.0,10.0,13.0,10.0,2.0,0.376,0.0
GPT-4-Turbo,H,MetricsCalculatorError.py,MetricsCalculator,Error,28.0,,12.0,10.0,,0.376,
GPT-4-Turbo,H,MinesweeperGameError.py,MinesweeperGame,Error,37.0,10.0,23.0,17.0,2.0,0.376,0.0
GPT-4-Turbo,H,MovieBookingSystemSuccess.py,MovieBookingSystem,Success,26.0,,15.0,11.0,,0.376,
GPT-4-Turbo,H,MovieTicketDBSuccess.py,MovieTicketDB,Success,32.0,,,5.0,,0.376,
GPT-4-Turbo,H,MusicPlayerSuccess.py,MusicPlayer,Success,54.0,,19.0,18.0,,0.376,
GPT-4-Turbo,H,NLPDataProcessor2Success.py,NLPDataProcessor2,Success,18.0,,2.0,5.0,,0.376,
GPT-4-Turbo,H,NLPDataProcessorPartialSuccess.py,NLPDataProcessor,PartialSuccess,8.0,,,4.0,,0.376,
GPT-4-Turbo,H,NumberConverterSuccess.py,NumberConverter,Success,19.0,,,6.0,,0.376,
GPT-4-Turbo,H,NumberWordFormatterFail.py,NumberWordFormatter,Fail,29.0,,6.0,9.0,,0.376,
GPT-4-Turbo,H,NumericEntityUnescaperSuccess.py,NumericEntityUnescaper,Success,10.0,5.0,,3.0,1.0,0.376,0.95
GPT-4-Turbo,H,OrderSuccess.py,Order,Success,25.0,5.0,9.0,9.0,1.0,0.376,0.98
GPT-4-Turbo,H,PageUtilPartialSuccess.py,PageUtil,PartialSuccess,33.0,,,5.0,,0.376,
GPT-4-Turbo,H,PDFHandlerError.py,PDFHandler,Error,23.0,,6.0,7.0,,0.376,
GPT-4-Turbo,H,PersonRequestSuccess.py,PersonRequest,Success,17.0,26.0,5.0,10.0,7.0,0.376,0.8470588235294118
GPT-4-Turbo,H,PushBoxGameError.py,PushBoxGame,Error,37.0,,20.0,13.0,,0.376,
GPT-4-Turbo,H,RegexUtilsSuccess.py,RegexUtils,Success,25.0,,,10.0,,0.376,
GPT-4-Turbo,H,RPGCharacterSuccess.py,RPGCharacter,Success,32.0,,4.0,10.0,,0.376,
GPT-4-Turbo,H,ServerPartialSuccess.py,Server,PartialSuccess,32.0,,9.0,10.0,,0.376,
GPT-4-Turbo,H,ShoppingCartSuccess.py,ShoppingCart,Success,21.0,,7.0,9.0,,0.376,
GPT-4-Turbo,H,SignInSystemSuccess.py,SignInSystem,Success,21.0,,4.0,9.0,,0.376,
GPT-4-Turbo,H,SnakeError.py,Snake,Error,37.0,6.0,10.0,11.0,3.0,0.376,0.0
GPT-4-Turbo,H,SplitSentenceFail.py,SplitSentence,Fail,,,,,,0.376,
GPT-4-Turbo,H,SQLGeneratorSuccess.py,SQLGenerator,Success,31.0,,3.0,9.0,,0.376,
GPT-4-Turbo,H,SQLQueryBuilderSuccess.py,SQLQueryBuilder,Success,26.0,12.0,3.0,7.0,2.0,0.376,0.9538461538461538
GPT-4-Turbo,H,Statistics3Fail.py,Statistics3,Fail,34.0,,,8.0,,0.376,
GPT-4-Turbo,H,StockPortfolioTrackerError.py,StockPortfolioTracker,Error,40.0,5.0,14.0,16.0,1.0,0.376,0.0
GPT-4-Turbo,H,StudentDatabaseProcessorSuccess.py,StudentDatabaseProcessor,Success,44.0,,,5.0,,0.376,
GPT-4-Turbo,H,TextFileProcessorError.py,TextFileProcessor,Error,23.0,,,5.0,,0.376,
GPT-4-Turbo,H,ThermostatError.py,Thermostat,Error,40.0,,13.0,16.0,,0.376,
GPT-4-Turbo,H,TicTacToeSuccess.py,TicTacToe,Success,27.0,2.0,14.0,13.0,1.0,0.376,0.9925925925925926
GPT-4-Turbo,H,TimeUtilsFail.py,TimeUtils,Fail,22.0,,,8.0,,0.376,
GPT-4-Turbo,H,TriCalculatorFail.py,TriCalculator,Fail,29.0,15.0,4.0,9.0,3.0,0.376,0.0
GPT-4-Turbo,H,TwentyFourPointGamePartialSuccess.py,TwentyFourPointGame,PartialSuccess,15.0,5.0,1.0,5.0,1.0,0.376,0.0
GPT-4-Turbo,H,URLHandlerFail.py,URLHandler,Fail,14.0,,,6.0,,0.376,
GPT-4-Turbo,H,UrlPathFail.py,UrlPath,Fail,14.0,,,4.0,,0.376,
GPT-4-Turbo,H,UserLoginDBError.py,UserLoginDB,Error,19.0,,,6.0,,0.376,
GPT-4-Turbo,H,VectorUtilSuccess.py,VectorUtil,Success,20.0,,,4.0,,0.376,
GPT-4-Turbo,H,VendingMachinePartialSuccess.py,VendingMachine,PartialSuccess,27.0,,7.0,11.0,,0.376,
GPT-4-Turbo,H,WarehouseSuccess.py,Warehouse,Success,33.0,,12.0,14.0,,0.376,
GPT-4-Turbo,H,WeatherSystemPartialSuccess.py,WeatherSystem,PartialSuccess,19.0,,1.0,6.0,,0.376,
GPT-4-Turbo,H,Words2NumbersError.py,Words2Numbers,Error,35.0,20.0,12.0,12.0,1.0,0.376,0.0
GPT-4-Turbo,H,XMLProcessorFail.py,XMLProcessor,Fail,23.0,,2.0,6.0,,0.376,
GPT-4-Turbo,H,ZipFileProcessorSuccess.py,ZipFileProcessor,Success,35.0,,5.0,6.0,,0.376,
GPT-4-Turbo,C,AccessGatewayFilterFail.py,AccessGatewayFilter,Fail,32.0,5.0,5.0,8.0,1.0,0.296,0.0
GPT-4-Turbo,C,AreaCalculatorSuccess.py,AreaCalculator,Success,19.0,,,6.0,,0.296,
GPT-4-Turbo,C,ArgumentParserError.py,ArgumentParser,Error,40.0,9.0,21.0,13.0,1.0,0.296,0.0
GPT-4-Turbo,C,ArrangementCalculatorFail.py,ArrangementCalculator,Fail,29.0,,7.0,11.0,,0.296,
GPT-4-Turbo,C,AssessmentSystemSuccess.py,AssessmentSystem,Success,48.0,,22.0,19.0,,0.296,
GPT-4-Turbo,C,AutomaticGuitarSimulatorFail.py,AutomaticGuitarSimulator,Fail,16.0,,3.0,7.0,,0.296,
GPT-4-Turbo,C,AvgPartitionSuccess.py,AvgPartition,Success,16.0,5.0,3.0,6.0,1.0,0.296,0.96875
GPT-4-Turbo,C,BalancedBracketsSuccess.py,BalancedBrackets,Success,19.0,,11.0,9.0,,0.296,
GPT-4-Turbo,C,BankAccountPartialSuccess.py,BankAccount,PartialSuccess,25.0,,7.0,8.0,,0.296,
GPT-4-Turbo,C,BigNumCalculatorSuccess.py,BigNumCalculator,Success,19.0,,,3.0,,0.296,
GPT-4-Turbo,C,BinaryDataProcessorFail.py,BinaryDataProcessor,Fail,28.0,,1.0,7.0,,0.296,
GPT-4-Turbo,C,BitStatusUtilSuccess.py,BitStatusUtil,Success,25.0,,13.0,15.0,,0.296,
GPT-4-Turbo,C,BlackjackGameFail.py,BlackjackGame,Fail,40.0,,16.0,12.0,,0.296,
GPT-4-Turbo,C,BookManagementDBError.py,BookManagementDB,Error,46.0,,3.0,7.0,,0.296,
GPT-4-Turbo,C,BookManagementPartialSuccess.py,BookManagement,PartialSuccess,25.0,,10.0,9.0,,0.296,
GPT-4-Turbo,C,BoyerMooreSearchSuccess.py,BoyerMooreSearch,Success,30.0,6.0,17.0,14.0,3.0,0.296,0.98
GPT-4-Turbo,C,CalculatorSuccess.py,Calculator,Success,48.0,,20.0,15.0,,0.296,
GPT-4-Turbo,C,CalendarUtilError.py,CalendarUtil,Error,,,,,,0.296,
GPT-4-Turbo,C,CamelCaseMapError.py,CamelCaseMap,Error,29.0,,4.0,10.0,,0.296,
GPT-4-Turbo,C,ChandrasekharSieveSuccess.py,ChandrasekharSieve,Success,13.0,,3.0,6.0,,0.296,
GPT-4-Turbo,C,ChatFail.py,Chat,Fail,24.0,,7.0,9.0,,0.296,
GPT-4-Turbo,C,ClassRegistrationSystemSuccess.py,ClassRegistrationSystem,Success,37.0,,19.0,16.0,,0.296,
GPT-4-Turbo,C,ClassroomPartialSuccess.py,Classroom,PartialSuccess,30.0,,12.0,16.0,,0.296,
GPT-4-Turbo,C,CombinationCalculatorError.py,CombinationCalculator,Error,34.0,31.0,6.0,12.0,8.0,0.296,0.0
GPT-4-Turbo,C,ComplexCalculatorSuccess.py,ComplexCalculator,Success,18.0,5.0,2.0,6.0,1.0,0.296,0.9722222222222222
GPT-4-Turbo,C,CookiesUtilError.py,CookiesUtil,Error,20.0,,1.0,4.0,,0.296,
GPT-4-Turbo,C,CSVProcessorSuccess.py,CSVProcessor,Success,30.0,7.0,2.0,4.0,2.0,0.296,0.9766666666666667
GPT-4-Turbo,C,CurrencyConverterSuccess.py,CurrencyConverter,Success,32.0,,7.0,10.0,,0.296,
GPT-4-Turbo,C,DatabaseProcessorSuccess.py,DatabaseProcessor,Success,44.0,,3.0,7.0,,0.296,
GPT-4-Turbo,C,DataStatistics2Error.py,DataStatistics2,Error,16.0,,,7.0,,0.296,
GPT-4-Turbo,C,DataStatistics4Error.py,DataStatistics4,Error,18.0,,1.0,5.0,,0.296,
GPT-4-Turbo,C,DataStatisticsSuccess.py,DataStatistics,Success,22.0,,4.0,6.0,,0.296,
GPT-4-Turbo,C,DecryptionUtilsFail.py,DecryptionUtils,Fail,55.0,13.0,31.0,21.0,1.0,0.296,0.0
GPT-4-Turbo,C,DiscountStrategyError.py,DiscountStrategy,Error,34.0,15.0,7.0,11.0,3.0,0.296,0.0
GPT-4-Turbo,C,DocFileHandlerError.py,DocFileHandler,Error,60.0,,11.0,11.0,,0.296,
GPT-4-Turbo,C,EightPuzzleError.py,EightPuzzle,Error,54.0,13.0,33.0,23.0,2.0,0.296,0.0
GPT-4-Turbo,C,EmailClientPartialSuccess.py,EmailClient,PartialSuccess,33.0,,9.0,12.0,,0.296,
GPT-4-Turbo,C,EncryptionUtilsFail.py,EncryptionUtils,Fail,35.0,,12.0,10.0,,0.296,
GPT-4-Turbo,C,ExcelProcessorError.py,ExcelProcessor,Error,27.0,7.0,6.0,8.0,2.0,0.296,0.0
GPT-4-Turbo,C,ExpressionCalculatorError.py,ExpressionCalculator,Error,70.0,15.0,32.0,20.0,2.0,0.296,0.0
GPT-4-Turbo,C,FitnessTrackerError.py,FitnessTracker,Error,36.0,9.0,11.0,9.0,3.0,0.296,0.0
GPT-4-Turbo,C,GomokuGameSuccess.py,GomokuGame,Success,34.0,5.0,25.0,21.0,1.0,0.296,0.9852941176470589
GPT-4-Turbo,C,HotelSuccess.py,Hotel,Success,51.0,,36.0,18.0,,0.296,
GPT-4-Turbo,C,HRManagementSystemFail.py,HRManagementSystem,Fail,33.0,,8.0,10.0,,0.296,
GPT-4-Turbo,C,HtmlUtilError.py,HtmlUtil,Error,27.0,2.0,1.0,5.0,1.0,0.296,0.0
GPT-4-Turbo,C,ImageProcessorError.py,ImageProcessor,Error,31.0,6.0,9.0,10.0,1.0,0.296,0.0
GPT-4-Turbo,C,InterpolationError.py,Interpolation,Error,24.0,5.0,7.0,6.0,1.0,0.296,0.0
GPT-4-Turbo,C,IPAddressSuccess.py,IPAddress,Success,26.0,,11.0,11.0,,0.296,
GPT-4-Turbo,C,IpUtilError.py,IpUtil,Error,23.0,5.0,6.0,6.0,1.0,0.296,0.0
GPT-4-Turbo,C,JobMarketplaceError.py,JobMarketplace,Error,36.0,,8.0,13.0,,0.296,
GPT-4-Turbo,C,JSONProcessorPartialSuccess.py,JSONProcessor,PartialSuccess,29.0,,6.0,6.0,,0.296,
GPT-4-Turbo,C,KappaCalculatorError.py,KappaCalculator,Error,16.0,12.0,,2.0,6.0,0.296,0.0
GPT-4-Turbo,C,LemmatizationError.py,Lemmatization,Error,28.0,,5.0,6.0,,0.296,
GPT-4-Turbo,C,LongestWordPartialSuccess.py,LongestWord,PartialSuccess,14.0,,1.0,5.0,,0.296,
GPT-4-Turbo,C,MahjongConnectPartialSuccess.py,MahjongConnect,PartialSuccess,42.0,14.0,16.0,20.0,4.0,0.296,0.0
GPT-4-Turbo,C,ManacherPartialSuccess.py,Manacher,PartialSuccess,24.0,,7.0,9.0,,0.296,
GPT-4-Turbo,C,MetricsCalculator2Fail.py,MetricsCalculator2,Fail,28.0,5.0,9.0,10.0,1.0,0.296,0.0
GPT-4-Turbo,C,MetricsCalculatorPartialSuccess.py,MetricsCalculator,PartialSuccess,47.0,,23.0,21.0,,0.296,
GPT-4-Turbo,C,MinesweeperGameError.py,MinesweeperGame,Error,37.0,10.0,22.0,16.0,2.0,0.296,0.0
GPT-4-Turbo,C,MovieBookingSystemError.py,MovieBookingSystem,Error,30.0,,17.0,12.0,,0.296,
GPT-4-Turbo,C,MovieTicketDBSuccess.py,MovieTicketDB,Success,28.0,,,5.0,,0.296,
GPT-4-Turbo,C,MusicPlayerSuccess.py,MusicPlayer,Success,51.0,,16.0,19.0,,0.296,
GPT-4-Turbo,C,NLPDataProcessor2Success.py,NLPDataProcessor2,Success,22.0,,1.0,4.0,,0.296,
GPT-4-Turbo,C,NLPDataProcessorPartialSuccess.py,NLPDataProcessor,PartialSuccess,12.0,,1.0,5.0,,0.296,
GPT-4-Turbo,C,NumberConverterError.py,NumberConverter,Error,24.0,,1.0,7.0,,0.296,
GPT-4-Turbo,C,NumberWordFormatterFail.py,NumberWordFormatter,Fail,69.0,6.0,30.0,21.0,1.0,0.296,0.0
GPT-4-Turbo,C,NumericEntityUnescaperError.py,NumericEntityUnescaper,Error,16.0,5.0,4.0,7.0,1.0,0.296,0.0
GPT-4-Turbo,C,OrderFail.py,Order,Fail,30.0,,12.0,10.0,,0.296,
GPT-4-Turbo,C,PageUtilPartialSuccess.py,PageUtil,PartialSuccess,36.0,,2.0,7.0,,0.296,
GPT-4-Turbo,C,PDFHandlerError.py,PDFHandler,Error,22.0,,6.0,7.0,,0.296,
GPT-4-Turbo,C,PersonRequestError.py,PersonRequest,Error,21.0,26.0,8.0,10.0,7.0,0.296,0.0
GPT-4-Turbo,C,PushBoxGameSuccess.py,PushBoxGame,Success,67.0,6.0,27.0,16.0,1.0,0.296,0.991044776119403
GPT-4-Turbo,C,RegexUtilsPartialSuccess.py,RegexUtils,PartialSuccess,29.0,,2.0,11.0,,0.296,
GPT-4-Turbo,C,RPGCharacterFail.py,RPGCharacter,Fail,32.0,,4.0,10.0,,0.296,
GPT-4-Turbo,C,ServerFail.py,Server,Fail,40.0,,13.0,12.0,,0.296,
GPT-4-Turbo,C,ShoppingCartSuccess.py,ShoppingCart,Success,25.0,,9.0,9.0,,0.296,
GPT-4-Turbo,C,SignInSystemSuccess.py,SignInSystem,Success,31.0,,12.0,13.0,,0.296,
GPT-4-Turbo,C,SnakePartialSuccess.py,Snake,PartialSuccess,41.0,6.0,13.0,13.0,3.0,0.296,0.0
GPT-4-Turbo,C,SplitSentencePartialSuccess.py,SplitSentence,PartialSuccess,,,,,,0.296,
GPT-4-Turbo,C,SQLGeneratorSuccess.py,SQLGenerator,Success,27.0,,4.0,9.0,,0.296,
GPT-4-Turbo,C,SQLQueryBuilderError.py,SQLQueryBuilder,Error,39.0,6.0,11.0,12.0,1.0,0.296,0.0
GPT-4-Turbo,C,Statistics3Error.py,Statistics3,Error,47.0,10.0,3.0,10.0,2.0,0.296,0.0
GPT-4-Turbo,C,StockPortfolioTrackerError.py,StockPortfolioTracker,Error,46.0,,17.0,16.0,,0.296,
GPT-4-Turbo,C,StudentDatabaseProcessorSuccess.py,StudentDatabaseProcessor,Success,40.0,,,5.0,,0.296,
GPT-4-Turbo,C,TextFileProcessorError.py,TextFileProcessor,Error,24.0,,1.0,5.0,,0.296,
GPT-4-Turbo,C,ThermostatError.py,Thermostat,Error,44.0,,14.0,16.0,,0.296,
GPT-4-Turbo,C,TicTacToeSuccess.py,TicTacToe,Success,31.0,2.0,21.0,19.0,1.0,0.296,0.9935483870967742
GPT-4-Turbo,C,TimeUtilsSuccess.py,TimeUtils,Success,25.0,,,8.0,,0.296,
GPT-4-Turbo,C,TriCalculatorFail.py,TriCalculator,Fail,27.0,10.0,3.0,8.0,2.0,0.296,0.0
GPT-4-Turbo,C,TwentyFourPointGamePartialSuccess.py,TwentyFourPointGame,PartialSuccess,25.0,5.0,4.0,6.0,1.0,0.296,0.0
GPT-4-Turbo,C,URLHandlerError.py,URLHandler,Error,23.0,,3.0,8.0,,0.296,
GPT-4-Turbo,C,UrlPathError.py,UrlPath,Error,14.0,,,5.0,,0.296,
GPT-4-Turbo,C,UserLoginDBFail.py,UserLoginDB,Fail,23.0,,2.0,6.0,,0.296,
GPT-4-Turbo,C,VectorUtilError.py,VectorUtil,Error,26.0,,1.0,5.0,,0.296,
GPT-4-Turbo,C,VendingMachinePartialSuccess.py,VendingMachine,PartialSuccess,35.0,,12.0,12.0,,0.296,
GPT-4-Turbo,C,WarehouseError.py,Warehouse,Error,38.0,,12.0,14.0,,0.296,
GPT-4-Turbo,C,WeatherSystemPartialSuccess.py,WeatherSystem,PartialSuccess,27.0,,9.0,9.0,,0.296,
GPT-4-Turbo,C,Words2NumbersError.py,Words2Numbers,Error,38.0,20.0,14.0,15.0,1.0,0.296,0.0
GPT-4-Turbo,C,XMLProcessorFail.py,XMLProcessor,Fail,30.0,,6.0,8.0,,0.296,
GPT-4-Turbo,C,ZipFileProcessorSuccess.py,ZipFileProcessor,Success,41.0,,8.0,7.0,,0.296,
GPT-4-Turbo,I,AccessGatewayFilterError.py,AccessGatewayFilter,Error,29.0,5.0,8.0,9.0,1.0,0.262,0.0
GPT-4-Turbo,I,AreaCalculatorSuccess.py,AreaCalculator,Success,14.0,,,6.0,,0.262,
GPT-4-Turbo,I,ArgumentParserError.py,ArgumentParser,Error,41.0,,15.0,11.0,,0.262,
GPT-4-Turbo,I,ArrangementCalculatorError.py,ArrangementCalculator,Error,31.0,,9.0,13.0,,0.262,
GPT-4-Turbo,I,AssessmentSystemSuccess.py,AssessmentSystem,Success,45.0,,20.0,19.0,,0.262,
GPT-4-Turbo,I,AutomaticGuitarSimulatorFail.py,AutomaticGuitarSimulator,Fail,16.0,,4.0,8.0,,0.262,
GPT-4-Turbo,I,AvgPartitionSuccess.py,AvgPartition,Success,20.0,5.0,4.0,5.0,1.0,0.262,0.975
GPT-4-Turbo,I,BalancedBracketsSuccess.py,BalancedBrackets,Success,20.0,,11.0,9.0,,0.262,
GPT-4-Turbo,I,BankAccountSuccess.py,BankAccount,Success,28.0,6.0,8.0,8.0,1.0,0.262,0.9785714285714285
GPT-4-Turbo,I,BigNumCalculatorError.py,BigNumCalculator,Error,9.0,,,3.0,,0.262,
GPT-4-Turbo,I,BinaryDataProcessorFail.py,BinaryDataProcessor,Fail,23.0,,,6.0,,0.262,
GPT-4-Turbo,I,BitStatusUtilError.py,BitStatusUtil,Error,25.0,6.0,13.0,14.0,1.0,0.262,0.0
GPT-4-Turbo,I,BlackjackGamePartialSuccess.py,BlackjackGame,PartialSuccess,43.0,6.0,19.0,12.0,1.0,0.262,0.0
GPT-4-Turbo,I,BookManagementDBError.py,BookManagementDB,Error,50.0,,,7.0,,0.262,
GPT-4-Turbo,I,BookManagementSuccess.py,BookManagement,Success,25.0,,12.0,10.0,,0.262,
GPT-4-Turbo,I,BoyerMooreSearchError.py,BoyerMooreSearch,Error,26.0,12.0,13.0,11.0,6.0,0.262,0.0
GPT-4-Turbo,I,CalculatorFail.py,Calculator,Fail,41.0,,11.0,8.0,,0.262,
GPT-4-Turbo,I,CalendarUtilError.py,CalendarUtil,Error,,,,,,0.262,
GPT-4-Turbo,I,CamelCaseMapError.py,CamelCaseMap,Error,24.0,,1.0,9.0,,0.262,
GPT-4-Turbo,I,ChandrasekharSieveSuccess.py,ChandrasekharSieve,Success,14.0,,6.0,7.0,,0.262,
GPT-4-Turbo,I,ChatFail.py,Chat,Fail,32.0,,11.0,11.0,,0.262,
GPT-4-Turbo,I,ClassRegistrationSystemError.py,ClassRegistrationSystem,Error,38.0,,13.0,15.0,,0.262,
GPT-4-Turbo,I,ClassroomPartialSuccess.py,Classroom,PartialSuccess,28.0,,10.0,14.0,,0.262,
GPT-4-Turbo,I,CombinationCalculatorError.py,CombinationCalculator,Error,44.0,21.0,4.0,15.0,6.0,0.262,0.0
GPT-4-Turbo,I,ComplexCalculatorError.py,ComplexCalculator,Error,12.0,20.0,,5.0,4.0,0.262,0.0
GPT-4-Turbo,I,CookiesUtilError.py,CookiesUtil,Error,21.0,,1.0,4.0,,0.262,
GPT-4-Turbo,I,CSVProcessorSuccess.py,CSVProcessor,Success,30.0,7.0,2.0,4.0,2.0,0.262,0.9766666666666667
GPT-4-Turbo,I,CurrencyConverterSuccess.py,CurrencyConverter,Success,33.0,,8.0,11.0,,0.262,
GPT-4-Turbo,I,DatabaseProcessorError.py,DatabaseProcessor,Error,43.0,,3.0,7.0,,0.262,
GPT-4-Turbo,I,DataStatistics2Error.py,DataStatistics2,Error,16.0,,,7.0,,0.262,
GPT-4-Turbo,I,DataStatistics4Error.py,DataStatistics4,Error,22.0,,,4.0,,0.262,
GPT-4-Turbo,I,DataStatisticsError.py,DataStatistics,Error,16.0,,2.0,5.0,,0.262,
GPT-4-Turbo,I,DecryptionUtilsFail.py,DecryptionUtils,Fail,48.0,10.0,28.0,17.0,2.0,0.262,0.0
GPT-4-Turbo,I,DiscountStrategySuccess.py,DiscountStrategy,Success,32.0,20.0,8.0,11.0,4.0,0.262,0.9375
GPT-4-Turbo,I,DocFileHandlerError.py,DocFileHandler,Error,,,,,,0.262,
GPT-4-Turbo,I,EightPuzzleError.py,EightPuzzle,Error,50.0,5.0,30.0,21.0,1.0,0.262,0.0
GPT-4-Turbo,I,EmailClientPartialSuccess.py,EmailClient,PartialSuccess,33.0,,6.0,10.0,,0.262,
GPT-4-Turbo,I,EncryptionUtilsFail.py,EncryptionUtils,Fail,38.0,,15.0,12.0,,0.262,
GPT-4-Turbo,I,ExcelProcessorError.py,ExcelProcessor,Error,30.0,7.0,6.0,8.0,2.0,0.262,0.0
GPT-4-Turbo,I,ExpressionCalculatorError.py,ExpressionCalculator,Error,81.0,25.0,37.0,24.0,4.0,0.262,0.0
GPT-4-Turbo,I,FitnessTrackerSuccess.py,FitnessTracker,Success,34.0,7.0,13.0,9.0,2.0,0.262,0.9794117647058823
GPT-4-Turbo,I,GomokuGameSuccess.py,GomokuGame,Success,38.0,16.0,37.0,30.0,1.0,0.262,0.9578947368421052
GPT-4-Turbo,I,HotelSuccess.py,Hotel,Success,44.0,,30.0,15.0,,0.262,
GPT-4-Turbo,I,HRManagementSystemError.py,HRManagementSystem,Error,28.0,,8.0,10.0,,0.262,
GPT-4-Turbo,I,HtmlUtilFail.py,HtmlUtil,Fail,33.0,5.0,5.0,7.0,1.0,0.262,0.0
GPT-4-Turbo,I,ImageProcessorError.py,ImageProcessor,Error,47.0,,17.0,10.0,,0.262,
GPT-4-Turbo,I,InterpolationError.py,Interpolation,Error,15.0,5.0,,3.0,1.0,0.262,0.0
GPT-4-Turbo,I,IPAddressSuccess.py,IPAddress,Success,26.0,,11.0,11.0,,0.262,
GPT-4-Turbo,I,IpUtilError.py,IpUtil,Error,34.0,,9.0,3.0,,0.262,
GPT-4-Turbo,I,JobMarketplaceError.py,JobMarketplace,Error,36.0,,8.0,13.0,,0.262,
GPT-4-Turbo,I,JSONProcessorError.py,JSONProcessor,Error,37.0,,7.0,6.0,,0.262,
GPT-4-Turbo,I,KappaCalculatorError.py,KappaCalculator,Error,15.0,10.0,,2.0,5.0,0.262,0.0
GPT-4-Turbo,I,LemmatizationError.py,Lemmatization,Error,29.0,,6.0,6.0,,0.262,
GPT-4-Turbo,I,LongestWordPartialSuccess.py,LongestWord,PartialSuccess,17.0,,5.0,7.0,,0.262,
GPT-4-Turbo,I,MahjongConnectError.py,MahjongConnect,Error,48.0,14.0,29.0,27.0,4.0,0.262,0.0
GPT-4-Turbo,I,ManacherPartialSuccess.py,Manacher,PartialSuccess,23.0,,9.0,10.0,,0.262,
GPT-4-Turbo,I,MetricsCalculator2Fail.py,MetricsCalculator2,Fail,32.0,5.0,17.0,12.0,1.0,0.262,0.0
GPT-4-Turbo,I,MetricsCalculatorError.py,MetricsCalculator,Error,40.0,,16.0,10.0,,0.262,
GPT-4-Turbo,I,MinesweeperGameError.py,MinesweeperGame,Error,38.0,5.0,22.0,15.0,1.0,0.262,0.0
GPT-4-Turbo,I,MovieBookingSystemSuccess.py,MovieBookingSystem,Success,28.0,,15.0,11.0,,0.262,
GPT-4-Turbo,I,MovieTicketDBSuccess.py,MovieTicketDB,Success,33.0,,,5.0,,0.262,
GPT-4-Turbo,I,MusicPlayerFail.py,MusicPlayer,Fail,70.0,6.0,20.0,18.0,1.0,0.262,0.0
GPT-4-Turbo,I,NLPDataProcessor2Success.py,NLPDataProcessor2,Success,20.0,,1.0,4.0,,0.262,
GPT-4-Turbo,I,NLPDataProcessorPartialSuccess.py,NLPDataProcessor,PartialSuccess,14.0,,1.0,5.0,,0.262,
GPT-4-Turbo,I,NumberConverterError.py,NumberConverter,Error,18.0,,,6.0,,0.262,
GPT-4-Turbo,I,NumberWordFormatterFail.py,NumberWordFormatter,Fail,48.0,,18.0,16.0,,0.262,
GPT-4-Turbo,I,NumericEntityUnescaperSuccess.py,NumericEntityUnescaper,Success,14.0,10.0,2.0,4.0,2.0,0.262,0.9285714285714286
GPT-4-Turbo,I,OrderFail.py,Order,Fail,29.0,,14.0,10.0,,0.262,
GPT-4-Turbo,I,PageUtilSuccess.py,PageUtil,Success,37.0,,4.0,9.0,,0.262,
GPT-4-Turbo,I,PDFHandlerError.py,PDFHandler,Error,23.0,,6.0,7.0,,0.262,
GPT-4-Turbo,I,PersonRequestSuccess.py,PersonRequest,Success,21.0,26.0,8.0,10.0,7.0,0.262,0.8761904761904762
GPT-4-Turbo,I,PushBoxGameSuccess.py,PushBoxGame,Success,50.0,,20.0,14.0,,0.262,
GPT-4-Turbo,I,RegexUtilsSuccess.py,RegexUtils,Success,26.0,,,10.0,,0.262,
GPT-4-Turbo,I,RPGCharacterFail.py,RPGCharacter,Fail,34.0,,5.0,10.0,,0.262,
GPT-4-Turbo,I,ServerFail.py,Server,Fail,39.0,,10.0,10.0,,0.262,
GPT-4-Turbo,I,ShoppingCartSuccess.py,ShoppingCart,Success,25.0,,9.0,9.0,,0.262,
GPT-4-Turbo,I,SignInSystemSuccess.py,SignInSystem,Success,24.0,,7.0,11.0,,0.262,
GPT-4-Turbo,I,SnakeError.py,Snake,Error,39.0,6.0,10.0,11.0,3.0,0.262,0.0
GPT-4-Turbo,I,SplitSentenceFail.py,SplitSentence,Fail,,,,,,0.262,
GPT-4-Turbo,I,SQLGeneratorError.py,SQLGenerator,Error,31.0,,3.0,9.0,,0.262,
GPT-4-Turbo,I,SQLQueryBuilderError.py,SQLQueryBuilder,Error,31.0,12.0,5.0,8.0,2.0,0.262,0.0
GPT-4-Turbo,I,Statistics3Fail.py,Statistics3,Fail,50.0,,6.0,11.0,,0.262,
GPT-4-Turbo,I,StockPortfolioTrackerError.py,StockPortfolioTracker,Error,41.0,,8.0,13.0,,0.262,
GPT-4-Turbo,I,StudentDatabaseProcessorSuccess.py,StudentDatabaseProcessor,Success,44.0,,,5.0,,0.262,
GPT-4-Turbo,I,TextFileProcessorError.py,TextFileProcessor,Error,25.0,,1.0,5.0,,0.262,
GPT-4-Turbo,I,ThermostatError.py,Thermostat,Error,41.0,,12.0,16.0,,0.262,
GPT-4-Turbo,I,TicTacToeSuccess.py,TicTacToe,Success,31.0,2.0,21.0,19.0,1.0,0.262,0.9935483870967742
GPT-4-Turbo,I,TimeUtilsSuccess.py,TimeUtils,Success,25.0,,,8.0,,0.262,
GPT-4-Turbo,I,TriCalculatorError.py,TriCalculator,Error,41.0,5.0,6.0,11.0,1.0,0.262,0.0
GPT-4-Turbo,I,TwentyFourPointGamePartialSuccess.py,TwentyFourPointGame,PartialSuccess,28.0,10.0,9.0,9.0,2.0,0.262,0.0
GPT-4-Turbo,I,URLHandlerError.py,URLHandler,Error,19.0,,,6.0,,0.262,
GPT-4-Turbo,I,UrlPathError.py,UrlPath,Error,14.0,5.0,1.0,6.0,1.0,0.262,0.0
GPT-4-Turbo,I,UserLoginDBFail.py,UserLoginDB,Fail,22.0,,,5.0,,0.262,
GPT-4-Turbo,I,VectorUtilError.py,VectorUtil,Error,25.0,,,4.0,,0.262,
GPT-4-Turbo,I,VendingMachinePartialSuccess.py,VendingMachine,PartialSuccess,36.0,,12.0,12.0,,0.262,
GPT-4-Turbo,I,WarehouseSuccess.py,Warehouse,Success,38.0,,14.0,15.0,,0.262,
GPT-4-Turbo,I,WeatherSystemPartialSuccess.py,WeatherSystem,PartialSuccess,27.0,,10.0,11.0,,0.262,
GPT-4-Turbo,I,Words2NumbersError.py,Words2Numbers,Error,51.0,30.0,39.0,21.0,2.0,0.262,0.0
GPT-4-Turbo,I,XMLProcessorFail.py,XMLProcessor,Fail,32.0,,6.0,8.0,,0.262,
GPT-4-Turbo,I,ZipFileProcessorSuccess.py,ZipFileProcessor,Success,44.0,,9.0,8.0,,0.262,
GroundTruth,N/A,AccessGatewayFilter.py,AccessGatewayFilter,N/A,36.0,15.0,9.0,11.0,3.0,,
GroundTruth,N/A,AreaCalculator.py,AreaCalculator,N/A,14.0,,,6.0,,,
GroundTruth,N/A,ArgumentParser.py,ArgumentParser,N/A,36.0,,16.0,12.0,,,
GroundTruth,N/A,ArrangementCalculator.py,ArrangementCalculator,N/A,34.0,,8.0,13.0,,,
GroundTruth,N/A,AssessmentSystem.py,AssessmentSystem,N/A,40.0,,21.0,20.0,,,
GroundTruth,N/A,AutomaticGuitarSimulator.py,AutomaticGuitarSimulator,N/A,24.0,,14.0,8.0,,,
GroundTruth,N/A,AvgPartition.py,AvgPartition,N/A,15.0,5.0,1.0,4.0,1.0,,
GroundTruth,N/A,BalancedBrackets.py,BalancedBrackets,N/A,27.0,35.0,27.0,14.0,6.0,,
GroundTruth,N/A,BankAccount.py,BankAccount,N/A,20.0,,3.0,8.0,,,
GroundTruth,N/A,BigNumCalculator.py,BigNumCalculator,N/A,62.0,10.0,20.0,16.0,1.0,,
GroundTruth,N/A,BinaryDataProcessor.py,BinaryDataProcessor,N/A,31.0,,2.0,7.0,,,
GroundTruth,N/A,BitStatusUtil.py,BitStatusUtil,N/A,22.0,,6.0,8.0,,,
GroundTruth,N/A,BlackjackGame.py,BlackjackGame,N/A,48.0,12.0,21.0,14.0,2.0,,
GroundTruth,N/A,BookManagement.py,BookManagement,N/A,20.0,,6.0,10.0,,,
GroundTruth,N/A,BookManagementDB.py,BookManagementDB,N/A,43.0,,,7.0,,,
GroundTruth,N/A,BoyerMooreSearch.py,BoyerMooreSearch,N/A,24.0,6.0,10.0,10.0,3.0,,
GroundTruth,N/A,Calculator.py,Calculator,N/A,61.0,16.0,28.0,18.0,1.0,,
GroundTruth,N/A,CalendarUtil.py,CalendarUtil,N/A,39.0,,16.0,18.0,,,
GroundTruth,N/A,CamelCaseMap.py,CamelCaseMap,N/A,21.0,,1.0,9.0,,,
GroundTruth,N/A,ChandrasekharSieve.py,ChandrasekharSieve,N/A,22.0,,10.0,9.0,,,
GroundTruth,N/A,Chat.py,Chat,N/A,33.0,,7.0,10.0,,,
GroundTruth,N/A,ClassRegistrationSystem.py,ClassRegistrationSystem,N/A,35.0,,13.0,14.0,,,
GroundTruth,N/A,Classroom.py,Classroom,N/A,30.0,,12.0,14.0,,,
GroundTruth,N/A,CombinationCalculator.py,CombinationCalculator,N/A,33.0,10.0,8.0,14.0,5.0,,
GroundTruth,N/A,ComplexCalculator.py,ComplexCalculator,N/A,25.0,5.0,,5.0,1.0,,
GroundTruth,N/A,CookiesUtil.py,CookiesUtil,N/A,24.0,5.0,2.0,5.0,1.0,,
GroundTruth,N/A,CSVProcessor.py,CSVProcessor,N/A,26.0,12.0,2.0,5.0,3.0,,
GroundTruth,N/A,CurrencyConverter.py,CurrencyConverter,N/A,30.0,,5.0,10.0,,,
GroundTruth,N/A,DatabaseProcessor.py,DatabaseProcessor,N/A,37.0,,3.0,7.0,,,
GroundTruth,N/A,DataStatistics.py,DataStatistics,N/A,18.0,,2.0,5.0,,,
GroundTruth,N/A,DataStatistics2.py,DataStatistics2,N/A,16.0,,,7.0,,,
GroundTruth,N/A,DataStatistics4.py,DataStatistics4,N/A,33.0,,3.0,7.0,,,
GroundTruth,N/A,DecryptionUtils.py,DecryptionUtils,N/A,54.0,,29.0,19.0,,,
GroundTruth,N/A,DiscountStrategy.py,DiscountStrategy,N/A,28.0,15.0,7.0,11.0,3.0,,
GroundTruth,N/A,DocFileHandler.py,DocFileHandler,N/A,51.0,15.0,7.0,9.0,3.0,,
GroundTruth,N/A,EightPuzzle.py,EightPuzzle,N/A,46.0,,22.0,17.0,,,
GroundTruth,N/A,EmailClient.py,EmailClient,N/A,46.0,,11.0,15.0,,,
GroundTruth,N/A,EncryptionUtils.py,EncryptionUtils,N/A,44.0,,25.0,16.0,,,
GroundTruth,N/A,ExcelProcessor.py,ExcelProcessor,N/A,41.0,17.0,10.0,10.0,4.0,,
GroundTruth,N/A,ExpressionCalculator.py,ExpressionCalculator,N/A,92.0,14.0,51.0,31.0,1.0,,
GroundTruth,N/A,FitnessTracker.py,FitnessTracker,N/A,36.0,9.0,10.0,8.0,3.0,,
GroundTruth,N/A,GomokuGame.py,GomokuGame,N/A,33.0,,24.0,15.0,,,
GroundTruth,N/A,Hotel.py,Hotel,N/A,35.0,,14.0,12.0,,,
GroundTruth,N/A,HRManagementSystem.py,HRManagementSystem,N/A,46.0,,21.0,16.0,,,
GroundTruth,N/A,HtmlUtil.py,HtmlUtil,N/A,64.0,12.0,26.0,19.0,1.0,,
GroundTruth,N/A,ImageProcessor.py,ImageProcessor,N/A,19.0,,4.0,10.0,,,
GroundTruth,N/A,Interpolation.py,Interpolation,N/A,33.0,5.0,21.0,11.0,1.0,,
GroundTruth,N/A,IPAddress.py,IPAddress,N/A,24.0,,11.0,12.0,,,
GroundTruth,N/A,IpUtil.py,IpUtil,N/A,23.0,,3.0,3.0,,,
GroundTruth,N/A,JobMarketplace.py,JobMarketplace,N/A,32.0,,10.0,15.0,,,
GroundTruth,N/A,JSONProcessor.py,JSONProcessor,N/A,29.0,10.0,7.0,7.0,2.0,,
GroundTruth,N/A,KappaCalculator.py,KappaCalculator,N/A,36.0,26.0,5.0,6.0,10.0,,
GroundTruth,N/A,Lemmatization.py,Lemmatization,N/A,36.0,,7.0,7.0,,,
GroundTruth,N/A,LongestWord.py,LongestWord,N/A,16.0,,4.0,6.0,,,
GroundTruth,N/A,MahjongConnect.py,MahjongConnect,N/A,50.0,10.0,24.0,23.0,3.0,,
GroundTruth,N/A,Manacher.py,Manacher,N/A,24.0,,9.0,11.0,,,
GroundTruth,N/A,MetricsCalculator.py,MetricsCalculator,N/A,39.0,,14.0,16.0,,,
GroundTruth,N/A,MetricsCalculator2.py,MetricsCalculator2,N/A,82.0,103.0,62.0,27.0,13.0,,
GroundTruth,N/A,MinesweeperGame.py,MinesweeperGame,N/A,57.0,85.0,76.0,52.0,7.0,,
GroundTruth,N/A,MovieBookingSystem.py,MovieBookingSystem,N/A,32.0,,15.0,11.0,,,
GroundTruth,N/A,MovieTicketDB.py,MovieTicketDB,N/A,34.0,,,5.0,,,
GroundTruth,N/A,MusicPlayer.py,MusicPlayer,N/A,55.0,,22.0,20.0,,,
GroundTruth,N/A,NLPDataProcessor.py,NLPDataProcessor,N/A,17.0,,6.0,6.0,,,
GroundTruth,N/A,NLPDataProcessor2.py,NLPDataProcessor2,N/A,21.0,,2.0,5.0,,,
GroundTruth,N/A,NumberConverter.py,NumberConverter,N/A,25.0,,,6.0,,,
GroundTruth,N/A,NumberWordFormatter.py,NumberWordFormatter,N/A,53.0,5.0,18.0,14.0,1.0,,
GroundTruth,N/A,NumericEntityUnescaper.py,NumericEntityUnescaper,N/A,34.0,27.0,28.0,15.0,3.0,,
GroundTruth,N/A,Order.py,Order,N/A,26.0,,9.0,9.0,,,
GroundTruth,N/A,PageUtil.py,PageUtil,N/A,39.0,,4.0,9.0,,,
GroundTruth,N/A,PDFHandler.py,PDFHandler,N/A,21.0,,6.0,7.0,,,
GroundTruth,N/A,PersonRequest.py,PersonRequest,N/A,21.0,36.0,6.0,10.0,9.0,,
GroundTruth,N/A,PushBoxGame.py,PushBoxGame,N/A,53.0,,23.0,14.0,,,
GroundTruth,N/A,RegexUtils.py,RegexUtils,N/A,32.0,,2.0,11.0,,,
GroundTruth,N/A,RPGCharacter.py,RPGCharacter,N/A,34.0,,6.0,10.0,,,
GroundTruth,N/A,Server.py,Server,N/A,38.0,,13.0,16.0,,,
GroundTruth,N/A,ShoppingCart.py,ShoppingCart,N/A,17.0,5.0,4.0,7.0,1.0,,
GroundTruth,N/A,SignInSystem.py,SignInSystem,N/A,34.0,,14.0,13.0,,,
GroundTruth,N/A,Snake.py,Snake,N/A,38.0,6.0,7.0,10.0,3.0,,
GroundTruth,N/A,SplitSentence.py,SplitSentence,N/A,17.0,5.0,3.0,5.0,1.0,,
GroundTruth,N/A,SQLGenerator.py,SQLGenerator,N/A,30.0,,3.0,9.0,,,
GroundTruth,N/A,SQLQueryBuilder.py,SQLQueryBuilder,N/A,27.0,12.0,4.0,8.0,2.0,,
GroundTruth,N/A,Statistics3.py,Statistics3,N/A,60.0,,11.0,17.0,,,
GroundTruth,N/A,StockPortfolioTracker.py,StockPortfolioTracker,N/A,44.0,,15.0,18.0,,,
GroundTruth,N/A,StudentDatabaseProcessor.py,StudentDatabaseProcessor,N/A,45.0,,,5.0,,,
GroundTruth,N/A,TextFileProcessor.py,TextFileProcessor,N/A,19.0,,,6.0,,,
GroundTruth,N/A,Thermostat.py,Thermostat,N/A,47.0,,18.0,16.0,,,
GroundTruth,N/A,TicTacToe.py,TicTacToe,N/A,28.0,2.0,15.0,14.0,1.0,,
GroundTruth,N/A,TimeUtils.py,TimeUtils,N/A,27.0,20.0,,8.0,4.0,,
GroundTruth,N/A,TriCalculator.py,TriCalculator,N/A,39.0,5.0,8.0,11.0,1.0,,
GroundTruth,N/A,TwentyFourPointGame.py,TwentyFourPointGame,N/A,37.0,10.0,16.0,15.0,2.0,,
GroundTruth,N/A,URLHandler.py,URLHandler,N/A,45.0,,18.0,16.0,,,
GroundTruth,N/A,UrlPath.py,UrlPath,N/A,23.0,,9.0,9.0,,,
GroundTruth,N/A,UserLoginDB.py,UserLoginDB,N/A,27.0,,2.0,7.0,,,
GroundTruth,N/A,VectorUtil.py,VectorUtil,N/A,36.0,,4.0,8.0,,,
GroundTruth,N/A,VendingMachine.py,VendingMachine,N/A,35.0,,13.0,13.0,,,
GroundTruth,N/A,Warehouse.py,Warehouse,N/A,33.0,,11.0,13.0,,,
GroundTruth,N/A,WeatherSystem.py,WeatherSystem,N/A,26.0,,7.0,8.0,,,
GroundTruth,N/A,Words2Numbers.py,Words2Numbers,N/A,61.0,14.0,42.0,20.0,1.0,,
GroundTruth,N/A,XMLProcessor.py,XMLProcessor,N/A,27.0,10.0,3.0,6.0,2.0,,
GroundTruth,N/A,ZipFileProcessor.py,ZipFileProcessor,N/A,32.0,20.0,5.0,6.0,4.0,,
incoder,H,AccessGatewayFilterError.py,AccessGatewayFilter,Error,13.0,10.0,,6.0,2.0,0.026000000000000002,0.0
incoder,H,AreaCalculatorFail.py,AreaCalculator,Fail,18.0,,,6.0,,0.026000000000000002,
incoder,H,ArgumentParserError.py,ArgumentParser,Error,40.0,15.0,16.0,15.0,1.0,0.026000000000000002,0.0
incoder,H,ArrangementCalculatorError.py,ArrangementCalculator,Error,,,,,,0.026000000000000002,
incoder,H,AssessmentSystemSuccess.py,AssessmentSystem,Success,57.0,,23.0,22.0,,0.026000000000000002,
incoder,H,AutomaticGuitarSimulatorFail.py,AutomaticGuitarSimulator,Fail,14.0,,4.0,6.0,,0.026000000000000002,
incoder,H,AvgPartitionFail.py,AvgPartition,Fail,15.0,10.0,1.0,4.0,2.0,0.026000000000000002,0.0
incoder,H,BalancedBracketsFail.py,BalancedBrackets,Fail,40.0,8.0,21.0,13.0,1.0,0.026000000000000002,0.0
incoder,H,BankAccountFail.py,BankAccount,Fail,23.0,,3.0,8.0,,0.026000000000000002,
incoder,H,BigNumCalculatorError.py,BigNumCalculator,Error,23.0,20.0,13.0,11.0,4.0,0.026000000000000002,0.0
incoder,H,BinaryDataProcessorError.py,BinaryDataProcessor,Error,222.0,,,5.0,,0.026000000000000002,
incoder,H,BitStatusUtilError.py,BitStatusUtil,Error,22.0,28.0,9.0,13.0,5.0,0.026000000000000002,0.0
incoder,H,BlackjackGameError.py,BlackjackGame,Error,,,,,,0.026000000000000002,
incoder,H,BookManagementDBError.py,BookManagementDB,Error,84.0,,,11.0,,0.026000000000000002,
incoder,H,BookManagementError.py,BookManagement,Error,26.0,10.0,8.0,9.0,2.0,0.026000000000000002,0.0
incoder,H,BoyerMooreSearchError.py,BoyerMooreSearch,Error,65.0,46.0,21.0,31.0,23.0,0.026000000000000002,0.0
incoder,H,CalculatorError.py,Calculator,Error,223.0,5.0,,4.0,1.0,0.026000000000000002,0.0
incoder,H,CalendarUtilError.py,CalendarUtil,Error,,,,,,0.026000000000000002,
incoder,H,CamelCaseMapError.py,CamelCaseMap,Error,,,,,,0.026000000000000002,
incoder,H,ChandrasekharSieveError.py,ChandrasekharSieve,Error,62.0,,6.0,7.0,,0.026000000000000002,
incoder,H,ChatError.py,Chat,Error,43.0,,13.0,14.0,,0.026000000000000002,
incoder,H,ClassRegistrationSystemError.py,ClassRegistrationSystem,Error,37.0,,11.0,14.0,,0.026000000000000002,
incoder,H,ClassroomError.py,Classroom,Error,22.0,,6.0,9.0,,0.026000000000000002,
incoder,H,CombinationCalculatorError.py,CombinationCalculator,Error,,,,,,0.026000000000000002,
incoder,H,ComplexCalculatorError.py,ComplexCalculator,Error,,,,,,0.026000000000000002,
incoder,H,CookiesUtilError.py,CookiesUtil,Error,18.0,,,4.0,,0.026000000000000002,
incoder,H,CSVProcessorError.py,CSVProcessor,Error,31.0,18.0,1.0,5.0,4.0,0.026000000000000002,0.0
incoder,H,CurrencyConverterError.py,CurrencyConverter,Error,32.0,,2.0,7.0,,0.026000000000000002,
incoder,H,DatabaseProcessorError.py,DatabaseProcessor,Error,16.0,,,5.0,,0.026000000000000002,
incoder,H,DataStatistics2Error.py,DataStatistics2,Error,60.0,60.0,7.0,17.0,10.0,0.026000000000000002,0.0
incoder,H,DataStatistics4Fail.py,DataStatistics4,Fail,13.0,15.0,,8.0,3.0,0.026000000000000002,0.0
incoder,H,DataStatisticsError.py,DataStatistics,Error,20.0,5.0,5.0,6.0,1.0,0.026000000000000002,0.0
incoder,H,DecryptionUtilsError.py,DecryptionUtils,Error,18.0,,3.0,7.0,,0.026000000000000002,
incoder,H,DiscountStrategyError.py,DiscountStrategy,Error,,,,,,0.026000000000000002,
incoder,H,DocFileHandlerError.py,DocFileHandler,Error,37.0,,,9.0,,0.026000000000000002,
incoder,H,EightPuzzleError.py,EightPuzzle,Error,50.0,50.0,16.0,15.0,4.0,0.026000000000000002,0.0
incoder,H,EmailClientError.py,EmailClient,Error,51.0,,14.0,19.0,,0.026000000000000002,
incoder,H,EncryptionUtilsError.py,EncryptionUtils,Error,18.0,,3.0,7.0,,0.026000000000000002,
incoder,H,ExcelProcessorError.py,ExcelProcessor,Error,21.0,17.0,,4.0,4.0,0.026000000000000002,0.0
incoder,H,ExpressionCalculatorError.py,ExpressionCalculator,Error,94.0,,1.0,8.0,,0.026000000000000002,
incoder,H,FitnessTrackerError.py,FitnessTracker,Error,24.0,12.0,6.0,7.0,3.0,0.026000000000000002,0.0
incoder,H,GomokuGameError.py,GomokuGame,Error,45.0,11.0,39.0,27.0,1.0,0.026000000000000002,0.0
incoder,H,HotelSuccess.py,Hotel,Success,49.0,23.0,9.0,13.0,2.0,0.026000000000000002,0.9530612244897959
incoder,H,HRManagementSystemError.py,HRManagementSystem,Error,,,,,,0.026000000000000002,
incoder,H,HtmlUtilError.py,HtmlUtil,Error,29.0,,2.0,6.0,,0.026000000000000002,
incoder,H,ImageProcessorError.py,ImageProcessor,Error,15.0,,,7.0,,0.026000000000000002,
incoder,H,InterpolationError.py,Interpolation,Error,,,,,,0.026000000000000002,
incoder,H,IPAddressFail.py,IPAddress,Fail,22.0,,5.0,7.0,,0.026000000000000002,
incoder,H,IpUtilError.py,IpUtil,Error,,,,,,0.026000000000000002,
incoder,H,JobMarketplaceError.py,JobMarketplace,Error,55.0,15.0,33.0,24.0,1.0,0.026000000000000002,0.0
incoder,H,JSONProcessorFail.py,JSONProcessor,Fail,37.0,5.0,7.0,5.0,1.0,0.026000000000000002,0.0
incoder,H,KappaCalculatorFail.py,KappaCalculator,Fail,4.0,11.0,,2.0,4.0,0.026000000000000002,0.0
incoder,H,LemmatizationError.py,Lemmatization,Error,23.0,6.0,2.0,6.0,1.0,0.026000000000000002,0.0
incoder,H,LongestWordFail.py,LongestWord,Fail,237.0,,,3.0,,0.026000000000000002,
incoder,H,MahjongConnectError.py,MahjongConnect,Error,111.0,31.0,74.0,83.0,5.0,0.026000000000000002,0.0
incoder,H,ManacherFail.py,Manacher,Fail,19.0,,4.0,5.0,,0.026000000000000002,
incoder,H,MetricsCalculator2Error.py,MetricsCalculator2,Error,11.0,5.0,,5.0,1.0,0.026000000000000002,0.0
incoder,H,MetricsCalculatorFail.py,MetricsCalculator,Fail,87.0,,39.0,21.0,,0.026000000000000002,
incoder,H,MinesweeperGameError.py,MinesweeperGame,Error,88.0,15.0,62.0,41.0,3.0,0.026000000000000002,0.0
incoder,H,MovieBookingSystemError.py,MovieBookingSystem,Error,24.0,,9.0,10.0,,0.026000000000000002,
incoder,H,MovieTicketDBError.py,MovieTicketDB,Error,42.0,,,6.0,,0.026000000000000002,
incoder,H,MusicPlayerError.py,MusicPlayer,Error,,,,,,0.026000000000000002,
incoder,H,NLPDataProcessor2Fail.py,NLPDataProcessor2,Fail,20.0,,9.0,9.0,,0.026000000000000002,
incoder,H,NLPDataProcessorPartialSuccess.py,NLPDataProcessor,PartialSuccess,12.0,,,4.0,,0.026000000000000002,
incoder,H,NumberConverterFail.py,NumberConverter,Fail,21.0,5.0,,11.0,1.0,0.026000000000000002,0.0
incoder,H,NumberWordFormatterError.py,NumberWordFormatter,Error,,,,,,0.026000000000000002,
incoder,H,NumericEntityUnescaperError.py,NumericEntityUnescaper,Error,,,,,,0.026000000000000002,
incoder,H,OrderFail.py,Order,Fail,27.0,,5.0,7.0,,0.026000000000000002,
incoder,H,PageUtilError.py,PageUtil,Error,35.0,,4.0,7.0,,0.026000000000000002,
incoder,H,PDFHandlerError.py,PDFHandler,Error,16.0,,2.0,5.0,,0.026000000000000002,
incoder,H,PersonRequestFail.py,PersonRequest,Fail,20.0,26.0,6.0,7.0,7.0,0.026000000000000002,0.0
incoder,H,PushBoxGameError.py,PushBoxGame,Error,62.0,5.0,27.0,18.0,1.0,0.026000000000000002,0.0
incoder,H,RegexUtilsError.py,RegexUtils,Error,58.0,27.0,,20.0,4.0,0.026000000000000002,0.0
incoder,H,RPGCharacterError.py,RPGCharacter,Error,,,,,,0.026000000000000002,
incoder,H,ServerFail.py,Server,Fail,44.0,,11.0,11.0,,0.026000000000000002,
incoder,H,ShoppingCartSuccess.py,ShoppingCart,Success,19.0,,2.0,7.0,,0.026000000000000002,
incoder,H,SignInSystemPartialSuccess.py,SignInSystem,PartialSuccess,33.0,,6.0,12.0,,0.026000000000000002,
incoder,H,SnakeError.py,Snake,Error,,,,,,0.026000000000000002,
incoder,H,SplitSentenceFail.py,SplitSentence,Fail,,,,,,0.026000000000000002,
incoder,H,SQLGeneratorFail.py,SQLGenerator,Fail,29.0,14.0,2.0,11.0,2.0,0.026000000000000002,0.0
incoder,H,SQLQueryBuilderError.py,SQLQueryBuilder,Error,,,,,,0.026000000000000002,
incoder,H,Statistics3Error.py,Statistics3,Error,65.0,85.0,19.0,23.0,13.0,0.026000000000000002,0.0
incoder,H,StockPortfolioTrackerError.py,StockPortfolioTracker,Error,41.0,,3.0,12.0,,0.026000000000000002,
incoder,H,StudentDatabaseProcessorError.py,StudentDatabaseProcessor,Error,28.0,,,5.0,,0.026000000000000002,
incoder,H,TextFileProcessorError.py,TextFileProcessor,Error,19.0,,1.0,5.0,,0.026000000000000002,
incoder,H,ThermostatError.py,Thermostat,Error,50.0,,13.0,20.0,,0.026000000000000002,
incoder,H,TicTacToeFail.py,TicTacToe,Fail,23.0,2.0,13.0,11.0,1.0,0.026000000000000002,0.0
incoder,H,TimeUtilsError.py,TimeUtils,Error,32.0,,,8.0,,0.026000000000000002,
incoder,H,TriCalculatorError.py,TriCalculator,Error,24.0,20.0,,8.0,2.0,0.026000000000000002,0.0
incoder,H,TwentyFourPointGameError.py,TwentyFourPointGame,Error,187.0,5.0,1.0,6.0,1.0,0.026000000000000002,0.0
incoder,H,URLHandlerError.py,URLHandler,Error,18.0,,,6.0,,0.026000000000000002,
incoder,H,UrlPathError.py,UrlPath,Error,,,,,,0.026000000000000002,
incoder,H,UserLoginDBError.py,UserLoginDB,Error,30.0,,2.0,7.0,,0.026000000000000002,
incoder,H,VectorUtilError.py,VectorUtil,Error,,,,,,0.026000000000000002,
incoder,H,VendingMachineFail.py,VendingMachine,Fail,39.0,,7.0,11.0,,0.026000000000000002,
incoder,H,WarehouseError.py,Warehouse,Error,48.0,,16.0,15.0,,0.026000000000000002,
incoder,H,WeatherSystemFail.py,WeatherSystem,Fail,21.0,,,5.0,,0.026000000000000002,
incoder,H,Words2NumbersError.py,Words2Numbers,Error,67.0,17.0,24.0,17.0,3.0,0.026000000000000002,0.0
incoder,H,XMLProcessorError.py,XMLProcessor,Error,22.0,,1.0,6.0,,0.026000000000000002,
incoder,H,ZipFileProcessorError.py,ZipFileProcessor,Error,19.0,,1.0,6.0,,0.026000000000000002,
incoder,C,AccessGatewayFilterError.py,AccessGatewayFilter,Error,25.0,5.0,8.0,8.0,1.0,0.034,0.0
incoder,C,AreaCalculatorFail.py,AreaCalculator,Fail,19.0,,,6.0,,0.034,
incoder,C,ArgumentParserError.py,ArgumentParser,Error,,,,,,0.034,
incoder,C,ArrangementCalculatorError.py,ArrangementCalculator,Error,26.0,10.0,8.0,11.0,2.0,0.034,0.0
incoder,C,AssessmentSystemSuccess.py,AssessmentSystem,Success,35.0,5.0,8.0,13.0,1.0,0.034,0.9857142857142858
incoder,C,AutomaticGuitarSimulatorFail.py,AutomaticGuitarSimulator,Fail,11.0,5.0,,3.0,1.0,0.034,0.0
incoder,C,AvgPartitionPartialSuccess.py,AvgPartition,PartialSuccess,16.0,5.0,,3.0,1.0,0.034,0.0
incoder,C,BalancedBracketsError.py,BalancedBrackets,Error,30.0,,7.0,6.0,,0.034,
incoder,C,BankAccountPartialSuccess.py,BankAccount,PartialSuccess,22.0,,5.0,7.0,,0.034,
incoder,C,BigNumCalculatorError.py,BigNumCalculator,Error,14.0,25.0,2.0,5.0,5.0,0.034,0.0
incoder,C,BinaryDataProcessorError.py,BinaryDataProcessor,Error,27.0,,5.0,7.0,,0.034,
incoder,C,BitStatusUtilError.py,BitStatusUtil,Error,21.0,26.0,10.0,12.0,5.0,0.034,0.0
incoder,C,BlackjackGameError.py,BlackjackGame,Error,335.0,146.0,162.0,9.0,1.0,0.034,0.0
incoder,C,BookManagementDBError.py,BookManagementDB,Error,38.0,,1.0,8.0,,0.034,
incoder,C,BookManagementError.py,BookManagement,Error,498.0,,6.0,8.0,,0.034,
incoder,C,BoyerMooreSearchFail.py,BoyerMooreSearch,Fail,293.0,10.0,7.0,7.0,5.0,0.034,0.0
incoder,C,CalculatorError.py,Calculator,Error,32.0,,5.0,7.0,,0.034,
incoder,C,CalendarUtilError.py,CalendarUtil,Error,,,,,,0.034,
incoder,C,CamelCaseMapError.py,CamelCaseMap,Error,24.0,10.0,2.0,10.0,2.0,0.034,0.0
incoder,C,ChandrasekharSieveError.py,ChandrasekharSieve,Error,37.0,,7.0,8.0,,0.034,
incoder,C,ChatFail.py,Chat,Fail,28.0,,6.0,9.0,,0.034,
incoder,C,ClassRegistrationSystemError.py,ClassRegistrationSystem,Error,31.0,,7.0,11.0,,0.034,
incoder,C,ClassroomError.py,Classroom,Error,33.0,5.0,13.0,14.0,1.0,0.034,0.0
incoder,C,CombinationCalculatorError.py,CombinationCalculator,Error,32.0,23.0,3.0,8.0,9.0,0.034,0.0
incoder,C,ComplexCalculatorError.py,ComplexCalculator,Error,9.0,20.0,,5.0,4.0,0.034,0.0
incoder,C,CookiesUtilError.py,CookiesUtil,Error,19.0,,,4.0,,0.034,
incoder,C,CSVProcessorError.py,CSVProcessor,Error,34.0,7.0,2.0,6.0,2.0,0.034,0.0
incoder,C,CurrencyConverterFail.py,CurrencyConverter,Fail,28.0,5.0,3.0,7.0,1.0,0.034,0.0
incoder,C,DatabaseProcessorError.py,DatabaseProcessor,Error,15.0,,,5.0,,0.034,
incoder,C,DataStatistics2Fail.py,DataStatistics2,Fail,26.0,10.0,2.0,9.0,2.0,0.034,0.0
incoder,C,DataStatistics4Error.py,DataStatistics4,Error,10.0,20.0,,4.0,4.0,0.034,0.0
incoder,C,DataStatisticsFail.py,DataStatistics,Fail,17.0,,2.0,4.0,,0.034,
incoder,C,DecryptionUtilsFail.py,DecryptionUtils,Fail,15.0,,2.0,6.0,,0.034,
incoder,C,DiscountStrategyFail.py,DiscountStrategy,Fail,178.0,30.0,1.0,7.0,6.0,0.034,0.0
incoder,C,DocFileHandlerError.py,DocFileHandler,Error,,,,,,0.034,
incoder,C,EightPuzzleError.py,EightPuzzle,Error,39.0,,20.0,19.0,,0.034,
incoder,C,EmailClientError.py,EmailClient,Error,28.0,,4.0,9.0,,0.034,
incoder,C,EncryptionUtilsError.py,EncryptionUtils,Error,247.0,,2.0,6.0,,0.034,
incoder,C,ExcelProcessorError.py,ExcelProcessor,Error,,,,,,0.034,
incoder,C,ExpressionCalculatorError.py,ExpressionCalculator,Error,30.0,15.0,4.0,9.0,3.0,0.034,0.0
incoder,C,FitnessTrackerError.py,FitnessTracker,Error,25.0,12.0,2.0,5.0,3.0,0.034,0.0
incoder,C,GomokuGameFail.py,GomokuGame,Fail,271.0,341.0,372.0,248.0,2.0,0.034,0.0
incoder,C,HotelSuccess.py,Hotel,Success,30.0,,6.0,8.0,,0.034,
incoder,C,HRManagementSystemError.py,HRManagementSystem,Error,,,,,,0.034,
incoder,C,HtmlUtilFail.py,HtmlUtil,Fail,36.0,2.0,3.0,7.0,1.0,0.034,0.0
incoder,C,ImageProcessorError.py,ImageProcessor,Error,15.0,,,6.0,,0.034,
incoder,C,InterpolationError.py,Interpolation,Error,,,,,,0.034,
incoder,C,IPAddressFail.py,IPAddress,Fail,25.0,,7.0,8.0,,0.034,
incoder,C,IpUtilFail.py,IpUtil,Fail,277.0,15.0,,3.0,3.0,0.034,0.0
incoder,C,JobMarketplaceError.py,JobMarketplace,Error,28.0,,6.0,11.0,,0.034,
incoder,C,JSONProcessorPartialSuccess.py,JSONProcessor,PartialSuccess,26.0,,4.0,4.0,,0.034,
incoder,C,KappaCalculatorFail.py,KappaCalculator,Fail,4.0,16.0,,2.0,5.0,0.034,0.0
incoder,C,LemmatizationError.py,Lemmatization,Error,421.0,1.0,,4.0,1.0,0.034,0.0
incoder,C,LongestWordPartialSuccess.py,LongestWord,PartialSuccess,17.0,,3.0,5.0,,0.034,
incoder,C,MahjongConnectError.py,MahjongConnect,Error,,,,,,0.034,
incoder,C,ManacherError.py,Manacher,Error,20.0,,5.0,7.0,,0.034,
incoder,C,MetricsCalculator2Error.py,MetricsCalculator2,Error,8.0,10.0,,3.0,2.0,0.034,0.0
incoder,C,MetricsCalculatorFail.py,MetricsCalculator,Fail,80.0,25.0,32.0,21.0,5.0,0.034,0.0
incoder,C,MinesweeperGameError.py,MinesweeperGame,Error,60.0,25.0,12.0,12.0,5.0,0.034,0.0
incoder,C,MovieBookingSystemFail.py,MovieBookingSystem,Fail,25.0,,9.0,10.0,,0.034,
incoder,C,MovieTicketDBError.py,MovieTicketDB,Error,30.0,,,5.0,,0.034,
incoder,C,MusicPlayerSuccess.py,MusicPlayer,Success,43.0,,10.0,15.0,,0.034,
incoder,C,NLPDataProcessor2Fail.py,NLPDataProcessor2,Fail,30.0,,12.0,9.0,,0.034,
incoder,C,NLPDataProcessorFail.py,NLPDataProcessor,Fail,13.0,,1.0,5.0,,0.034,
incoder,C,NumberConverterError.py,NumberConverter,Error,,,,,,0.034,
incoder,C,NumberWordFormatterError.py,NumberWordFormatter,Error,,,,,,0.034,
incoder,C,NumericEntityUnescaperError.py,NumericEntityUnescaper,Error,11.0,10.0,2.0,5.0,2.0,0.034,0.0
incoder,C,OrderError.py,Order,Error,31.0,,7.0,9.0,,0.034,
incoder,C,PageUtilFail.py,PageUtil,Fail,42.0,,5.0,8.0,,0.034,
incoder,C,PDFHandlerError.py,PDFHandler,Error,19.0,,4.0,6.0,,0.034,
incoder,C,PersonRequestFail.py,PersonRequest,Fail,22.0,21.0,8.0,18.0,6.0,0.034,0.0
incoder,C,PushBoxGameError.py,PushBoxGame,Error,93.0,,26.0,18.0,,0.034,
incoder,C,RegexUtilsFail.py,RegexUtils,Fail,35.0,,1.0,11.0,,0.034,
incoder,C,RPGCharacterError.py,RPGCharacter,Error,,,,,,0.034,
incoder,C,ServerFail.py,Server,Fail,32.0,,9.0,10.0,,0.034,
incoder,C,ShoppingCartFail.py,ShoppingCart,Fail,12.0,,1.0,6.0,,0.034,
incoder,C,SignInSystemError.py,SignInSystem,Error,28.0,,9.0,11.0,,0.034,
incoder,C,SnakeError.py,Snake,Error,52.0,11.0,6.0,6.0,4.0,0.034,0.0
incoder,C,SplitSentenceFail.py,SplitSentence,Fail,,,,,,0.034,
incoder,C,SQLGeneratorFail.py,SQLGenerator,Fail,26.0,,3.0,10.0,,0.034,
incoder,C,SQLQueryBuilderFail.py,SQLQueryBuilder,Fail,6.0,20.0,,4.0,4.0,0.034,0.0
incoder,C,Statistics3Error.py,Statistics3,Error,45.0,55.0,10.0,13.0,11.0,0.034,0.0
incoder,C,StockPortfolioTrackerError.py,StockPortfolioTracker,Error,56.0,10.0,15.0,18.0,2.0,0.034,0.0
incoder,C,StudentDatabaseProcessorFail.py,StudentDatabaseProcessor,Fail,21.0,,,5.0,,0.034,
incoder,C,TextFileProcessorFail.py,TextFileProcessor,Fail,19.0,,,5.0,,0.034,
incoder,C,ThermostatError.py,Thermostat,Error,38.0,,6.0,12.0,,0.034,
incoder,C,TicTacToeError.py,TicTacToe,Error,28.0,7.0,17.0,12.0,2.0,0.034,0.0
incoder,C,TimeUtilsError.py,TimeUtils,Error,,,,,,0.034,
incoder,C,TriCalculatorError.py,TriCalculator,Error,16.0,5.0,1.0,7.0,1.0,0.034,0.0
incoder,C,TwentyFourPointGameError.py,TwentyFourPointGame,Error,21.0,10.0,2.0,7.0,2.0,0.034,0.0
incoder,C,URLHandlerFail.py,URLHandler,Fail,23.0,,4.0,8.0,,0.034,
incoder,C,UrlPathFail.py,UrlPath,Fail,12.0,5.0,,4.0,1.0,0.034,0.0
incoder,C,UserLoginDBFail.py,UserLoginDB,Fail,19.0,,,5.0,,0.034,
incoder,C,VectorUtilError.py,VectorUtil,Error,12.0,20.0,1.0,5.0,4.0,0.034,0.0
incoder,C,VendingMachineFail.py,VendingMachine,Fail,27.0,,4.0,8.0,,0.034,
incoder,C,WarehouseError.py,Warehouse,Error,42.0,,10.0,13.0,,0.034,
incoder,C,WeatherSystemError.py,WeatherSystem,Error,24.0,5.0,2.0,6.0,1.0,0.034,0.0
incoder,C,Words2NumbersError.py,Words2Numbers,Error,184.0,,14.0,31.0,,0.034,
incoder,C,XMLProcessorError.py,XMLProcessor,Error,25.0,5.0,1.0,6.0,1.0,0.034,0.0
incoder,C,ZipFileProcessorSuccess.py,ZipFileProcessor,Success,23.0,,1.0,6.0,,0.034,
incoder,I,AccessGatewayFilterFail.py,AccessGatewayFilter,Fail,7.0,5.0,,2.0,1.0,0.062,0.0
incoder,I,AccessGatewayFilterUnknown.py,AccessGatewayFilter,Unknown,13.0,10.0,,5.0,2.0,0.062,0.0
incoder,I,AreaCalculatorFail.py,AreaCalculator,Fail,7.0,,,2.0,,0.062,
incoder,I,AreaCalculatorUnknown.py,AreaCalculator,Unknown,19.0,,,6.0,,0.062,
incoder,I,ArgumentParserError.py,ArgumentParser,Error,17.0,,5.0,4.0,,0.062,
incoder,I,ArgumentParserUnknown.py,ArgumentParser,Unknown,37.0,,11.0,10.0,,0.062,
incoder,I,ArrangementCalculatorFail.py,ArrangementCalculator,Fail,6.0,,,2.0,,0.062,
incoder,I,ArrangementCalculatorUnknown.py,ArrangementCalculator,Unknown,10.0,10.0,,6.0,2.0,0.062,0.0
incoder,I,AssessmentSystemSuccess.py,AssessmentSystem,Success,6.0,,,2.0,,0.062,
incoder,I,AssessmentSystemUnknown.py,AssessmentSystem,Unknown,51.0,15.0,18.0,19.0,3.0,0.062,0.0
incoder,I,AutomaticGuitarSimulatorError.py,AutomaticGuitarSimulator,Error,208.0,6.0,,2.0,2.0,0.062,0.0
incoder,I,AutomaticGuitarSimulatorUnknown.py,AutomaticGuitarSimulator,Unknown,209.0,6.0,,3.0,2.0,0.062,0.0
incoder,I,AvgPartitionFail.py,AvgPartition,Fail,8.0,5.0,,2.0,1.0,0.062,0.0
incoder,I,AvgPartitionUnknown.py,AvgPartition,Unknown,13.0,10.0,,3.0,2.0,0.062,0.0
incoder,I,BalancedBracketsFail.py,BalancedBrackets,Fail,13.0,,2.0,4.0,,0.062,
incoder,I,BalancedBracketsUnknown.py,BalancedBrackets,Unknown,30.0,,7.0,7.0,,0.062,
incoder,I,BankAccountSuccess.py,BankAccount,Success,9.0,,2.0,3.0,,0.062,
incoder,I,BankAccountUnknown.py,BankAccount,Unknown,28.0,6.0,8.0,8.0,1.0,0.062,0.0
incoder,I,BigNumCalculatorError.py,BigNumCalculator,Error,9.0,10.0,5.0,4.0,2.0,0.062,0.0
incoder,I,BigNumCalculatorUnknown.py,BigNumCalculator,Unknown,21.0,20.0,11.0,10.0,4.0,0.062,0.0
incoder,I,BinaryDataProcessorFail.py,BinaryDataProcessor,Fail,9.0,,,2.0,,0.062,
incoder,I,BinaryDataProcessorUnknown.py,BinaryDataProcessor,Unknown,248.0,,,5.0,,0.062,
incoder,I,BitStatusUtilError.py,BitStatusUtil,Error,7.0,5.0,2.0,3.0,1.0,0.062,0.0
incoder,I,BitStatusUtilUnknown.py,BitStatusUtil,Unknown,25.0,26.0,11.0,14.0,5.0,0.062,0.0
incoder,I,BlackjackGameError.py,BlackjackGame,Error,14.0,,3.0,4.0,,0.062,
incoder,I,BlackjackGameUnknown.py,BlackjackGame,Unknown,33.0,,11.0,9.0,,0.062,
incoder,I,BookManagementDBError.py,BookManagementDB,Error,18.0,,,2.0,,0.062,
incoder,I,BookManagementDBUnknown.py,BookManagementDB,Unknown,50.0,,,7.0,,0.062,
incoder,I,BookManagementError.py,BookManagement,Error,9.0,,2.0,3.0,,0.062,
incoder,I,BookManagementUnknown.py,BookManagement,Unknown,29.0,,9.0,9.0,,0.062,
incoder,I,BoyerMooreSearchError.py,BoyerMooreSearch,Error,11.0,4.0,2.0,4.0,2.0,0.062,0.0
incoder,I,BoyerMooreSearchUnknown.py,BoyerMooreSearch,Unknown,30.0,8.0,9.0,11.0,4.0,0.062,0.0
incoder,I,CalculatorFail.py,Calculator,Fail,244.0,1.0,,2.0,1.0,0.062,0.0
incoder,I,CalculatorUnknown.py,Calculator,Unknown,246.0,1.0,,4.0,1.0,0.062,0.0
incoder,I,CalendarUtilError.py,CalendarUtil,Error,,,,,,0.062,
incoder,I,CalendarUtilUnknown.py,CalendarUtil,Unknown,,,,,,0.062,
incoder,I,CamelCaseMapError.py,CamelCaseMap,Error,9.0,,2.0,3.0,,0.062,
incoder,I,CamelCaseMapUnknown.py,CamelCaseMap,Unknown,31.0,11.0,6.0,11.0,2.0,0.062,0.0
incoder,I,ChandrasekharSieveError.py,ChandrasekharSieve,Error,34.0,,5.0,5.0,,0.062,
incoder,I,ChandrasekharSieveUnknown.py,ChandrasekharSieve,Unknown,39.0,,6.0,7.0,,0.062,
incoder,I,ChatFail.py,Chat,Fail,10.0,,2.0,3.0,,0.062,
incoder,I,ChatUnknown.py,Chat,Unknown,28.0,,9.0,10.0,,0.062,
incoder,I,ClassRegistrationSystemFail.py,ClassRegistrationSystem,Fail,11.0,,2.0,3.0,,0.062,
incoder,I,ClassRegistrationSystemUnknown.py,ClassRegistrationSystem,Unknown,33.0,,10.0,11.0,,0.062,
incoder,I,ClassroomError.py,Classroom,Error,8.0,,,2.0,,0.062,
incoder,I,ClassroomUnknown.py,Classroom,Unknown,23.0,,6.0,9.0,,0.062,
incoder,I,CombinationCalculatorFail.py,CombinationCalculator,Fail,8.0,,,2.0,,0.062,
incoder,I,CombinationCalculatorUnknown.py,CombinationCalculator,Unknown,12.0,11.0,,6.0,4.0,0.062,0.0
incoder,I,ComplexCalculatorError.py,ComplexCalculator,Error,5.0,5.0,,2.0,1.0,0.062,0.0
incoder,I,ComplexCalculatorUnknown.py,ComplexCalculator,Unknown,8.0,20.0,,5.0,4.0,0.062,0.0
incoder,I,CookiesUtilError.py,CookiesUtil,Error,10.0,,,2.0,,0.062,
incoder,I,CookiesUtilUnknown.py,CookiesUtil,Unknown,20.0,,,4.0,,0.062,
incoder,I,CSVProcessorError.py,CSVProcessor,Error,13.0,5.0,1.0,3.0,1.0,0.062,0.0
incoder,I,CSVProcessorUnknown.py,CSVProcessor,Unknown,25.0,12.0,2.0,6.0,3.0,0.062,0.0
incoder,I,CurrencyConverterError.py,CurrencyConverter,Error,15.0,5.0,,2.0,1.0,0.062,0.0
incoder,I,CurrencyConverterUnknown.py,CurrencyConverter,Unknown,31.0,5.0,2.0,7.0,1.0,0.062,0.0
incoder,I,DatabaseProcessorError.py,DatabaseProcessor,Error,9.0,,,2.0,,0.062,
incoder,I,DatabaseProcessorUnknown.py,DatabaseProcessor,Unknown,21.0,,,5.0,,0.062,
incoder,I,DataStatistics2Error.py,DataStatistics2,Error,9.0,5.0,1.0,3.0,1.0,0.062,0.0
incoder,I,DataStatistics2Unknown.py,DataStatistics2,Unknown,37.0,15.0,9.0,14.0,3.0,0.062,0.0
incoder,I,DataStatistics4Fail.py,DataStatistics4,Fail,3.0,5.0,,1.0,1.0,0.062,0.0
incoder,I,DataStatistics4Unknown.py,DataStatistics4,Unknown,6.0,20.0,,4.0,4.0,0.062,0.0
incoder,I,DataStatisticsFail.py,DataStatistics,Fail,5.0,,,1.0,,0.062,
incoder,I,DataStatisticsUnknown.py,DataStatistics,Unknown,17.0,,2.0,4.0,,0.062,
incoder,I,DecryptionUtilsError.py,DecryptionUtils,Error,11.0,,4.0,4.0,,0.062,
incoder,I,DecryptionUtilsUnknown.py,DecryptionUtils,Unknown,27.0,,12.0,10.0,,0.062,
incoder,I,DiscountStrategyFail.py,DiscountStrategy,Fail,11.0,,1.0,3.0,,0.062,
incoder,I,DiscountStrategyUnknown.py,DiscountStrategy,Unknown,15.0,30.0,1.0,7.0,6.0,0.062,0.0
incoder,I,DocFileHandlerError.py,DocFileHandler,Error,13.0,,1.0,3.0,,0.062,
incoder,I,DocFileHandlerUnknown.py,DocFileHandler,Unknown,,,,,,0.062,
incoder,I,EightPuzzleError.py,EightPuzzle,Error,11.0,,6.0,5.0,,0.062,
incoder,I,EightPuzzleUnknown.py,EightPuzzle,Unknown,46.0,21.0,39.0,19.0,3.0,0.062,0.0
incoder,I,EmailClientError.py,EmailClient,Error,12.0,,1.0,3.0,,0.062,
incoder,I,EmailClientUnknown.py,EmailClient,Unknown,30.0,,4.0,10.0,,0.062,
incoder,I,EncryptionUtilsError.py,EncryptionUtils,Error,8.0,,1.0,3.0,,0.062,
incoder,I,EncryptionUtilsUnknown.py,EncryptionUtils,Unknown,18.0,,3.0,7.0,,0.062,
incoder,I,ExcelProcessorError.py,ExcelProcessor,Error,11.0,5.0,1.0,3.0,1.0,0.062,0.0
incoder,I,ExcelProcessorUnknown.py,ExcelProcessor,Unknown,30.0,7.0,2.0,6.0,2.0,0.062,0.0
incoder,I,ExpressionCalculatorError.py,ExpressionCalculator,Error,228.0,1070.0,1.0,3.0,214.0,0.062,0.0
incoder,I,ExpressionCalculatorUnknown.py,ExpressionCalculator,Unknown,233.0,1085.0,1.0,8.0,217.0,0.062,0.0
incoder,I,FitnessTrackerError.py,FitnessTracker,Error,13.0,7.0,,2.0,2.0,0.062,0.0
incoder,I,FitnessTrackerUnknown.py,FitnessTracker,Unknown,32.0,9.0,15.0,11.0,3.0,0.062,0.0
incoder,I,GomokuGameError.py,GomokuGame,Error,,,,,,0.062,
incoder,I,GomokuGameUnknown.py,GomokuGame,Unknown,,,,,,0.062,
incoder,I,HotelSuccess.py,Hotel,Success,13.0,,2.0,3.0,,0.062,
incoder,I,HotelUnknown.py,Hotel,Unknown,31.0,,6.0,8.0,,0.062,
incoder,I,HRManagementSystemError.py,HRManagementSystem,Error,10.0,,2.0,3.0,,0.062,
incoder,I,HRManagementSystemUnknown.py,HRManagementSystem,Unknown,,,,,,0.062,
incoder,I,HtmlUtilError.py,HtmlUtil,Error,22.0,2.0,1.0,3.0,1.0,0.062,0.0
incoder,I,HtmlUtilUnknown.py,HtmlUtil,Unknown,,,,,,0.062,
incoder,I,ImageProcessorError.py,ImageProcessor,Error,6.0,,,2.0,,0.062,
incoder,I,ImageProcessorUnknown.py,ImageProcessor,Unknown,14.0,,,6.0,,0.062,
incoder,I,InterpolationError.py,Interpolation,Error,5.0,5.0,,2.0,1.0,0.062,0.0
incoder,I,InterpolationUnknown.py,Interpolation,Unknown,,,,,,0.062,
incoder,I,IPAddressError.py,IPAddress,Error,15.0,,7.0,6.0,,0.062,
incoder,I,IPAddressUnknown.py,IPAddress,Unknown,24.0,,8.0,9.0,,0.062,
incoder,I,IpUtilError.py,IpUtil,Error,3.0,5.0,,1.0,1.0,0.062,0.0
incoder,I,IpUtilUnknown.py,IpUtil,Unknown,,,,,,0.062,
incoder,I,JobMarketplaceError.py,JobMarketplace,Error,10.0,,,2.0,,0.062,
incoder,I,JobMarketplaceUnknown.py,JobMarketplace,Unknown,42.0,,19.0,17.0,,0.062,
incoder,I,JSONProcessorFail.py,JSONProcessor,Fail,9.0,,1.0,2.0,,0.062,
incoder,I,JSONProcessorUnknown.py,JSONProcessor,Unknown,23.0,,4.0,7.0,,0.062,
incoder,I,KappaCalculatorFail.py,KappaCalculator,Fail,3.0,7.0,,1.0,2.0,0.062,0.0
incoder,I,KappaCalculatorUnknown.py,KappaCalculator,Unknown,4.0,16.0,,2.0,5.0,0.062,0.0
incoder,I,LemmatizationError.py,Lemmatization,Error,214.0,,,2.0,,0.062,
incoder,I,LemmatizationUnknown.py,Lemmatization,Unknown,216.0,,,4.0,,0.062,
incoder,I,LongestWordPartialSuccess.py,LongestWord,PartialSuccess,8.0,,,2.0,,0.062,
incoder,I,LongestWordUnknown.py,LongestWord,Unknown,17.0,,3.0,5.0,,0.062,
incoder,I,MahjongConnectFail.py,MahjongConnect,Fail,12.0,4.0,3.0,4.0,2.0,0.062,0.0
incoder,I,MahjongConnectUnknown.py,MahjongConnect,Unknown,50.0,4.0,21.0,38.0,2.0,0.062,0.0
incoder,I,ManacherError.py,Manacher,Error,11.0,,3.0,3.0,,0.062,
incoder,I,ManacherUnknown.py,Manacher,Unknown,20.0,,4.0,5.0,,0.062,
incoder,I,MetricsCalculator2Error.py,MetricsCalculator2,Error,6.0,5.0,,2.0,1.0,0.062,0.0
incoder,I,MetricsCalculator2Unknown.py,MetricsCalculator2,Unknown,7.0,10.0,,3.0,2.0,0.062,0.0
incoder,I,MetricsCalculatorError.py,MetricsCalculator,Error,11.0,,,2.0,,0.062,
incoder,I,MetricsCalculatorUnknown.py,MetricsCalculator,Unknown,23.0,30.0,,6.0,6.0,0.062,0.0
incoder,I,MinesweeperGameError.py,MinesweeperGame,Error,21.0,5.0,11.0,10.0,1.0,0.062,0.0
incoder,I,MinesweeperGameUnknown.py,MinesweeperGame,Unknown,56.0,15.0,38.0,29.0,3.0,0.062,0.0
incoder,I,MovieBookingSystemFail.py,MovieBookingSystem,Fail,8.0,,,2.0,,0.062,
incoder,I,MovieBookingSystemUnknown.py,MovieBookingSystem,Unknown,25.0,,9.0,10.0,,0.062,
incoder,I,MovieTicketDBSuccess.py,MovieTicketDB,Success,18.0,,,2.0,,0.062,
incoder,I,MovieTicketDBUnknown.py,MovieTicketDB,Unknown,37.0,,,5.0,,0.062,
incoder,I,MusicPlayerFail.py,MusicPlayer,Fail,8.0,,,2.0,,0.062,
incoder,I,MusicPlayerUnknown.py,MusicPlayer,Unknown,42.0,,11.0,15.0,,0.062,
incoder,I,NLPDataProcessor2Error.py,NLPDataProcessor2,Error,10.0,,1.0,2.0,,0.062,
incoder,I,NLPDataProcessor2Unknown.py,NLPDataProcessor2,Unknown,18.0,,1.0,4.0,,0.062,
incoder,I,NLPDataProcessorFail.py,NLPDataProcessor,Fail,4.0,,,1.0,,0.062,
incoder,I,NLPDataProcessorUnknown.py,NLPDataProcessor,Unknown,17.0,,6.0,6.0,,0.062,
incoder,I,NumberConverterFail.py,NumberConverter,Fail,2.0,5.0,,1.0,1.0,0.062,0.0
incoder,I,NumberConverterUnknown.py,NumberConverter,Unknown,7.0,30.0,,6.0,6.0,0.062,0.0
incoder,I,NumberWordFormatterError.py,NumberWordFormatter,Error,33.0,7.0,17.0,12.0,1.0,0.062,0.0
incoder,I,NumberWordFormatterUnknown.py,NumberWordFormatter,Unknown,271.0,109.0,139.0,131.0,3.0,0.062,0.0
incoder,I,NumericEntityUnescaperError.py,NumericEntityUnescaper,Error,4.0,5.0,,2.0,1.0,0.062,0.0
incoder,I,NumericEntityUnescaperUnknown.py,NumericEntityUnescaper,Unknown,6.0,10.0,1.0,4.0,2.0,0.062,0.0
incoder,I,OrderFail.py,Order,Fail,21.0,,5.0,5.0,,0.062,
incoder,I,OrderUnknown.py,Order,Unknown,32.0,,8.0,9.0,,0.062,
incoder,I,PageUtilError.py,PageUtil,Error,18.0,,3.0,5.0,,0.062,
incoder,I,PageUtilUnknown.py,PageUtil,Unknown,220.0,5.0,6.0,10.0,1.0,0.062,0.0
incoder,I,PDFHandlerError.py,PDFHandler,Error,11.0,,1.0,3.0,,0.062,
incoder,I,PDFHandlerUnknown.py,PDFHandler,Unknown,16.0,,2.0,5.0,,0.062,
incoder,I,PersonRequestFail.py,PersonRequest,Fail,9.0,9.0,1.0,3.0,3.0,0.062,0.0
incoder,I,PersonRequestUnknown.py,PersonRequest,Unknown,17.0,26.0,4.0,8.0,7.0,0.062,0.0
incoder,I,PushBoxGameError.py,PushBoxGame,Error,28.0,,10.0,8.0,,0.062,
incoder,I,PushBoxGameUnknown.py,PushBoxGame,Unknown,51.0,,19.0,16.0,,0.062,
incoder,I,RegexUtilsFail.py,RegexUtils,Fail,5.0,,,1.0,,0.062,
incoder,I,RegexUtilsUnknown.py,RegexUtils,Unknown,32.0,,,10.0,,0.062,
incoder,I,RPGCharacterError.py,RPGCharacter,Error,18.0,,2.0,3.0,,0.062,
incoder,I,RPGCharacterUnknown.py,RPGCharacter,Unknown,,,,,,0.062,
incoder,I,ServerFail.py,Server,Fail,11.0,,2.0,3.0,,0.062,
incoder,I,ServerUnknown.py,Server,Unknown,35.0,,11.0,11.0,,0.062,
incoder,I,ShoppingCartSuccess.py,ShoppingCart,Success,5.0,,,2.0,,0.062,
incoder,I,ShoppingCartUnknown.py,ShoppingCart,Unknown,14.0,,1.0,6.0,,0.062,
incoder,I,SignInSystemFail.py,SignInSystem,Fail,9.0,,2.0,3.0,,0.062,
incoder,I,SignInSystemUnknown.py,SignInSystem,Unknown,31.0,,12.0,13.0,,0.062,
incoder,I,SnakeError.py,Snake,Error,19.0,6.0,2.0,3.0,3.0,0.062,0.0
incoder,I,SnakeUnknown.py,Snake,Unknown,30.0,6.0,2.0,6.0,3.0,0.062,0.0
incoder,I,SplitSentenceFail.py,SplitSentence,Fail,,,,,,0.062,
incoder,I,SplitSentenceUnknown.py,SplitSentence,Unknown,,,,,,0.062,
incoder,I,SQLGeneratorFail.py,SQLGenerator,Fail,8.0,,2.0,4.0,,0.062,
incoder,I,SQLGeneratorUnknown.py,SQLGenerator,Unknown,25.0,,3.0,10.0,,0.062,
incoder,I,SQLQueryBuilderFail.py,SQLQueryBuilder,Fail,2.0,5.0,,1.0,1.0,0.062,0.0
incoder,I,SQLQueryBuilderUnknown.py,SQLQueryBuilder,Unknown,5.0,20.0,,4.0,4.0,0.062,0.0
incoder,I,Statistics3Error.py,Statistics3,Error,9.0,5.0,2.0,2.0,1.0,0.062,0.0
incoder,I,Statistics3Unknown.py,Statistics3,Unknown,54.0,65.0,17.0,17.0,13.0,0.062,0.0
incoder,I,StockPortfolioTrackerError.py,StockPortfolioTracker,Error,8.0,,1.0,3.0,,0.062,
incoder,I,StockPortfolioTrackerUnknown.py,StockPortfolioTracker,Unknown,36.0,,7.0,15.0,,0.062,
incoder,I,StudentDatabaseProcessorFail.py,StudentDatabaseProcessor,Fail,10.0,,,2.0,,0.062,
incoder,I,StudentDatabaseProcessorUnknown.py,StudentDatabaseProcessor,Unknown,29.0,,,5.0,,0.062,
incoder,I,TextFileProcessorError.py,TextFileProcessor,Error,8.0,,,2.0,,0.062,
incoder,I,TextFileProcessorUnknown.py,TextFileProcessor,Unknown,25.0,5.0,4.0,7.0,1.0,0.062,0.0
incoder,I,ThermostatError.py,Thermostat,Error,8.0,,,2.0,,0.062,
incoder,I,ThermostatUnknown.py,Thermostat,Unknown,31.0,,6.0,12.0,,0.062,
incoder,I,TicTacToeError.py,TicTacToe,Error,,,,,,0.062,
incoder,I,TicTacToeUnknown.py,TicTacToe,Unknown,,,,,,0.062,
incoder,I,TimeUtilsFail.py,TimeUtils,Fail,7.0,,,2.0,,0.062,
incoder,I,TimeUtilsUnknown.py,TimeUtils,Unknown,22.0,,,8.0,,0.062,
incoder,I,TriCalculatorError.py,TriCalculator,Error,7.0,5.0,,2.0,1.0,0.062,0.0
incoder,I,TriCalculatorUnknown.py,TriCalculator,Unknown,21.0,5.0,,6.0,1.0,0.062,0.0
incoder,I,TwentyFourPointGameError.py,TwentyFourPointGame,Error,9.0,5.0,1.0,3.0,1.0,0.062,0.0
incoder,I,TwentyFourPointGameUnknown.py,TwentyFourPointGame,Unknown,,,,,,0.062,
incoder,I,URLHandlerError.py,URLHandler,Error,6.0,,,2.0,,0.062,
incoder,I,URLHandlerUnknown.py,URLHandler,Unknown,19.0,,,6.0,,0.062,
incoder,I,UrlPathFail.py,UrlPath,Fail,8.0,,,2.0,,0.062,
incoder,I,UrlPathUnknown.py,UrlPath,Unknown,12.0,5.0,,4.0,1.0,0.062,0.0
incoder,I,UserLoginDBFail.py,UserLoginDB,Fail,9.0,,,2.0,,0.062,
incoder,I,UserLoginDBUnknown.py,UserLoginDB,Unknown,21.0,,,5.0,,0.062,
incoder,I,VectorUtilError.py,VectorUtil,Error,5.0,5.0,,1.0,1.0,0.062,0.0
incoder,I,VectorUtilUnknown.py,VectorUtil,Unknown,8.0,20.0,,4.0,4.0,0.062,0.0
incoder,I,VendingMachineFail.py,VendingMachine,Fail,8.0,,,2.0,,0.062,
incoder,I,VendingMachineUnknown.py,VendingMachine,Unknown,39.0,,12.0,11.0,,0.062,
incoder,I,WarehouseError.py,Warehouse,Error,10.0,,2.0,3.0,,0.062,
incoder,I,WarehouseUnknown.py,Warehouse,Unknown,46.0,,15.0,14.0,,0.062,
incoder,I,WeatherSystemError.py,WeatherSystem,Error,12.0,,,2.0,,0.062,
incoder,I,WeatherSystemUnknown.py,WeatherSystem,Unknown,24.0,,,5.0,,0.062,
incoder,I,Words2NumbersError.py,Words2Numbers,Error,54.0,15.0,16.0,15.0,3.0,0.062,0.0
incoder,I,Words2NumbersUnknown.py,Words2Numbers,Unknown,89.0,30.0,28.0,25.0,6.0,0.062,0.0
incoder,I,XMLProcessorError.py,XMLProcessor,Error,9.0,,,2.0,,0.062,
incoder,I,XMLProcessorUnknown.py,XMLProcessor,Unknown,23.0,,1.0,6.0,,0.062,
incoder,I,ZipFileProcessorSuccess.py,ZipFileProcessor,Success,7.0,,,2.0,,0.062,
incoder,I,ZipFileProcessorUnknown.py,ZipFileProcessor,Unknown,21.0,,1.0,6.0,,0.062,
instruct-codegen-16B,H,AccessGatewayFilterError.py,AccessGatewayFilter,Error,,,,,,0.074,
instruct-codegen-16B,H,AreaCalculatorFail.py,AreaCalculator,Fail,13.0,,,6.0,,0.074,
instruct-codegen-16B,H,ArgumentParserError.py,ArgumentParser,Error,9.0,,,5.0,,0.074,
instruct-codegen-16B,H,ArrangementCalculatorError.py,ArrangementCalculator,Error,12.0,,,6.0,,0.074,
instruct-codegen-16B,H,AssessmentSystemSuccess.py,AssessmentSystem,Success,9.0,,,7.0,,0.074,
instruct-codegen-16B,H,AutomaticGuitarSimulatorError.py,AutomaticGuitarSimulator,Error,5.0,,,3.0,,0.074,
instruct-codegen-16B,H,AvgPartitionPartialSuccess.py,AvgPartition,PartialSuccess,6.0,5.0,,3.0,1.0,0.074,0.0
instruct-codegen-16B,H,BalancedBracketsError.py,BalancedBrackets,Error,8.0,,,3.0,,0.074,
instruct-codegen-16B,H,BankAccountPartialSuccess.py,BankAccount,PartialSuccess,7.0,,,5.0,,0.074,
instruct-codegen-16B,H,BigNumCalculatorError.py,BigNumCalculator,Error,7.0,,,3.0,,0.074,
instruct-codegen-16B,H,BinaryDataProcessorFail.py,BinaryDataProcessor,Fail,8.0,,,5.0,,0.074,
instruct-codegen-16B,H,BitStatusUtilError.py,BitStatusUtil,Error,9.0,,,4.0,,0.074,
instruct-codegen-16B,H,BlackjackGameError.py,BlackjackGame,Error,,,,,,0.074,
instruct-codegen-16B,H,BookManagementDBError.py,BookManagementDB,Error,29.0,,,7.0,,0.074,
instruct-codegen-16B,H,BookManagementFail.py,BookManagement,Fail,7.0,,,5.0,,0.074,
instruct-codegen-16B,H,BoyerMooreSearchError.py,BoyerMooreSearch,Error,7.0,6.0,,4.0,3.0,0.074,0.0
instruct-codegen-16B,H,CalculatorError.py,Calculator,Error,12.0,,,4.0,,0.074,
instruct-codegen-16B,H,CalendarUtilError.py,CalendarUtil,Error,,,,,,0.074,
instruct-codegen-16B,H,CamelCaseMapError.py,CamelCaseMap,Error,11.0,,,8.0,,0.074,
instruct-codegen-16B,H,ChandrasekharSieveError.py,ChandrasekharSieve,Error,6.0,,,3.0,,0.074,
instruct-codegen-16B,H,ChatError.py,Chat,Error,8.0,,,5.0,,0.074,
instruct-codegen-16B,H,ClassRegistrationSystemFail.py,ClassRegistrationSystem,Fail,,,,,,0.074,
instruct-codegen-16B,H,ClassroomSuccess.py,Classroom,Success,9.0,,,5.0,,0.074,
instruct-codegen-16B,H,CombinationCalculatorError.py,CombinationCalculator,Error,,,,,,0.074,
instruct-codegen-16B,H,ComplexCalculatorFail.py,ComplexCalculator,Fail,11.0,5.0,,5.0,1.0,0.074,0.0
instruct-codegen-16B,H,CookiesUtilError.py,CookiesUtil,Error,,,,,,0.074,
instruct-codegen-16B,H,CSVProcessorError.py,CSVProcessor,Error,6.0,7.0,,4.0,2.0,0.074,0.0
instruct-codegen-16B,H,CurrencyConverterError.py,CurrencyConverter,Error,15.0,,,5.0,,0.074,
instruct-codegen-16B,H,DatabaseProcessorFail.py,DatabaseProcessor,Fail,8.0,,,5.0,,0.074,
instruct-codegen-16B,H,DataStatistics2Error.py,DataStatistics2,Error,15.0,,,7.0,,0.074,
instruct-codegen-16B,H,DataStatistics4Error.py,DataStatistics4,Error,,,,,,0.074,
instruct-codegen-16B,H,DataStatisticsFail.py,DataStatistics,Fail,5.0,,,3.0,,0.074,
instruct-codegen-16B,H,DecryptionUtilsError.py,DecryptionUtils,Error,6.0,,,4.0,,0.074,
instruct-codegen-16B,H,DiscountStrategyError.py,DiscountStrategy,Error,14.0,15.0,,6.0,3.0,0.074,0.0
instruct-codegen-16B,H,DocFileHandlerError.py,DocFileHandler,Error,11.0,,,6.0,,0.074,
instruct-codegen-16B,H,EightPuzzleError.py,EightPuzzle,Error,8.0,,,5.0,,0.074,
instruct-codegen-16B,H,EmailClientError.py,EmailClient,Error,11.0,,,6.0,,0.074,
instruct-codegen-16B,H,EncryptionUtilsError.py,EncryptionUtils,Error,6.0,,,4.0,,0.074,
instruct-codegen-16B,H,ExcelProcessorError.py,ExcelProcessor,Error,37.0,7.0,15.0,13.0,2.0,0.074,0.0
instruct-codegen-16B,H,ExpressionCalculatorError.py,ExpressionCalculator,Error,13.0,,,7.0,,0.074,
instruct-codegen-16B,H,FitnessTrackerError.py,FitnessTracker,Error,13.0,7.0,,4.0,2.0,0.074,0.0
instruct-codegen-16B,H,GomokuGameError.py,GomokuGame,Error,8.0,,,4.0,,0.074,
instruct-codegen-16B,H,HotelSuccess.py,Hotel,Success,9.0,,,5.0,,0.074,
instruct-codegen-16B,H,HRManagementSystemFail.py,HRManagementSystem,Fail,,,,,,0.074,
instruct-codegen-16B,H,HtmlUtilError.py,HtmlUtil,Error,,,,,,0.074,
instruct-codegen-16B,H,ImageProcessorError.py,ImageProcessor,Error,,,,,,0.074,
instruct-codegen-16B,H,InterpolationError.py,Interpolation,Error,,,,,,0.074,
instruct-codegen-16B,H,IPAddressFail.py,IPAddress,Fail,6.0,,,4.0,,0.074,
instruct-codegen-16B,H,IpUtilError.py,IpUtil,Error,,,,,,0.074,
instruct-codegen-16B,H,JobMarketplaceError.py,JobMarketplace,Error,10.0,,,7.0,,0.074,
instruct-codegen-16B,H,JSONProcessorError.py,JSONProcessor,Error,,,,,,0.074,
instruct-codegen-16B,H,KappaCalculatorError.py,KappaCalculator,Error,,,,,,0.074,
instruct-codegen-16B,H,LemmatizationError.py,Lemmatization,Error,,,,,,0.074,
instruct-codegen-16B,H,LongestWordPartialSuccess.py,LongestWord,PartialSuccess,14.0,,5.0,7.0,,0.074,
instruct-codegen-16B,H,MahjongConnectError.py,MahjongConnect,Error,,,,,,0.074,
instruct-codegen-16B,H,ManacherFail.py,Manacher,Fail,5.0,,,3.0,,0.074,
instruct-codegen-16B,H,MetricsCalculator2Error.py,MetricsCalculator2,Error,7.0,5.0,,3.0,1.0,0.074,0.0
instruct-codegen-16B,H,MetricsCalculatorError.py,MetricsCalculator,Error,11.0,,,6.0,,0.074,
instruct-codegen-16B,H,MinesweeperGameError.py,MinesweeperGame,Error,,,,,,0.074,
instruct-codegen-16B,H,MovieBookingSystemError.py,MovieBookingSystem,Error,8.0,,,4.0,,0.074,
instruct-codegen-16B,H,MovieTicketDBSuccess.py,MovieTicketDB,Success,23.0,,,5.0,,0.074,
instruct-codegen-16B,H,MusicPlayerError.py,MusicPlayer,Error,13.0,,,9.0,,0.074,
instruct-codegen-16B,H,NLPDataProcessor2Fail.py,NLPDataProcessor2,Fail,5.0,,,3.0,,0.074,
instruct-codegen-16B,H,NLPDataProcessorError.py,NLPDataProcessor,Error,4.0,,,3.0,,0.074,
instruct-codegen-16B,H,NumberConverterFail.py,NumberConverter,Fail,13.0,,,6.0,,0.074,
instruct-codegen-16B,H,NumberWordFormatterFail.py,NumberWordFormatter,Fail,14.0,,,6.0,,0.074,
instruct-codegen-16B,H,NumericEntityUnescaperError.py,NumericEntityUnescaper,Error,6.0,5.0,,3.0,1.0,0.074,0.0
instruct-codegen-16B,H,OrderFail.py,Order,Fail,8.0,,,4.0,,0.074,
instruct-codegen-16B,H,PageUtilFail.py,PageUtil,Fail,9.0,,,4.0,,0.074,
instruct-codegen-16B,H,PDFHandlerError.py,PDFHandler,Error,9.0,,,4.0,,0.074,
instruct-codegen-16B,H,PersonRequestSuccess.py,PersonRequest,Success,8.0,11.0,,4.0,4.0,0.074,0.8625
instruct-codegen-16B,H,PushBoxGameFail.py,PushBoxGame,Fail,13.0,,,4.0,,0.074,
instruct-codegen-16B,H,RegexUtilsError.py,RegexUtils,Error,25.0,5.0,,10.0,1.0,0.074,0.0
instruct-codegen-16B,H,RPGCharacterFail.py,RPGCharacter,Fail,13.0,,,6.0,,0.074,
instruct-codegen-16B,H,ServerFail.py,Server,Fail,10.0,,,6.0,,0.074,
instruct-codegen-16B,H,ShoppingCartFail.py,ShoppingCart,Fail,7.0,,,5.0,,0.074,
instruct-codegen-16B,H,SignInSystemSuccess.py,SignInSystem,Success,8.0,,,6.0,,0.074,
instruct-codegen-16B,H,SnakeFail.py,Snake,Fail,20.0,6.0,,4.0,3.0,0.074,0.0
instruct-codegen-16B,H,SplitSentenceFail.py,SplitSentence,Fail,,,,,,0.074,
instruct-codegen-16B,H,SQLGeneratorFail.py,SQLGenerator,Fail,9.0,,,7.0,,0.074,
instruct-codegen-16B,H,SQLQueryBuilderError.py,SQLQueryBuilder,Error,9.0,,,4.0,,0.074,
instruct-codegen-16B,H,Statistics3Error.py,Statistics3,Error,16.0,,,7.0,,0.074,
instruct-codegen-16B,H,StockPortfolioTrackerError.py,StockPortfolioTracker,Error,11.0,,,8.0,,0.074,
instruct-codegen-16B,H,StudentDatabaseProcessorSuccess.py,StudentDatabaseProcessor,Success,33.0,,,5.0,,0.074,
instruct-codegen-16B,H,TextFileProcessorError.py,TextFileProcessor,Error,7.0,,,5.0,,0.074,
instruct-codegen-16B,H,ThermostatFail.py,Thermostat,Fail,12.0,,,8.0,,0.074,
instruct-codegen-16B,H,TicTacToeFail.py,TicTacToe,Fail,7.0,2.0,,4.0,1.0,0.074,0.0
instruct-codegen-16B,H,TimeUtilsFail.py,TimeUtils,Fail,11.0,,,8.0,,0.074,
instruct-codegen-16B,H,TriCalculatorError.py,TriCalculator,Error,9.0,5.0,,6.0,1.0,0.074,0.0
instruct-codegen-16B,H,TwentyFourPointGamePartialSuccess.py,TwentyFourPointGame,PartialSuccess,17.0,,,5.0,,0.074,
instruct-codegen-16B,H,URLHandlerFail.py,URLHandler,Fail,8.0,,,6.0,,0.074,
instruct-codegen-16B,H,UrlPathError.py,UrlPath,Error,,,,,,0.074,
instruct-codegen-16B,H,UserLoginDBError.py,UserLoginDB,Error,8.0,,,5.0,,0.074,
instruct-codegen-16B,H,VectorUtilError.py,VectorUtil,Error,,,,,,0.074,
instruct-codegen-16B,H,VendingMachineError.py,VendingMachine,Error,9.0,,,6.0,,0.074,
instruct-codegen-16B,H,WarehouseFail.py,Warehouse,Fail,10.0,,,7.0,,0.074,
instruct-codegen-16B,H,WeatherSystemFail.py,WeatherSystem,Fail,10.0,,,5.0,,0.074,
instruct-codegen-16B,H,Words2NumbersError.py,Words2Numbers,Error,21.0,,4.0,7.0,,0.074,
instruct-codegen-16B,H,XMLProcessorFail.py,XMLProcessor,Fail,21.0,,1.0,6.0,,0.074,
instruct-codegen-16B,H,ZipFileProcessorError.py,ZipFileProcessor,Error,,,,,,0.074,
instruct-codegen-16B,C,AccessGatewayFilterError.py,AccessGatewayFilter,Error,18.0,5.0,4.0,5.0,1.0,0.05800000000000001,0.0
instruct-codegen-16B,C,AreaCalculatorError.py,AreaCalculator,Error,10.0,,1.0,4.0,,0.05800000000000001,
instruct-codegen-16B,C,ArgumentParserError.py,ArgumentParser,Error,29.0,,11.0,10.0,,0.05800000000000001,
instruct-codegen-16B,C,ArrangementCalculatorError.py,ArrangementCalculator,Error,18.0,10.0,5.0,9.0,2.0,0.05800000000000001,0.0
instruct-codegen-16B,C,AssessmentSystemSuccess.py,AssessmentSystem,Success,28.0,,12.0,14.0,,0.05800000000000001,
instruct-codegen-16B,C,AutomaticGuitarSimulatorError.py,AutomaticGuitarSimulator,Error,17.0,,6.0,7.0,,0.05800000000000001,
instruct-codegen-16B,C,AvgPartitionPartialSuccess.py,AvgPartition,PartialSuccess,16.0,5.0,1.0,4.0,1.0,0.05800000000000001,0.0
instruct-codegen-16B,C,BalancedBracketsSuccess.py,BalancedBrackets,Success,16.0,,8.0,8.0,,0.05800000000000001,
instruct-codegen-16B,C,BankAccountPartialSuccess.py,BankAccount,PartialSuccess,20.0,,3.0,8.0,,0.05800000000000001,
instruct-codegen-16B,C,BigNumCalculatorError.py,BigNumCalculator,Error,44.0,15.0,15.0,12.0,3.0,0.05800000000000001,0.0
instruct-codegen-16B,C,BinaryDataProcessorError.py,BinaryDataProcessor,Error,21.0,,1.0,5.0,,0.05800000000000001,
instruct-codegen-16B,C,BitStatusUtilError.py,BitStatusUtil,Error,19.0,20.0,9.0,13.0,4.0,0.05800000000000001,0.0
instruct-codegen-16B,C,BlackjackGameError.py,BlackjackGame,Error,44.0,,15.0,11.0,,0.05800000000000001,
instruct-codegen-16B,C,BookManagementDBError.py,BookManagementDB,Error,,,,,,0.05800000000000001,
instruct-codegen-16B,C,BookManagementError.py,BookManagement,Error,27.0,,10.0,12.0,,0.05800000000000001,
instruct-codegen-16B,C,BoyerMooreSearchFail.py,BoyerMooreSearch,Fail,32.0,8.0,17.0,14.0,4.0,0.05800000000000001,0.0
instruct-codegen-16B,C,CalculatorFail.py,Calculator,Fail,44.0,,12.0,10.0,,0.05800000000000001,
instruct-codegen-16B,C,CalendarUtilPartialSuccess.py,CalendarUtil,PartialSuccess,,,,,,0.05800000000000001,
instruct-codegen-16B,C,CamelCaseMapError.py,CamelCaseMap,Error,11.0,5.0,1.0,6.0,1.0,0.05800000000000001,0.0
instruct-codegen-16B,C,ChandrasekharSieveError.py,ChandrasekharSieve,Error,14.0,,3.0,5.0,,0.05800000000000001,
instruct-codegen-16B,C,ChatError.py,Chat,Error,20.0,,4.0,6.0,,0.05800000000000001,
instruct-codegen-16B,C,ClassRegistrationSystemError.py,ClassRegistrationSystem,Error,16.0,5.0,2.0,7.0,1.0,0.05800000000000001,0.0
instruct-codegen-16B,C,ClassroomError.py,Classroom,Error,8.0,,1.0,3.0,,0.05800000000000001,
instruct-codegen-16B,C,CombinationCalculatorError.py,CombinationCalculator,Error,43.0,25.0,12.0,17.0,8.0,0.05800000000000001,0.0
instruct-codegen-16B,C,ComplexCalculatorError.py,ComplexCalculator,Error,12.0,20.0,,5.0,4.0,0.05800000000000001,0.0
instruct-codegen-16B,C,CookiesUtilError.py,CookiesUtil,Error,15.0,,3.0,4.0,,0.05800000000000001,
instruct-codegen-16B,C,CSVProcessorError.py,CSVProcessor,Error,10.0,5.0,1.0,3.0,1.0,0.05800000000000001,0.0
instruct-codegen-16B,C,CurrencyConverterSuccess.py,CurrencyConverter,Success,27.0,,4.0,8.0,,0.05800000000000001,
instruct-codegen-16B,C,DatabaseProcessorError.py,DatabaseProcessor,Error,20.0,,,3.0,,0.05800000000000001,
instruct-codegen-16B,C,DataStatistics2Error.py,DataStatistics2,Error,21.0,,1.0,8.0,,0.05800000000000001,
instruct-codegen-16B,C,DataStatistics4Error.py,DataStatistics4,Error,,,,,,0.05800000000000001,
instruct-codegen-16B,C,DataStatisticsError.py,DataStatistics,Error,23.0,,8.0,8.0,,0.05800000000000001,
instruct-codegen-16B,C,DecryptionUtilsFail.py,DecryptionUtils,Fail,30.0,,10.0,10.0,,0.05800000000000001,
instruct-codegen-16B,C,DiscountStrategyFail.py,DiscountStrategy,Fail,24.0,30.0,6.0,9.0,6.0,0.05800000000000001,0.0
instruct-codegen-16B,C,DocFileHandlerError.py,DocFileHandler,Error,55.0,,8.0,10.0,,0.05800000000000001,
instruct-codegen-16B,C,EightPuzzleFail.py,EightPuzzle,Fail,50.0,,15.0,13.0,,0.05800000000000001,
instruct-codegen-16B,C,EmailClientError.py,EmailClient,Error,16.0,,2.0,6.0,,0.05800000000000001,
instruct-codegen-16B,C,EncryptionUtilsError.py,EncryptionUtils,Error,43.0,20.0,18.0,13.0,4.0,0.05800000000000001,0.0
instruct-codegen-16B,C,ExcelProcessorError.py,ExcelProcessor,Error,34.0,12.0,6.0,8.0,3.0,0.05800000000000001,0.0
instruct-codegen-16B,C,ExpressionCalculatorError.py,ExpressionCalculator,Error,,,,,,0.05800000000000001,
instruct-codegen-16B,C,FitnessTrackerError.py,FitnessTracker,Error,31.0,7.0,10.0,7.0,2.0,0.05800000000000001,0.0
instruct-codegen-16B,C,GomokuGameFail.py,GomokuGame,Fail,77.0,55.0,79.0,34.0,2.0,0.05800000000000001,0.0
instruct-codegen-16B,C,HotelSuccess.py,Hotel,Success,26.0,,7.0,10.0,,0.05800000000000001,
instruct-codegen-16B,C,HRManagementSystemFail.py,HRManagementSystem,Fail,32.0,,7.0,10.0,,0.05800000000000001,
instruct-codegen-16B,C,HtmlUtilFail.py,HtmlUtil,Fail,30.0,2.0,2.0,6.0,1.0,0.05800000000000001,0.0
instruct-codegen-16B,C,ImageProcessorError.py,ImageProcessor,Error,11.0,,,4.0,,0.05800000000000001,
instruct-codegen-16B,C,InterpolationError.py,Interpolation,Error,,,,,,0.05800000000000001,
instruct-codegen-16B,C,IPAddressFail.py,IPAddress,Fail,13.0,,1.0,5.0,,0.05800000000000001,
instruct-codegen-16B,C,IpUtilError.py,IpUtil,Error,19.0,15.0,3.0,3.0,3.0,0.05800000000000001,0.0
instruct-codegen-16B,C,JobMarketplaceError.py,JobMarketplace,Error,15.0,,3.0,9.0,,0.05800000000000001,
instruct-codegen-16B,C,JSONProcessorPartialSuccess.py,JSONProcessor,PartialSuccess,24.0,,6.0,6.0,,0.05800000000000001,
instruct-codegen-16B,C,KappaCalculatorError.py,KappaCalculator,Error,22.0,16.0,,2.0,5.0,0.05800000000000001,0.0
instruct-codegen-16B,C,LemmatizationError.py,Lemmatization,Error,,,,,,0.05800000000000001,
instruct-codegen-16B,C,LongestWordPartialSuccess.py,LongestWord,PartialSuccess,15.0,,4.0,6.0,,0.05800000000000001,
instruct-codegen-16B,C,MahjongConnectError.py,MahjongConnect,Error,62.0,23.0,48.0,25.0,4.0,0.05800000000000001,0.0
instruct-codegen-16B,C,ManacherError.py,Manacher,Error,57.0,20.0,34.0,18.0,2.0,0.05800000000000001,0.0
instruct-codegen-16B,C,MetricsCalculator2Error.py,MetricsCalculator2,Error,12.0,5.0,3.0,3.0,1.0,0.05800000000000001,0.0
instruct-codegen-16B,C,MetricsCalculatorPartialSuccess.py,MetricsCalculator,PartialSuccess,64.0,,32.0,26.0,,0.05800000000000001,
instruct-codegen-16B,C,MinesweeperGameError.py,MinesweeperGame,Error,52.0,42.0,36.0,22.0,7.0,0.05800000000000001,0.0
instruct-codegen-16B,C,MovieBookingSystemError.py,MovieBookingSystem,Error,18.0,,8.0,8.0,,0.05800000000000001,
instruct-codegen-16B,C,MovieTicketDBError.py,MovieTicketDB,Error,,,,,,0.05800000000000001,
instruct-codegen-16B,C,MusicPlayerSuccess.py,MusicPlayer,Success,31.0,,10.0,13.0,,0.05800000000000001,
instruct-codegen-16B,C,NLPDataProcessor2Error.py,NLPDataProcessor2,Error,,,,,,0.05800000000000001,
instruct-codegen-16B,C,NLPDataProcessorPartialSuccess.py,NLPDataProcessor,PartialSuccess,15.0,,6.0,7.0,,0.05800000000000001,
instruct-codegen-16B,C,NumberConverterError.py,NumberConverter,Error,43.0,30.0,10.0,13.0,6.0,0.05800000000000001,0.0
instruct-codegen-16B,C,NumberWordFormatterError.py,NumberWordFormatter,Error,124.0,10.0,24.0,21.0,2.0,0.05800000000000001,0.0
instruct-codegen-16B,C,NumericEntityUnescaperError.py,NumericEntityUnescaper,Error,23.0,12.0,17.0,9.0,2.0,0.05800000000000001,0.0
instruct-codegen-16B,C,OrderError.py,Order,Error,17.0,,3.0,5.0,,0.05800000000000001,
instruct-codegen-16B,C,PageUtilFail.py,PageUtil,Fail,38.0,,3.0,6.0,,0.05800000000000001,
instruct-codegen-16B,C,PDFHandlerError.py,PDFHandler,Error,16.0,,2.0,5.0,,0.05800000000000001,
instruct-codegen-16B,C,PersonRequestSuccess.py,PersonRequest,Success,20.0,31.0,6.0,10.0,8.0,0.05800000000000001,0.845
instruct-codegen-16B,C,PushBoxGameError.py,PushBoxGame,Error,25.0,,8.0,5.0,,0.05800000000000001,
instruct-codegen-16B,C,RegexUtilsError.py,RegexUtils,Error,,,,,,0.05800000000000001,
instruct-codegen-16B,C,RPGCharacterError.py,RPGCharacter,Error,22.0,,,5.0,,0.05800000000000001,
instruct-codegen-16B,C,ServerError.py,Server,Error,25.0,1.0,6.0,9.0,1.0,0.05800000000000001,0.0
instruct-codegen-16B,C,ShoppingCartError.py,ShoppingCart,Error,8.0,,1.0,3.0,,0.05800000000000001,
instruct-codegen-16B,C,SignInSystemError.py,SignInSystem,Error,25.0,,9.0,10.0,,0.05800000000000001,
instruct-codegen-16B,C,SnakeError.py,Snake,Error,30.0,6.0,6.0,7.0,3.0,0.05800000000000001,0.0
instruct-codegen-16B,C,SplitSentencePartialSuccess.py,SplitSentence,PartialSuccess,,,,,,0.05800000000000001,
instruct-codegen-16B,C,SQLGeneratorError.py,SQLGenerator,Error,8.0,,,2.0,,0.05800000000000001,
instruct-codegen-16B,C,SQLQueryBuilderError.py,SQLQueryBuilder,Error,,,,,,0.05800000000000001,
instruct-codegen-16B,C,Statistics3Error.py,Statistics3,Error,,,,,,0.05800000000000001,
instruct-codegen-16B,C,StockPortfolioTrackerError.py,StockPortfolioTracker,Error,32.0,,5.0,12.0,,0.05800000000000001,
instruct-codegen-16B,C,StudentDatabaseProcessorError.py,StudentDatabaseProcessor,Error,14.0,,,3.0,,0.05800000000000001,
instruct-codegen-16B,C,TextFileProcessorError.py,TextFileProcessor,Error,15.0,,,5.0,,0.05800000000000001,
instruct-codegen-16B,C,ThermostatError.py,Thermostat,Error,15.0,,2.0,5.0,,0.05800000000000001,
instruct-codegen-16B,C,TicTacToeFail.py,TicTacToe,Fail,33.0,2.0,24.0,18.0,1.0,0.05800000000000001,0.0
instruct-codegen-16B,C,TimeUtilsError.py,TimeUtils,Error,5.0,,,1.0,,0.05800000000000001,
instruct-codegen-16B,C,TriCalculatorError.py,TriCalculator,Error,32.0,5.0,7.0,11.0,1.0,0.05800000000000001,0.0
instruct-codegen-16B,C,TwentyFourPointGameError.py,TwentyFourPointGame,Error,16.0,5.0,3.0,4.0,1.0,0.05800000000000001,0.0
instruct-codegen-16B,C,URLHandlerFail.py,URLHandler,Fail,21.0,,3.0,8.0,,0.05800000000000001,
instruct-codegen-16B,C,UrlPathError.py,UrlPath,Error,5.0,,,1.0,,0.05800000000000001,
instruct-codegen-16B,C,UserLoginDBFail.py,UserLoginDB,Fail,20.0,,2.0,6.0,,0.05800000000000001,
instruct-codegen-16B,C,VectorUtilError.py,VectorUtil,Error,6.0,5.0,,1.0,1.0,0.05800000000000001,0.0
instruct-codegen-16B,C,VendingMachineFail.py,VendingMachine,Fail,23.0,,7.0,8.0,,0.05800000000000001,
instruct-codegen-16B,C,WarehouseError.py,Warehouse,Error,24.0,,5.0,11.0,,0.05800000000000001,
instruct-codegen-16B,C,WeatherSystemError.py,WeatherSystem,Error,18.0,,3.0,5.0,,0.05800000000000001,
instruct-codegen-16B,C,Words2NumbersError.py,Words2Numbers,Error,48.0,28.0,27.0,15.0,2.0,0.05800000000000001,0.0
instruct-codegen-16B,C,XMLProcessorError.py,XMLProcessor,Error,5.0,,,1.0,,0.05800000000000001,
instruct-codegen-16B,C,ZipFileProcessorError.py,ZipFileProcessor,Error,11.0,5.0,1.0,2.0,1.0,0.05800000000000001,0.0
instruct-codegen-16B,I,AccessGatewayFilterError.py,AccessGatewayFilter,Error,35.0,5.0,8.0,10.0,1.0,0.08199999999999999,0.0
instruct-codegen-16B,I,AreaCalculatorFail.py,AreaCalculator,Fail,14.0,,,6.0,,0.08199999999999999,
instruct-codegen-16B,I,ArgumentParserFail.py,ArgumentParser,Fail,27.0,5.0,8.0,10.0,1.0,0.08199999999999999,0.0
instruct-codegen-16B,I,ArrangementCalculatorError.py,ArrangementCalculator,Error,23.0,10.0,6.0,10.0,2.0,0.08199999999999999,0.0
instruct-codegen-16B,I,AssessmentSystemSuccess.py,AssessmentSystem,Success,40.0,,15.0,17.0,,0.08199999999999999,
instruct-codegen-16B,I,AutomaticGuitarSimulatorFail.py,AutomaticGuitarSimulator,Fail,14.0,,5.0,6.0,,0.08199999999999999,
instruct-codegen-16B,I,AvgPartitionPartialSuccess.py,AvgPartition,PartialSuccess,15.0,5.0,1.0,4.0,1.0,0.08199999999999999,0.0
instruct-codegen-16B,I,BalancedBracketsError.py,BalancedBrackets,Error,18.0,5.0,8.0,7.0,1.0,0.08199999999999999,0.0
instruct-codegen-16B,I,BankAccountSuccess.py,BankAccount,Success,25.0,6.0,5.0,10.0,1.0,0.08199999999999999,0.976
instruct-codegen-16B,I,BigNumCalculatorError.py,BigNumCalculator,Error,54.0,15.0,27.0,17.0,3.0,0.08199999999999999,0.0
instruct-codegen-16B,I,BinaryDataProcessorSuccess.py,BinaryDataProcessor,Success,15.0,,,6.0,,0.08199999999999999,
instruct-codegen-16B,I,BitStatusUtilError.py,BitStatusUtil,Error,24.0,32.0,14.0,18.0,6.0,0.08199999999999999,0.0
instruct-codegen-16B,I,BlackjackGameError.py,BlackjackGame,Error,38.0,,13.0,11.0,,0.08199999999999999,
instruct-codegen-16B,I,BookManagementDBError.py,BookManagementDB,Error,,,,,,0.08199999999999999,
instruct-codegen-16B,I,BookManagementFail.py,BookManagement,Fail,24.0,,9.0,9.0,,0.08199999999999999,
instruct-codegen-16B,I,BoyerMooreSearchError.py,BoyerMooreSearch,Error,31.0,10.0,13.0,13.0,5.0,0.08199999999999999,0.0
instruct-codegen-16B,I,CalculatorFail.py,Calculator,Fail,32.0,5.0,7.0,7.0,1.0,0.08199999999999999,0.0
instruct-codegen-16B,I,CalendarUtilError.py,CalendarUtil,Error,,,,,,0.08199999999999999,
instruct-codegen-16B,I,CamelCaseMapError.py,CamelCaseMap,Error,15.0,,1.0,8.0,,0.08199999999999999,
instruct-codegen-16B,I,ChandrasekharSieveError.py,ChandrasekharSieve,Error,14.0,,3.0,5.0,,0.08199999999999999,
instruct-codegen-16B,I,ChatFail.py,Chat,Fail,30.0,,9.0,10.0,,0.08199999999999999,
instruct-codegen-16B,I,ClassRegistrationSystemFail.py,ClassRegistrationSystem,Fail,37.0,5.0,16.0,14.0,1.0,0.08199999999999999,0.0
instruct-codegen-16B,I,ClassroomError.py,Classroom,Error,11.0,,2.0,5.0,,0.08199999999999999,
instruct-codegen-16B,I,CombinationCalculatorError.py,CombinationCalculator,Error,,,,,,0.08199999999999999,
instruct-codegen-16B,I,ComplexCalculatorError.py,ComplexCalculator,Error,12.0,20.0,,5.0,4.0,0.08199999999999999,0.0
instruct-codegen-16B,I,CookiesUtilError.py,CookiesUtil,Error,8.0,,,4.0,,0.08199999999999999,
instruct-codegen-16B,I,CSVProcessorFail.py,CSVProcessor,Fail,34.0,12.0,11.0,9.0,3.0,0.08199999999999999,0.0
instruct-codegen-16B,I,CurrencyConverterSuccess.py,CurrencyConverter,Success,27.0,,3.0,8.0,,0.08199999999999999,
instruct-codegen-16B,I,DatabaseProcessorError.py,DatabaseProcessor,Error,,,,,,0.08199999999999999,
instruct-codegen-16B,I,DataStatistics2Fail.py,DataStatistics2,Fail,18.0,,,7.0,,0.08199999999999999,
instruct-codegen-16B,I,DataStatistics4Error.py,DataStatistics4,Error,6.0,20.0,,4.0,4.0,0.08199999999999999,0.0
instruct-codegen-16B,I,DataStatisticsSuccess.py,DataStatistics,Success,17.0,,3.0,6.0,,0.08199999999999999,
instruct-codegen-16B,I,DecryptionUtilsFail.py,DecryptionUtils,Fail,45.0,,27.0,15.0,,0.08199999999999999,
instruct-codegen-16B,I,DiscountStrategyError.py,DiscountStrategy,Error,29.0,30.0,8.0,11.0,6.0,0.08199999999999999,0.0
instruct-codegen-16B,I,DocFileHandlerError.py,DocFileHandler,Error,,,,,,0.08199999999999999,
instruct-codegen-16B,I,EightPuzzleFail.py,EightPuzzle,Fail,100.0,31.0,63.0,31.0,1.0,0.08199999999999999,0.0
instruct-codegen-16B,I,EmailClientError.py,EmailClient,Error,23.0,,5.0,10.0,,0.08199999999999999,
instruct-codegen-16B,I,EncryptionUtilsError.py,EncryptionUtils,Error,37.0,10.0,15.0,11.0,2.0,0.08199999999999999,0.0
instruct-codegen-16B,I,ExcelProcessorError.py,ExcelProcessor,Error,33.0,7.0,6.0,8.0,2.0,0.08199999999999999,0.0
instruct-codegen-16B,I,ExpressionCalculatorUnknown.py,ExpressionCalculator,Unknown,,,,,,0.08199999999999999,
instruct-codegen-16B,I,FitnessTrackerError.py,FitnessTracker,Error,25.0,7.0,9.0,6.0,2.0,0.08199999999999999,0.0
instruct-codegen-16B,I,GomokuGameError.py,GomokuGame,Error,43.0,14.0,37.0,25.0,1.0,0.08199999999999999,0.0
instruct-codegen-16B,I,HotelSuccess.py,Hotel,Success,20.0,,4.0,7.0,,0.08199999999999999,
instruct-codegen-16B,I,HRManagementSystemFail.py,HRManagementSystem,Fail,33.0,,8.0,10.0,,0.08199999999999999,
instruct-codegen-16B,I,HtmlUtilError.py,HtmlUtil,Error,31.0,2.0,2.0,6.0,1.0,0.08199999999999999,0.0
instruct-codegen-16B,I,ImageProcessorError.py,ImageProcessor,Error,15.0,,,6.0,,0.08199999999999999,
instruct-codegen-16B,I,InterpolationError.py,Interpolation,Error,32.0,15.0,8.0,9.0,3.0,0.08199999999999999,0.0
instruct-codegen-16B,I,IPAddressFail.py,IPAddress,Fail,26.0,,10.0,10.0,,0.08199999999999999,
instruct-codegen-16B,I,IpUtilError.py,IpUtil,Error,21.0,15.0,5.0,4.0,3.0,0.08199999999999999,0.0
instruct-codegen-16B,I,JobMarketplaceError.py,JobMarketplace,Error,,,,,,0.08199999999999999,
instruct-codegen-16B,I,JSONProcessorPartialSuccess.py,JSONProcessor,PartialSuccess,23.0,,6.0,6.0,,0.08199999999999999,
instruct-codegen-16B,I,KappaCalculatorError.py,KappaCalculator,Error,,,,,,0.08199999999999999,
instruct-codegen-16B,I,LemmatizationError.py,Lemmatization,Error,25.0,,7.0,6.0,,0.08199999999999999,
instruct-codegen-16B,I,LongestWordSuccess.py,LongestWord,Success,10.0,,,3.0,,0.08199999999999999,
instruct-codegen-16B,I,MahjongConnectError.py,MahjongConnect,Error,,,,,,0.08199999999999999,
instruct-codegen-16B,I,ManacherFail.py,Manacher,Fail,42.0,7.0,21.0,11.0,1.0,0.08199999999999999,0.0
instruct-codegen-16B,I,MetricsCalculator2Error.py,MetricsCalculator2,Error,19.0,10.0,4.0,7.0,2.0,0.08199999999999999,0.0
instruct-codegen-16B,I,MetricsCalculatorError.py,MetricsCalculator,Error,28.0,10.0,6.0,12.0,2.0,0.08199999999999999,0.0
instruct-codegen-16B,I,MinesweeperGameError.py,MinesweeperGame,Error,39.0,25.0,26.0,20.0,5.0,0.08199999999999999,0.0
instruct-codegen-16B,I,MovieBookingSystemFail.py,MovieBookingSystem,Fail,26.0,,10.0,10.0,,0.08199999999999999,
instruct-codegen-16B,I,MovieTicketDBError.py,MovieTicketDB,Error,,,,,,0.08199999999999999,
instruct-codegen-16B,I,MusicPlayerError.py,MusicPlayer,Error,47.0,,17.0,17.0,,0.08199999999999999,
instruct-codegen-16B,I,NLPDataProcessor2Success.py,NLPDataProcessor2,Success,22.0,,8.0,7.0,,0.08199999999999999,
instruct-codegen-16B,I,NLPDataProcessorError.py,NLPDataProcessor,Error,12.0,,1.0,5.0,,0.08199999999999999,
instruct-codegen-16B,I,NumberConverterError.py,NumberConverter,Error,40.0,25.0,6.0,12.0,5.0,0.08199999999999999,0.0
instruct-codegen-16B,I,NumberWordFormatterError.py,NumberWordFormatter,Error,55.0,2.0,19.0,14.0,1.0,0.08199999999999999,0.0
instruct-codegen-16B,I,NumericEntityUnescaperError.py,NumericEntityUnescaper,Error,21.0,8.0,9.0,6.0,4.0,0.08199999999999999,0.0
instruct-codegen-16B,I,OrderError.py,Order,Error,18.0,,3.0,6.0,,0.08199999999999999,
instruct-codegen-16B,I,PageUtilFail.py,PageUtil,Fail,41.0,,3.0,6.0,,0.08199999999999999,
instruct-codegen-16B,I,PDFHandlerError.py,PDFHandler,Error,16.0,,2.0,5.0,,0.08199999999999999,
instruct-codegen-16B,I,PersonRequestSuccess.py,PersonRequest,Success,17.0,26.0,5.0,10.0,7.0,0.08199999999999999,0.8470588235294118
instruct-codegen-16B,I,PushBoxGameError.py,PushBoxGame,Error,27.0,,9.0,6.0,,0.08199999999999999,
instruct-codegen-16B,I,RegexUtilsError.py,RegexUtils,Error,18.0,,,8.0,,0.08199999999999999,
instruct-codegen-16B,I,RPGCharacterFail.py,RPGCharacter,Fail,27.0,,2.0,8.0,,0.08199999999999999,
instruct-codegen-16B,I,ServerFail.py,Server,Fail,31.0,,9.0,11.0,,0.08199999999999999,
instruct-codegen-16B,I,ShoppingCartSuccess.py,ShoppingCart,Success,23.0,5.0,7.0,9.0,1.0,0.08199999999999999,0.9782608695652174
instruct-codegen-16B,I,SignInSystemError.py,SignInSystem,Error,26.0,,9.0,10.0,,0.08199999999999999,
instruct-codegen-16B,I,SnakeError.py,Snake,Error,34.0,6.0,7.0,8.0,3.0,0.08199999999999999,0.0
instruct-codegen-16B,I,SplitSentencePartialSuccess.py,SplitSentence,PartialSuccess,,,,,,0.08199999999999999,
instruct-codegen-16B,I,SQLGeneratorError.py,SQLGenerator,Error,10.0,,,4.0,,0.08199999999999999,
instruct-codegen-16B,I,SQLQueryBuilderError.py,SQLQueryBuilder,Error,9.0,5.0,3.0,3.0,1.0,0.08199999999999999,0.0
instruct-codegen-16B,I,Statistics3Error.py,Statistics3,Error,,,,,,0.08199999999999999,
instruct-codegen-16B,I,StockPortfolioTrackerError.py,StockPortfolioTracker,Error,,,,,,0.08199999999999999,
instruct-codegen-16B,I,StudentDatabaseProcessorError.py,StudentDatabaseProcessor,Error,13.0,,,4.0,,0.08199999999999999,
instruct-codegen-16B,I,TextFileProcessorError.py,TextFileProcessor,Error,21.0,,,6.0,,0.08199999999999999,
instruct-codegen-16B,I,ThermostatError.py,Thermostat,Error,15.0,,,6.0,,0.08199999999999999,
instruct-codegen-16B,I,TicTacToeFail.py,TicTacToe,Fail,31.0,2.0,24.0,18.0,1.0,0.08199999999999999,0.0
instruct-codegen-16B,I,TimeUtilsSuccess.py,TimeUtils,Success,25.0,5.0,,8.0,1.0,0.08199999999999999,0.98
instruct-codegen-16B,I,TriCalculatorError.py,TriCalculator,Error,32.0,5.0,4.0,9.0,1.0,0.08199999999999999,0.0
instruct-codegen-16B,I,TwentyFourPointGameFail.py,TwentyFourPointGame,Fail,21.0,,3.0,8.0,,0.08199999999999999,
instruct-codegen-16B,I,URLHandlerFail.py,URLHandler,Fail,19.0,,1.0,7.0,,0.08199999999999999,
instruct-codegen-16B,I,UrlPathError.py,UrlPath,Error,13.0,10.0,1.0,5.0,2.0,0.08199999999999999,0.0
instruct-codegen-16B,I,UserLoginDBFail.py,UserLoginDB,Fail,19.0,,2.0,7.0,,0.08199999999999999,
instruct-codegen-16B,I,VectorUtilError.py,VectorUtil,Error,20.0,20.0,4.0,7.0,4.0,0.08199999999999999,0.0
instruct-codegen-16B,I,VendingMachineFail.py,VendingMachine,Fail,26.0,,7.0,9.0,,0.08199999999999999,
instruct-codegen-16B,I,WarehouseError.py,Warehouse,Error,,,,,,0.08199999999999999,
instruct-codegen-16B,I,WeatherSystemError.py,WeatherSystem,Error,29.0,,6.0,8.0,,0.08199999999999999,
instruct-codegen-16B,I,Words2NumbersError.py,Words2Numbers,Error,30.0,,11.0,9.0,,0.08199999999999999,
instruct-codegen-16B,I,XMLProcessorError.py,XMLProcessor,Error,18.0,,,4.0,,0.08199999999999999,
instruct-codegen-16B,I,ZipFileProcessorError.py,ZipFileProcessor,Error,33.0,20.0,5.0,6.0,4.0,0.08199999999999999,0.0
PolyCoder-2.7B,H,AccessGatewayFilterError.py,AccessGatewayFilter,Error,,,,,,0.0,
PolyCoder-2.7B,H,AreaCalculatorError.py,AreaCalculator,Error,,,,,,0.0,
PolyCoder-2.7B,H,ArgumentParserError.py,ArgumentParser,Error,,,,,,0.0,
PolyCoder-2.7B,H,ArrangementCalculatorError.py,ArrangementCalculator,Error,,,,,,0.0,
PolyCoder-2.7B,H,AssessmentSystemError.py,AssessmentSystem,Error,,,,,,0.0,
PolyCoder-2.7B,H,AutomaticGuitarSimulatorError.py,AutomaticGuitarSimulator,Error,,,,,,0.0,
PolyCoder-2.7B,H,AvgPartitionError.py,AvgPartition,Error,,,,,,0.0,
PolyCoder-2.7B,H,BalancedBracketsError.py,BalancedBrackets,Error,,,,,,0.0,
PolyCoder-2.7B,H,BankAccountError.py,BankAccount,Error,,,,,,0.0,
PolyCoder-2.7B,H,BigNumCalculatorError.py,BigNumCalculator,Error,,,,,,0.0,
PolyCoder-2.7B,H,BinaryDataProcessorError.py,BinaryDataProcessor,Error,,,,,,0.0,
PolyCoder-2.7B,H,BitStatusUtilError.py,BitStatusUtil,Error,,,,,,0.0,
PolyCoder-2.7B,H,BlackjackGameError.py,BlackjackGame,Error,,,,,,0.0,
PolyCoder-2.7B,H,BookManagementDBError.py,BookManagementDB,Error,,,,,,0.0,
PolyCoder-2.7B,H,BookManagementError.py,BookManagement,Error,,,,,,0.0,
PolyCoder-2.7B,H,BoyerMooreSearchError.py,BoyerMooreSearch,Error,,,,,,0.0,
PolyCoder-2.7B,H,CalculatorError.py,Calculator,Error,,,,,,0.0,
PolyCoder-2.7B,H,CalendarUtilError.py,CalendarUtil,Error,,,,,,0.0,
PolyCoder-2.7B,H,CamelCaseMapError.py,CamelCaseMap,Error,,,,,,0.0,
PolyCoder-2.7B,H,ChandrasekharSieveFail.py,ChandrasekharSieve,Fail,23.0,,,11.0,,0.0,
PolyCoder-2.7B,H,ChatError.py,Chat,Error,,,,,,0.0,
PolyCoder-2.7B,H,ClassRegistrationSystemError.py,ClassRegistrationSystem,Error,,,,,,0.0,
PolyCoder-2.7B,H,ClassroomError.py,Classroom,Error,,,,,,0.0,
PolyCoder-2.7B,H,CombinationCalculatorError.py,CombinationCalculator,Error,,,,,,0.0,
PolyCoder-2.7B,H,ComplexCalculatorError.py,ComplexCalculator,Error,,,,,,0.0,
PolyCoder-2.7B,H,CookiesUtilError.py,CookiesUtil,Error,,,,,,0.0,
PolyCoder-2.7B,H,CSVProcessorError.py,CSVProcessor,Error,,,,,,0.0,
PolyCoder-2.7B,H,CurrencyConverterError.py,CurrencyConverter,Error,,,,,,0.0,
PolyCoder-2.7B,H,DatabaseProcessorError.py,DatabaseProcessor,Error,,,,,,0.0,
PolyCoder-2.7B,H,DataStatistics2Error.py,DataStatistics2,Error,,,,,,0.0,
PolyCoder-2.7B,H,DataStatistics4Error.py,DataStatistics4,Error,,,,,,0.0,
PolyCoder-2.7B,H,DataStatisticsError.py,DataStatistics,Error,,,,,,0.0,
PolyCoder-2.7B,H,DecryptionUtilsError.py,DecryptionUtils,Error,,,,,,0.0,
PolyCoder-2.7B,H,DiscountStrategyError.py,DiscountStrategy,Error,,,,,,0.0,
PolyCoder-2.7B,H,DocFileHandlerError.py,DocFileHandler,Error,,,,,,0.0,
PolyCoder-2.7B,H,EightPuzzleError.py,EightPuzzle,Error,,,,,,0.0,
PolyCoder-2.7B,H,EmailClientError.py,EmailClient,Error,,,,,,0.0,
PolyCoder-2.7B,H,EncryptionUtilsError.py,EncryptionUtils,Error,,,,,,0.0,
PolyCoder-2.7B,H,ExcelProcessorError.py,ExcelProcessor,Error,,,,,,0.0,
PolyCoder-2.7B,H,ExpressionCalculatorError.py,ExpressionCalculator,Error,,,,,,0.0,
PolyCoder-2.7B,H,FitnessTrackerError.py,FitnessTracker,Error,,,,,,0.0,
PolyCoder-2.7B,H,GomokuGameError.py,GomokuGame,Error,,,,,,0.0,
PolyCoder-2.7B,H,HotelError.py,Hotel,Error,,,,,,0.0,
PolyCoder-2.7B,H,HRManagementSystemError.py,HRManagementSystem,Error,,,,,,0.0,
PolyCoder-2.7B,H,HtmlUtilError.py,HtmlUtil,Error,,,,,,0.0,
PolyCoder-2.7B,H,ImageProcessorError.py,ImageProcessor,Error,,,,,,0.0,
PolyCoder-2.7B,H,InterpolationError.py,Interpolation,Error,,,,,,0.0,
PolyCoder-2.7B,H,IPAddressError.py,IPAddress,Error,,,,,,0.0,
PolyCoder-2.7B,H,IpUtilError.py,IpUtil,Error,,,,,,0.0,
PolyCoder-2.7B,H,JobMarketplaceError.py,JobMarketplace,Error,,,,,,0.0,
PolyCoder-2.7B,H,JSONProcessorError.py,JSONProcessor,Error,,,,,,0.0,
PolyCoder-2.7B,H,KappaCalculatorError.py,KappaCalculator,Error,,,,,,0.0,
PolyCoder-2.7B,H,LemmatizationError.py,Lemmatization,Error,,,,,,0.0,
PolyCoder-2.7B,H,LongestWordError.py,LongestWord,Error,57.0,10.0,23.0,26.0,2.0,0.0,0.0
PolyCoder-2.7B,H,MahjongConnectError.py,MahjongConnect,Error,,,,,,0.0,
PolyCoder-2.7B,H,ManacherError.py,Manacher,Error,,,,,,0.0,
PolyCoder-2.7B,H,MetricsCalculator2Error.py,MetricsCalculator2,Error,,,,,,0.0,
PolyCoder-2.7B,H,MetricsCalculatorError.py,MetricsCalculator,Error,,,,,,0.0,
PolyCoder-2.7B,H,MinesweeperGameError.py,MinesweeperGame,Error,,,,,,0.0,
PolyCoder-2.7B,H,MovieBookingSystemError.py,MovieBookingSystem,Error,,,,,,0.0,
PolyCoder-2.7B,H,MovieTicketDBError.py,MovieTicketDB,Error,,,,,,0.0,
PolyCoder-2.7B,H,MusicPlayerSuccess.py,MusicPlayer,Success,,,,,,0.0,
PolyCoder-2.7B,H,NLPDataProcessor2Error.py,NLPDataProcessor2,Error,,,,,,0.0,
PolyCoder-2.7B,H,NLPDataProcessorError.py,NLPDataProcessor,Error,,,,,,0.0,
PolyCoder-2.7B,H,NumberConverterError.py,NumberConverter,Error,,,,,,0.0,
PolyCoder-2.7B,H,NumberWordFormatterError.py,NumberWordFormatter,Error,,,,,,0.0,
PolyCoder-2.7B,H,NumericEntityUnescaperError.py,NumericEntityUnescaper,Error,,,,,,0.0,
PolyCoder-2.7B,H,OrderError.py,Order,Error,,,,,,0.0,
PolyCoder-2.7B,H,PageUtilError.py,PageUtil,Error,,,,,,0.0,
PolyCoder-2.7B,H,PDFHandlerError.py,PDFHandler,Error,,,,,,0.0,
PolyCoder-2.7B,H,PersonRequestError.py,PersonRequest,Error,,,,,,0.0,
PolyCoder-2.7B,H,PushBoxGameError.py,PushBoxGame,Error,,,,,,0.0,
PolyCoder-2.7B,H,RegexUtilsError.py,RegexUtils,Error,,,,,,0.0,
PolyCoder-2.7B,H,RPGCharacterError.py,RPGCharacter,Error,,,,,,0.0,
PolyCoder-2.7B,H,ServerError.py,Server,Error,,,,,,0.0,
PolyCoder-2.7B,H,ShoppingCartError.py,ShoppingCart,Error,,,,,,0.0,
PolyCoder-2.7B,H,SignInSystemError.py,SignInSystem,Error,,,,,,0.0,
PolyCoder-2.7B,H,SnakeError.py,Snake,Error,,,,,,0.0,
PolyCoder-2.7B,H,SplitSentenceError.py,SplitSentence,Error,,,,,,0.0,
PolyCoder-2.7B,H,SQLGeneratorError.py,SQLGenerator,Error,,,,,,0.0,
PolyCoder-2.7B,H,SQLQueryBuilderError.py,SQLQueryBuilder,Error,,,,,,0.0,
PolyCoder-2.7B,H,Statistics3Error.py,Statistics3,Error,,,,,,0.0,
PolyCoder-2.7B,H,StockPortfolioTrackerError.py,StockPortfolioTracker,Error,,,,,,0.0,
PolyCoder-2.7B,H,StudentDatabaseProcessorError.py,StudentDatabaseProcessor,Error,,,,,,0.0,
PolyCoder-2.7B,H,TextFileProcessorError.py,TextFileProcessor,Error,,,,,,0.0,
PolyCoder-2.7B,H,ThermostatError.py,Thermostat,Error,,,,,,0.0,
PolyCoder-2.7B,H,TicTacToeError.py,TicTacToe,Error,,,,,,0.0,
PolyCoder-2.7B,H,TimeUtilsError.py,TimeUtils,Error,,,,,,0.0,
PolyCoder-2.7B,H,TriCalculatorError.py,TriCalculator,Error,,,,,,0.0,
PolyCoder-2.7B,H,TwentyFourPointGameError.py,TwentyFourPointGame,Error,,,,,,0.0,
PolyCoder-2.7B,H,URLHandlerError.py,URLHandler,Error,,,,,,0.0,
PolyCoder-2.7B,H,UrlPathError.py,UrlPath,Error,17.0,,,12.0,,0.0,
PolyCoder-2.7B,H,UserLoginDBError.py,UserLoginDB,Error,,,,,,0.0,
PolyCoder-2.7B,H,VectorUtilError.py,VectorUtil,Error,,,,,,0.0,
PolyCoder-2.7B,H,VendingMachineError.py,VendingMachine,Error,,,,,,0.0,
PolyCoder-2.7B,H,WarehouseError.py,Warehouse,Error,,,,,,0.0,
PolyCoder-2.7B,H,WeatherSystemError.py,WeatherSystem,Error,,,,,,0.0,
PolyCoder-2.7B,H,Words2NumbersError.py,Words2Numbers,Error,,,,,,0.0,
PolyCoder-2.7B,H,XMLProcessorError.py,XMLProcessor,Error,,,,,,0.0,
PolyCoder-2.7B,H,ZipFileProcessorError.py,ZipFileProcessor,Error,,,,,,0.0,
PolyCoder-2.7B,C,AccessGatewayFilterFail.py,AccessGatewayFilter,Fail,19.0,10.0,5.0,7.0,2.0,0.026000000000000002,0.0
PolyCoder-2.7B,C,AreaCalculatorFail.py,AreaCalculator,Fail,14.0,,,6.0,,0.026000000000000002,
PolyCoder-2.7B,C,ArgumentParserError.py,ArgumentParser,Error,124.0,30.0,48.0,45.0,3.0,0.026000000000000002,0.0
PolyCoder-2.7B,C,ArrangementCalculatorError.py,ArrangementCalculator,Error,19.0,20.0,2.0,8.0,4.0,0.026000000000000002,0.0
PolyCoder-2.7B,C,AssessmentSystemSuccess.py,AssessmentSystem,Success,18.0,,2.0,8.0,,0.026000000000000002,
PolyCoder-2.7B,C,AutomaticGuitarSimulatorFail.py,AutomaticGuitarSimulator,Fail,12.0,5.0,3.0,5.0,1.0,0.026000000000000002,0.0
PolyCoder-2.7B,C,AvgPartitionFail.py,AvgPartition,Fail,16.0,5.0,3.0,5.0,1.0,0.026000000000000002,0.0
PolyCoder-2.7B,C,BalancedBracketsError.py,BalancedBrackets,Error,,,,,,0.026000000000000002,
PolyCoder-2.7B,C,BankAccountFail.py,BankAccount,Fail,19.0,,3.0,8.0,,0.026000000000000002,
PolyCoder-2.7B,C,BigNumCalculatorError.py,BigNumCalculator,Error,7.0,15.0,,3.0,3.0,0.026000000000000002,0.0
PolyCoder-2.7B,C,BinaryDataProcessorError.py,BinaryDataProcessor,Error,12.0,,,5.0,,0.026000000000000002,
PolyCoder-2.7B,C,BitStatusUtilError.py,BitStatusUtil,Error,25.0,30.0,8.0,12.0,6.0,0.026000000000000002,0.0
PolyCoder-2.7B,C,BlackjackGameFail.py,BlackjackGame,Fail,31.0,5.0,11.0,8.0,1.0,0.026000000000000002,0.0
PolyCoder-2.7B,C,BookManagementDBError.py,BookManagementDB,Error,27.0,,1.0,8.0,,0.026000000000000002,
PolyCoder-2.7B,C,BookManagementError.py,BookManagement,Error,70.0,,3.0,8.0,,0.026000000000000002,
PolyCoder-2.7B,C,BoyerMooreSearchError.py,BoyerMooreSearch,Error,,,,,,0.026000000000000002,
PolyCoder-2.7B,C,CalculatorError.py,Calculator,Error,32.0,,8.0,11.0,,0.026000000000000002,
PolyCoder-2.7B,C,CalendarUtilError.py,CalendarUtil,Error,,,,,,0.026000000000000002,
PolyCoder-2.7B,C,CamelCaseMapError.py,CamelCaseMap,Error,21.0,5.0,2.0,9.0,1.0,0.026000000000000002,0.0
PolyCoder-2.7B,C,ChandrasekharSieveFail.py,ChandrasekharSieve,Fail,11.0,,1.0,4.0,,0.026000000000000002,
PolyCoder-2.7B,C,ChatError.py,Chat,Error,25.0,5.0,5.0,10.0,1.0,0.026000000000000002,0.0
PolyCoder-2.7B,C,ClassRegistrationSystemError.py,ClassRegistrationSystem,Error,18.0,,1.0,7.0,,0.026000000000000002,
PolyCoder-2.7B,C,ClassroomError.py,Classroom,Error,25.0,5.0,5.0,7.0,1.0,0.026000000000000002,0.0
PolyCoder-2.7B,C,CombinationCalculatorError.py,CombinationCalculator,Error,,,,,,0.026000000000000002,
PolyCoder-2.7B,C,ComplexCalculatorError.py,ComplexCalculator,Error,12.0,20.0,,5.0,4.0,0.026000000000000002,0.0
PolyCoder-2.7B,C,CookiesUtilError.py,CookiesUtil,Error,27.0,,7.0,9.0,,0.026000000000000002,
PolyCoder-2.7B,C,CSVProcessorError.py,CSVProcessor,Error,10.0,7.0,,4.0,2.0,0.026000000000000002,0.0
PolyCoder-2.7B,C,CurrencyConverterError.py,CurrencyConverter,Error,19.0,5.0,,5.0,1.0,0.026000000000000002,0.0
PolyCoder-2.7B,C,DatabaseProcessorFail.py,DatabaseProcessor,Fail,13.0,,,5.0,,0.026000000000000002,
PolyCoder-2.7B,C,DataStatistics2Fail.py,DataStatistics2,Fail,16.0,,,7.0,,0.026000000000000002,
PolyCoder-2.7B,C,DataStatistics4Fail.py,DataStatistics4,Fail,10.0,20.0,,4.0,4.0,0.026000000000000002,0.0
PolyCoder-2.7B,C,DataStatisticsFail.py,DataStatistics,Fail,8.0,,,3.0,,0.026000000000000002,
PolyCoder-2.7B,C,DecryptionUtilsError.py,DecryptionUtils,Error,9.0,,,4.0,,0.026000000000000002,
PolyCoder-2.7B,C,DiscountStrategyError.py,DiscountStrategy,Error,22.0,30.0,2.0,8.0,6.0,0.026000000000000002,0.0
PolyCoder-2.7B,C,DocFileHandlerError.py,DocFileHandler,Error,21.0,,3.0,7.0,,0.026000000000000002,
PolyCoder-2.7B,C,EightPuzzleError.py,EightPuzzle,Error,37.0,1.0,20.0,13.0,1.0,0.026000000000000002,0.0
PolyCoder-2.7B,C,EmailClientError.py,EmailClient,Error,24.0,,3.0,8.0,,0.026000000000000002,
PolyCoder-2.7B,C,EncryptionUtilsError.py,EncryptionUtils,Error,21.0,,,10.0,,0.026000000000000002,
PolyCoder-2.7B,C,ExcelProcessorError.py,ExcelProcessor,Error,10.0,7.0,,4.0,2.0,0.026000000000000002,0.0
PolyCoder-2.7B,C,ExpressionCalculatorError.py,ExpressionCalculator,Error,,,,,,0.026000000000000002,
PolyCoder-2.7B,C,FitnessTrackerError.py,FitnessTracker,Error,100.0,37.0,42.0,45.0,3.0,0.026000000000000002,0.0
PolyCoder-2.7B,C,GomokuGameFail.py,GomokuGame,Fail,27.0,,11.0,9.0,,0.026000000000000002,
PolyCoder-2.7B,C,HotelSuccess.py,Hotel,Success,37.0,5.0,13.0,14.0,1.0,0.026000000000000002,0.9864864864864865
PolyCoder-2.7B,C,HRManagementSystemError.py,HRManagementSystem,Error,,,,,,0.026000000000000002,
PolyCoder-2.7B,C,HtmlUtilFail.py,HtmlUtil,Fail,40.0,2.0,,4.0,1.0,0.026000000000000002,0.0
PolyCoder-2.7B,C,ImageProcessorError.py,ImageProcessor,Error,14.0,,,6.0,,0.026000000000000002,
PolyCoder-2.7B,C,InterpolationError.py,Interpolation,Error,,,,,,0.026000000000000002,
PolyCoder-2.7B,C,IPAddressFail.py,IPAddress,Fail,9.0,,,4.0,,0.026000000000000002,
PolyCoder-2.7B,C,IpUtilPartialSuccess.py,IpUtil,PartialSuccess,16.0,25.0,2.0,3.0,5.0,0.026000000000000002,0.0
PolyCoder-2.7B,C,JobMarketplaceError.py,JobMarketplace,Error,16.0,,,7.0,,0.026000000000000002,
PolyCoder-2.7B,C,JSONProcessorError.py,JSONProcessor,Error,22.0,,2.0,4.0,,0.026000000000000002,
PolyCoder-2.7B,C,KappaCalculatorError.py,KappaCalculator,Error,29.0,21.0,10.0,12.0,6.0,0.026000000000000002,0.0
PolyCoder-2.7B,C,LemmatizationError.py,Lemmatization,Error,117.0,,3.0,6.0,,0.026000000000000002,
PolyCoder-2.7B,C,LongestWordPartialSuccess.py,LongestWord,PartialSuccess,18.0,2.0,5.0,7.0,1.0,0.026000000000000002,0.0
PolyCoder-2.7B,C,MahjongConnectFail.py,MahjongConnect,Fail,20.0,24.0,3.0,8.0,6.0,0.026000000000000002,0.0
PolyCoder-2.7B,C,ManacherFail.py,Manacher,Fail,104.0,39.0,49.0,52.0,1.0,0.026000000000000002,0.0
PolyCoder-2.7B,C,MetricsCalculator2Error.py,MetricsCalculator2,Error,19.0,10.0,6.0,5.0,2.0,0.026000000000000002,0.0
PolyCoder-2.7B,C,MetricsCalculatorError.py,MetricsCalculator,Error,30.0,25.0,,6.0,5.0,0.026000000000000002,0.0
PolyCoder-2.7B,C,MinesweeperGameError.py,MinesweeperGame,Error,,,,,,0.026000000000000002,
PolyCoder-2.7B,C,MovieBookingSystemFail.py,MovieBookingSystem,Fail,11.0,10.0,,4.0,2.0,0.026000000000000002,0.0
PolyCoder-2.7B,C,MovieTicketDBError.py,MovieTicketDB,Error,,,,,,0.026000000000000002,
PolyCoder-2.7B,C,MusicPlayerFail.py,MusicPlayer,Fail,29.0,,3.0,11.0,,0.026000000000000002,
PolyCoder-2.7B,C,NLPDataProcessor2Error.py,NLPDataProcessor2,Error,20.0,,5.0,6.0,,0.026000000000000002,
PolyCoder-2.7B,C,NLPDataProcessorPartialSuccess.py,NLPDataProcessor,PartialSuccess,13.0,,4.0,6.0,,0.026000000000000002,
PolyCoder-2.7B,C,NumberConverterFail.py,NumberConverter,Fail,13.0,30.0,,6.0,6.0,0.026000000000000002,0.0
PolyCoder-2.7B,C,NumberWordFormatterError.py,NumberWordFormatter,Error,,,,,,0.026000000000000002,
PolyCoder-2.7B,C,NumericEntityUnescaperError.py,NumericEntityUnescaper,Error,7.0,10.0,1.0,4.0,2.0,0.026000000000000002,0.0
PolyCoder-2.7B,C,OrderFail.py,Order,Fail,17.0,,2.0,5.0,,0.026000000000000002,
PolyCoder-2.7B,C,PageUtilError.py,PageUtil,Error,27.0,5.0,,4.0,1.0,0.026000000000000002,0.0
PolyCoder-2.7B,C,PDFHandlerError.py,PDFHandler,Error,17.0,,9.0,8.0,,0.026000000000000002,
PolyCoder-2.7B,C,PersonRequestFail.py,PersonRequest,Fail,22.0,26.0,6.0,7.0,7.0,0.026000000000000002,0.0
PolyCoder-2.7B,C,PushBoxGameError.py,PushBoxGame,Error,,,,,,0.026000000000000002,
PolyCoder-2.7B,C,RegexUtilsError.py,RegexUtils,Error,,,,,,0.026000000000000002,
PolyCoder-2.7B,C,RPGCharacterError.py,RPGCharacter,Error,,,,,,0.026000000000000002,
PolyCoder-2.7B,C,ServerFail.py,Server,Fail,33.0,3.0,9.0,11.0,2.0,0.026000000000000002,0.0
PolyCoder-2.7B,C,ShoppingCartError.py,ShoppingCart,Error,,,,,,0.026000000000000002,
PolyCoder-2.7B,C,SignInSystemFail.py,SignInSystem,Fail,21.0,2.0,4.0,8.0,1.0,0.026000000000000002,0.0
PolyCoder-2.7B,C,SnakeError.py,Snake,Error,30.0,6.0,2.0,6.0,3.0,0.026000000000000002,0.0
PolyCoder-2.7B,C,SplitSentenceFail.py,SplitSentence,Fail,,,,,,0.026000000000000002,
PolyCoder-2.7B,C,SQLGeneratorError.py,SQLGenerator,Error,,,,,,0.026000000000000002,
PolyCoder-2.7B,C,SQLQueryBuilderError.py,SQLQueryBuilder,Error,9.0,20.0,,4.0,4.0,0.026000000000000002,0.0
PolyCoder-2.7B,C,Statistics3Error.py,Statistics3,Error,16.0,35.0,,7.0,7.0,0.026000000000000002,0.0
PolyCoder-2.7B,C,StockPortfolioTrackerError.py,StockPortfolioTracker,Error,18.0,5.0,,8.0,1.0,0.026000000000000002,0.0
PolyCoder-2.7B,C,StudentDatabaseProcessorError.py,StudentDatabaseProcessor,Error,12.0,,,5.0,,0.026000000000000002,
PolyCoder-2.7B,C,TextFileProcessorError.py,TextFileProcessor,Error,120.0,,1.0,6.0,,0.026000000000000002,
PolyCoder-2.7B,C,ThermostatFail.py,Thermostat,Fail,26.0,,2.0,9.0,,0.026000000000000002,
PolyCoder-2.7B,C,TicTacToeFail.py,TicTacToe,Fail,17.0,2.0,3.0,6.0,1.0,0.026000000000000002,0.0
PolyCoder-2.7B,C,TimeUtilsError.py,TimeUtils,Error,19.0,,,8.0,,0.026000000000000002,
PolyCoder-2.7B,C,TriCalculatorError.py,TriCalculator,Error,14.0,10.0,,6.0,2.0,0.026000000000000002,0.0
PolyCoder-2.7B,C,TwentyFourPointGameError.py,TwentyFourPointGame,Error,17.0,5.0,2.0,7.0,1.0,0.026000000000000002,0.0
PolyCoder-2.7B,C,URLHandlerFail.py,URLHandler,Fail,13.0,,,6.0,,0.026000000000000002,
PolyCoder-2.7B,C,UrlPathError.py,UrlPath,Error,18.0,5.0,2.0,6.0,1.0,0.026000000000000002,0.0
PolyCoder-2.7B,C,UserLoginDBFail.py,UserLoginDB,Fail,13.0,,,5.0,,0.026000000000000002,
PolyCoder-2.7B,C,VectorUtilError.py,VectorUtil,Error,16.0,20.0,1.0,5.0,4.0,0.026000000000000002,0.0
PolyCoder-2.7B,C,VendingMachineFail.py,VendingMachine,Fail,15.0,,,6.0,,0.026000000000000002,
PolyCoder-2.7B,C,WarehouseFail.py,Warehouse,Fail,21.0,,3.0,9.0,,0.026000000000000002,
PolyCoder-2.7B,C,WeatherSystemFail.py,WeatherSystem,Fail,75.0,,8.0,13.0,,0.026000000000000002,
PolyCoder-2.7B,C,Words2NumbersError.py,Words2Numbers,Error,29.0,,8.0,9.0,,0.026000000000000002,
PolyCoder-2.7B,C,XMLProcessorError.py,XMLProcessor,Error,88.0,,1.0,6.0,,0.026000000000000002,
PolyCoder-2.7B,C,ZipFileProcessorError.py,ZipFileProcessor,Error,25.0,,6.0,10.0,,0.026000000000000002,
PolyCoder-2.7B,I,AccessGatewayFilterError.py,AccessGatewayFilter,Error,,,,,,0.013999999999999999,
PolyCoder-2.7B,I,AreaCalculatorFail.py,AreaCalculator,Fail,14.0,,,6.0,,0.013999999999999999,
PolyCoder-2.7B,I,ArgumentParserError.py,ArgumentParser,Error,30.0,5.0,8.0,10.0,1.0,0.013999999999999999,0.0
PolyCoder-2.7B,I,ArrangementCalculatorError.py,ArrangementCalculator,Error,134.0,54.0,64.0,66.0,1.0,0.013999999999999999,0.0
PolyCoder-2.7B,I,AssessmentSystemSuccess.py,AssessmentSystem,Success,21.0,,4.0,9.0,,0.013999999999999999,
PolyCoder-2.7B,I,AutomaticGuitarSimulatorFail.py,AutomaticGuitarSimulator,Fail,14.0,,4.0,5.0,,0.013999999999999999,
PolyCoder-2.7B,I,AvgPartitionFail.py,AvgPartition,Fail,17.0,5.0,3.0,6.0,1.0,0.013999999999999999,0.0
PolyCoder-2.7B,I,BalancedBracketsError.py,BalancedBrackets,Error,,,,,,0.013999999999999999,
PolyCoder-2.7B,I,BankAccountFail.py,BankAccount,Fail,24.0,11.0,5.0,10.0,2.0,0.013999999999999999,0.0
PolyCoder-2.7B,I,BigNumCalculatorError.py,BigNumCalculator,Error,7.0,15.0,,3.0,3.0,0.013999999999999999,0.0
PolyCoder-2.7B,I,BinaryDataProcessorError.py,BinaryDataProcessor,Error,12.0,,,5.0,,0.013999999999999999,
PolyCoder-2.7B,I,BitStatusUtilError.py,BitStatusUtil,Error,16.0,20.0,4.0,8.0,4.0,0.013999999999999999,0.0
PolyCoder-2.7B,I,BlackjackGameError.py,BlackjackGame,Error,29.0,5.0,8.0,10.0,1.0,0.013999999999999999,0.0
PolyCoder-2.7B,I,BookManagementDBError.py,BookManagementDB,Error,22.0,,1.0,8.0,,0.013999999999999999,
PolyCoder-2.7B,I,BookManagementFail.py,BookManagement,Fail,20.0,,4.0,9.0,,0.013999999999999999,
PolyCoder-2.7B,I,BoyerMooreSearchFail.py,BoyerMooreSearch,Fail,26.0,6.0,8.0,8.0,3.0,0.013999999999999999,0.0
PolyCoder-2.7B,I,CalculatorError.py,Calculator,Error,33.0,,13.0,16.0,,0.013999999999999999,
PolyCoder-2.7B,I,CalendarUtilError.py,CalendarUtil,Error,,,,,,0.013999999999999999,
PolyCoder-2.7B,I,CamelCaseMapError.py,CamelCaseMap,Error,17.0,5.0,,8.0,1.0,0.013999999999999999,0.0
PolyCoder-2.7B,I,ChandrasekharSieveFail.py,ChandrasekharSieve,Fail,11.0,,1.0,4.0,,0.013999999999999999,
PolyCoder-2.7B,I,ChatFail.py,Chat,Fail,27.0,,6.0,11.0,,0.013999999999999999,
PolyCoder-2.7B,I,ClassRegistrationSystemError.py,ClassRegistrationSystem,Error,21.0,,2.0,8.0,,0.013999999999999999,
PolyCoder-2.7B,I,ClassroomFail.py,Classroom,Fail,26.0,,11.0,11.0,,0.013999999999999999,
PolyCoder-2.7B,I,CombinationCalculatorFail.py,CombinationCalculator,Fail,,,,,,0.013999999999999999,
PolyCoder-2.7B,I,ComplexCalculatorError.py,ComplexCalculator,Error,12.0,20.0,,5.0,4.0,0.013999999999999999,0.0
PolyCoder-2.7B,I,CookiesUtilError.py,CookiesUtil,Error,20.0,,3.0,7.0,,0.013999999999999999,
PolyCoder-2.7B,I,CSVProcessorError.py,CSVProcessor,Error,23.0,7.0,,4.0,2.0,0.013999999999999999,0.0
PolyCoder-2.7B,I,CurrencyConverterFail.py,CurrencyConverter,Fail,43.0,,12.0,15.0,,0.013999999999999999,
PolyCoder-2.7B,I,DatabaseProcessorError.py,DatabaseProcessor,Error,13.0,,,5.0,,0.013999999999999999,
PolyCoder-2.7B,I,DataStatistics2Fail.py,DataStatistics2,Fail,16.0,,,7.0,,0.013999999999999999,
PolyCoder-2.7B,I,DataStatistics4Error.py,DataStatistics4,Error,10.0,20.0,,4.0,4.0,0.013999999999999999,0.0
PolyCoder-2.7B,I,DataStatisticsFail.py,DataStatistics,Fail,8.0,,,3.0,,0.013999999999999999,
PolyCoder-2.7B,I,DecryptionUtilsError.py,DecryptionUtils,Error,9.0,,,4.0,,0.013999999999999999,
PolyCoder-2.7B,I,DiscountStrategyError.py,DiscountStrategy,Error,31.0,30.0,5.0,11.0,6.0,0.013999999999999999,0.0
PolyCoder-2.7B,I,DocFileHandlerError.py,DocFileHandler,Error,30.0,5.0,4.0,7.0,1.0,0.013999999999999999,0.0
PolyCoder-2.7B,I,EightPuzzleError.py,EightPuzzle,Error,,,,,,0.013999999999999999,
PolyCoder-2.7B,I,EmailClientError.py,EmailClient,Error,35.0,,9.0,15.0,,0.013999999999999999,
PolyCoder-2.7B,I,EncryptionUtilsError.py,EncryptionUtils,Error,9.0,,,4.0,,0.013999999999999999,
PolyCoder-2.7B,I,ExcelProcessorError.py,ExcelProcessor,Error,,,,,,0.013999999999999999,
PolyCoder-2.7B,I,ExpressionCalculatorError.py,ExpressionCalculator,Error,,,,,,0.013999999999999999,
PolyCoder-2.7B,I,FitnessTrackerError.py,FitnessTracker,Error,17.0,9.0,,2.0,3.0,0.013999999999999999,0.0
PolyCoder-2.7B,I,GomokuGameError.py,GomokuGame,Error,,,,,,0.013999999999999999,
PolyCoder-2.7B,I,HotelError.py,Hotel,Error,,,,,,0.013999999999999999,
PolyCoder-2.7B,I,HRManagementSystemError.py,HRManagementSystem,Error,,,,,,0.013999999999999999,
PolyCoder-2.7B,I,HtmlUtilFail.py,HtmlUtil,Fail,22.0,4.0,,4.0,2.0,0.013999999999999999,0.0
PolyCoder-2.7B,I,ImageProcessorError.py,ImageProcessor,Error,24.0,,4.0,10.0,,0.013999999999999999,
PolyCoder-2.7B,I,InterpolationError.py,Interpolation,Error,,,,,,0.013999999999999999,
PolyCoder-2.7B,I,IPAddressFail.py,IPAddress,Fail,9.0,,,4.0,,0.013999999999999999,
PolyCoder-2.7B,I,IpUtilError.py,IpUtil,Error,20.0,30.0,3.0,3.0,6.0,0.013999999999999999,0.0
PolyCoder-2.7B,I,JobMarketplaceError.py,JobMarketplace,Error,16.0,10.0,,7.0,2.0,0.013999999999999999,0.0
PolyCoder-2.7B,I,JSONProcessorError.py,JSONProcessor,Error,18.0,,1.0,4.0,,0.013999999999999999,
PolyCoder-2.7B,I,KappaCalculatorFail.py,KappaCalculator,Fail,12.0,21.0,4.0,4.0,6.0,0.013999999999999999,0.0
PolyCoder-2.7B,I,LemmatizationError.py,Lemmatization,Error,25.0,,8.0,8.0,,0.013999999999999999,
PolyCoder-2.7B,I,LongestWordSuccess.py,LongestWord,Success,16.0,2.0,4.0,6.0,1.0,0.013999999999999999,0.9875
PolyCoder-2.7B,I,MahjongConnectError.py,MahjongConnect,Error,28.0,4.0,12.0,14.0,2.0,0.013999999999999999,0.0
PolyCoder-2.7B,I,ManacherError.py,Manacher,Error,12.0,,2.0,4.0,,0.013999999999999999,
PolyCoder-2.7B,I,MetricsCalculator2Error.py,MetricsCalculator2,Error,19.0,10.0,6.0,5.0,2.0,0.013999999999999999,0.0
PolyCoder-2.7B,I,MetricsCalculatorFail.py,MetricsCalculator,Fail,31.0,,2.0,8.0,,0.013999999999999999,
PolyCoder-2.7B,I,MinesweeperGameError.py,MinesweeperGame,Error,,,,,,0.013999999999999999,
PolyCoder-2.7B,I,MovieBookingSystemError.py,MovieBookingSystem,Error,17.0,,4.0,6.0,,0.013999999999999999,
PolyCoder-2.7B,I,MovieTicketDBError.py,MovieTicketDB,Error,,,,,,0.013999999999999999,
PolyCoder-2.7B,I,MusicPlayerSuccess.py,MusicPlayer,Success,47.0,,12.0,15.0,,0.013999999999999999,
PolyCoder-2.7B,I,NLPDataProcessor2Error.py,NLPDataProcessor2,Error,61.0,113.0,1.0,2.0,2.0,0.013999999999999999,0.0
PolyCoder-2.7B,I,NLPDataProcessorError.py,NLPDataProcessor,Error,12.0,,3.0,6.0,,0.013999999999999999,
PolyCoder-2.7B,I,NumberConverterFail.py,NumberConverter,Fail,13.0,30.0,,6.0,6.0,0.013999999999999999,0.0
PolyCoder-2.7B,I,NumberWordFormatterError.py,NumberWordFormatter,Error,36.0,,10.0,9.0,,0.013999999999999999,
PolyCoder-2.7B,I,NumericEntityUnescaperError.py,NumericEntityUnescaper,Error,5.0,5.0,,2.0,1.0,0.013999999999999999,0.0
PolyCoder-2.7B,I,OrderError.py,Order,Error,24.0,,5.0,7.0,,0.013999999999999999,
PolyCoder-2.7B,I,PageUtilError.py,PageUtil,Error,,,,,,0.013999999999999999,
PolyCoder-2.7B,I,PDFHandlerError.py,PDFHandler,Error,17.0,,2.0,5.0,,0.013999999999999999,
PolyCoder-2.7B,I,PersonRequestFail.py,PersonRequest,Fail,17.0,26.0,3.0,7.0,7.0,0.013999999999999999,0.0
PolyCoder-2.7B,I,PushBoxGameError.py,PushBoxGame,Error,50.0,,9.0,8.0,,0.013999999999999999,
PolyCoder-2.7B,I,RegexUtilsError.py,RegexUtils,Error,26.0,,4.0,12.0,,0.013999999999999999,
PolyCoder-2.7B,I,RPGCharacterError.py,RPGCharacter,Error,,,,,,0.013999999999999999,
PolyCoder-2.7B,I,ServerError.py,Server,Error,25.0,,6.0,9.0,,0.013999999999999999,
PolyCoder-2.7B,I,ShoppingCartFail.py,ShoppingCart,Fail,11.0,,,5.0,,0.013999999999999999,
PolyCoder-2.7B,I,SignInSystemFail.py,SignInSystem,Fail,24.0,,6.0,9.0,,0.013999999999999999,
PolyCoder-2.7B,I,SnakeFail.py,Snake,Fail,30.0,6.0,2.0,6.0,3.0,0.013999999999999999,0.0
PolyCoder-2.7B,I,SplitSentenceFail.py,SplitSentence,Fail,,,,,,0.013999999999999999,
PolyCoder-2.7B,I,SQLGeneratorError.py,SQLGenerator,Error,21.0,,3.0,10.0,,0.013999999999999999,
PolyCoder-2.7B,I,SQLQueryBuilderError.py,SQLQueryBuilder,Error,9.0,20.0,,4.0,4.0,0.013999999999999999,0.0
PolyCoder-2.7B,I,Statistics3Error.py,Statistics3,Error,16.0,35.0,,7.0,7.0,0.013999999999999999,0.0
PolyCoder-2.7B,I,StockPortfolioTrackerError.py,StockPortfolioTracker,Error,21.0,,2.0,8.0,,0.013999999999999999,
PolyCoder-2.7B,I,StudentDatabaseProcessorError.py,StudentDatabaseProcessor,Error,12.0,,,5.0,,0.013999999999999999,
PolyCoder-2.7B,I,TextFileProcessorError.py,TextFileProcessor,Error,80.0,,2.0,6.0,,0.013999999999999999,
PolyCoder-2.7B,I,ThermostatFail.py,Thermostat,Fail,33.0,,4.0,10.0,,0.013999999999999999,
PolyCoder-2.7B,I,TicTacToeFail.py,TicTacToe,Fail,18.0,2.0,4.0,8.0,1.0,0.013999999999999999,0.0
PolyCoder-2.7B,I,TimeUtilsError.py,TimeUtils,Error,19.0,30.0,,8.0,6.0,0.013999999999999999,0.0
PolyCoder-2.7B,I,TriCalculatorError.py,TriCalculator,Error,14.0,5.0,,6.0,1.0,0.013999999999999999,0.0
PolyCoder-2.7B,I,TwentyFourPointGameFail.py,TwentyFourPointGame,Fail,19.0,5.0,7.0,10.0,1.0,0.013999999999999999,0.0
PolyCoder-2.7B,I,URLHandlerError.py,URLHandler,Error,13.0,,,6.0,,0.013999999999999999,
PolyCoder-2.7B,I,UrlPathError.py,UrlPath,Error,87.0,48.0,53.0,30.0,2.0,0.013999999999999999,0.0
PolyCoder-2.7B,I,UserLoginDBFail.py,UserLoginDB,Fail,15.0,,,5.0,,0.013999999999999999,
PolyCoder-2.7B,I,VectorUtilError.py,VectorUtil,Error,15.0,20.0,1.0,5.0,4.0,0.013999999999999999,0.0
PolyCoder-2.7B,I,VendingMachineFail.py,VendingMachine,Fail,24.0,,3.0,9.0,,0.013999999999999999,
PolyCoder-2.7B,I,WarehouseFail.py,Warehouse,Fail,34.0,5.0,12.0,13.0,1.0,0.013999999999999999,0.0
PolyCoder-2.7B,I,WeatherSystemError.py,WeatherSystem,Error,,,,,,0.013999999999999999,
PolyCoder-2.7B,I,Words2NumbersError.py,Words2Numbers,Error,29.0,,8.0,9.0,,0.013999999999999999,
PolyCoder-2.7B,I,XMLProcessorError.py,XMLProcessor,Error,22.0,,,5.0,,0.013999999999999999,
PolyCoder-2.7B,I,ZipFileProcessorError.py,ZipFileProcessor,Error,37.0,,5.0,6.0,,0.013999999999999999,
santacoder-1.1B,H,AccessGatewayFilterError.py,AccessGatewayFilter,Error,,,,,,0.01,
santacoder-1.1B,H,AreaCalculatorError.py,AreaCalculator,Error,9.0,,,6.0,,0.01,
santacoder-1.1B,H,ArgumentParserError.py,ArgumentParser,Error,,,,,,0.01,
santacoder-1.1B,H,ArrangementCalculatorError.py,ArrangementCalculator,Error,,,,,,0.01,
santacoder-1.1B,H,AssessmentSystemError.py,AssessmentSystem,Error,,,,,,0.01,
santacoder-1.1B,H,AutomaticGuitarSimulatorFail.py,AutomaticGuitarSimulator,Fail,5.0,,,3.0,,0.01,
santacoder-1.1B,H,AvgPartitionError.py,AvgPartition,Error,15.0,5.0,1.0,5.0,1.0,0.01,0.0
santacoder-1.1B,H,BalancedBracketsFail.py,BalancedBrackets,Fail,22.0,10.0,10.0,8.0,1.0,0.01,0.0
santacoder-1.1B,H,BankAccountError.py,BankAccount,Error,27.0,,1.0,10.0,,0.01,
santacoder-1.1B,H,BigNumCalculatorError.py,BigNumCalculator,Error,9.0,,,4.0,,0.01,
santacoder-1.1B,H,BinaryDataProcessorError.py,BinaryDataProcessor,Error,,,,,,0.01,
santacoder-1.1B,H,BitStatusUtilError.py,BitStatusUtil,Error,,,,,,0.01,
santacoder-1.1B,H,BlackjackGameError.py,BlackjackGame,Error,,,,,,0.01,
santacoder-1.1B,H,BookManagementDBError.py,BookManagementDB,Error,13.0,,,8.0,,0.01,
santacoder-1.1B,H,BookManagementFail.py,BookManagement,Fail,8.0,,,6.0,,0.01,
santacoder-1.1B,H,BoyerMooreSearchFail.py,BoyerMooreSearch,Fail,12.0,6.0,1.0,7.0,3.0,0.01,0.0
santacoder-1.1B,H,CalculatorFail.py,Calculator,Fail,16.0,,1.0,6.0,,0.01,
santacoder-1.1B,H,CalendarUtilError.py,CalendarUtil,Error,,,,,,0.01,
santacoder-1.1B,H,CamelCaseMapError.py,CamelCaseMap,Error,,,,,,0.01,
santacoder-1.1B,H,ChandrasekharSieveError.py,ChandrasekharSieve,Error,,,,,,0.01,
santacoder-1.1B,H,ChatError.py,Chat,Error,,,,,,0.01,
santacoder-1.1B,H,ClassRegistrationSystemError.py,ClassRegistrationSystem,Error,,,,,,0.01,
santacoder-1.1B,H,ClassroomError.py,Classroom,Error,,,,,,0.01,
santacoder-1.1B,H,CombinationCalculatorError.py,CombinationCalculator,Error,,,,,,0.01,
santacoder-1.1B,H,ComplexCalculatorFail.py,ComplexCalculator,Fail,11.0,5.0,,5.0,1.0,0.01,0.0
santacoder-1.1B,H,CookiesUtilError.py,CookiesUtil,Error,31.0,,1.0,14.0,,0.01,
santacoder-1.1B,H,CSVProcessorError.py,CSVProcessor,Error,15.0,13.0,1.0,6.0,3.0,0.01,0.0
santacoder-1.1B,H,CurrencyConverterError.py,CurrencyConverter,Error,15.0,,,5.0,,0.01,
santacoder-1.1B,H,DatabaseProcessorFail.py,DatabaseProcessor,Fail,66.0,10.0,1.0,14.0,1.0,0.01,0.0
santacoder-1.1B,H,DataStatistics2Fail.py,DataStatistics2,Fail,10.0,,,7.0,,0.01,
santacoder-1.1B,H,DataStatistics4Error.py,DataStatistics4,Error,,,,,,0.01,
santacoder-1.1B,H,DataStatisticsError.py,DataStatistics,Error,,,,,,0.01,
santacoder-1.1B,H,DecryptionUtilsFail.py,DecryptionUtils,Fail,6.0,,,4.0,,0.01,
santacoder-1.1B,H,DiscountStrategyError.py,DiscountStrategy,Error,,,,,,0.01,
santacoder-1.1B,H,DocFileHandlerError.py,DocFileHandler,Error,68.0,5.0,4.0,16.0,1.0,0.01,0.0
santacoder-1.1B,H,EightPuzzleError.py,EightPuzzle,Error,11.0,,1.0,6.0,,0.01,
santacoder-1.1B,H,EmailClientError.py,EmailClient,Error,12.0,,,7.0,,0.01,
santacoder-1.1B,H,EncryptionUtilsFail.py,EncryptionUtils,Fail,6.0,,,4.0,,0.01,
santacoder-1.1B,H,ExcelProcessorError.py,ExcelProcessor,Error,8.0,7.0,,5.0,2.0,0.01,0.0
santacoder-1.1B,H,ExpressionCalculatorError.py,ExpressionCalculator,Error,,,,,,0.01,
santacoder-1.1B,H,FitnessTrackerFail.py,FitnessTracker,Fail,14.0,7.0,,5.0,2.0,0.01,0.0
santacoder-1.1B,H,GomokuGameError.py,GomokuGame,Error,,,,,,0.01,
santacoder-1.1B,H,HotelSuccess.py,Hotel,Success,31.0,18.0,1.0,7.0,1.0,0.01,0.9419354838709677
santacoder-1.1B,H,HRManagementSystemError.py,HRManagementSystem,Error,,,,,,0.01,
santacoder-1.1B,H,HtmlUtilError.py,HtmlUtil,Error,,,,,,0.01,
santacoder-1.1B,H,ImageProcessorError.py,ImageProcessor,Error,,,,,,0.01,
santacoder-1.1B,H,InterpolationError.py,Interpolation,Error,,,,,,0.01,
santacoder-1.1B,H,IPAddressError.py,IPAddress,Error,,,,,,0.01,
santacoder-1.1B,H,IpUtilError.py,IpUtil,Error,,,,,,0.01,
santacoder-1.1B,H,JobMarketplaceError.py,JobMarketplace,Error,11.0,,,8.0,,0.01,
santacoder-1.1B,H,JSONProcessorError.py,JSONProcessor,Error,,,,,,0.01,
santacoder-1.1B,H,KappaCalculatorFail.py,KappaCalculator,Fail,8.0,8.0,,3.0,4.0,0.01,0.0
santacoder-1.1B,H,LemmatizationError.py,Lemmatization,Error,,,,,,0.01,
santacoder-1.1B,H,LongestWordFail.py,LongestWord,Fail,127.0,,,3.0,,0.01,
santacoder-1.1B,H,MahjongConnectError.py,MahjongConnect,Error,,,,,,0.01,
santacoder-1.1B,H,ManacherFail.py,Manacher,Fail,9.0,,1.0,5.0,,0.01,
santacoder-1.1B,H,MetricsCalculator2Error.py,MetricsCalculator2,Error,,,,,,0.01,
santacoder-1.1B,H,MetricsCalculatorFail.py,MetricsCalculator,Fail,16.0,,,7.0,,0.01,
santacoder-1.1B,H,MinesweeperGameError.py,MinesweeperGame,Error,,,,,,0.01,
santacoder-1.1B,H,MovieBookingSystemError.py,MovieBookingSystem,Error,,,,,,0.01,
santacoder-1.1B,H,MovieTicketDBError.py,MovieTicketDB,Error,12.0,,,6.0,,0.01,
santacoder-1.1B,H,MusicPlayerSuccess.py,MusicPlayer,Success,13.0,,,9.0,,0.01,
santacoder-1.1B,H,NLPDataProcessor2Error.py,NLPDataProcessor2,Error,,,,,,0.01,
santacoder-1.1B,H,NLPDataProcessorFail.py,NLPDataProcessor,Fail,4.0,,,3.0,,0.01,
santacoder-1.1B,H,NumberConverterFail.py,NumberConverter,Fail,13.0,,,6.0,,0.01,
santacoder-1.1B,H,NumberWordFormatterError.py,NumberWordFormatter,Error,,,,,,0.01,
santacoder-1.1B,H,NumericEntityUnescaperFail.py,NumericEntityUnescaper,Fail,34.0,5.0,9.0,58.0,1.0,0.01,0.0
santacoder-1.1B,H,OrderFail.py,Order,Fail,,,,,,0.01,
santacoder-1.1B,H,PageUtilFail.py,PageUtil,Fail,9.0,,,4.0,,0.01,
santacoder-1.1B,H,PDFHandlerError.py,PDFHandler,Error,,,,,,0.01,
santacoder-1.1B,H,PersonRequestPartialSuccess.py,PersonRequest,PartialSuccess,8.0,11.0,,4.0,4.0,0.01,0.0
santacoder-1.1B,H,PushBoxGameFail.py,PushBoxGame,Fail,62.0,,16.0,15.0,,0.01,
santacoder-1.1B,H,RegexUtilsError.py,RegexUtils,Error,,,,,,0.01,
santacoder-1.1B,H,RPGCharacterError.py,RPGCharacter,Error,63.0,,1.0,17.0,,0.01,
santacoder-1.1B,H,ServerError.py,Server,Error,,,,,,0.01,
santacoder-1.1B,H,ShoppingCartFail.py,ShoppingCart,Fail,8.0,,,6.0,,0.01,
santacoder-1.1B,H,SignInSystemError.py,SignInSystem,Error,94.0,12.0,,13.0,6.0,0.01,0.0
santacoder-1.1B,H,SnakeError.py,Snake,Error,,,,,,0.01,
santacoder-1.1B,H,SplitSentenceFail.py,SplitSentence,Fail,,,,,,0.01,
santacoder-1.1B,H,SQLGeneratorError.py,SQLGenerator,Error,,,,,,0.01,
santacoder-1.1B,H,SQLQueryBuilderFail.py,SQLQueryBuilder,Fail,9.0,,,4.0,,0.01,
santacoder-1.1B,H,Statistics3Error.py,Statistics3,Error,,,,,,0.01,
santacoder-1.1B,H,StockPortfolioTrackerError.py,StockPortfolioTracker,Error,,,,,,0.01,
santacoder-1.1B,H,StudentDatabaseProcessorError.py,StudentDatabaseProcessor,Error,20.0,,1.0,6.0,,0.01,
santacoder-1.1B,H,TextFileProcessorError.py,TextFileProcessor,Error,19.0,,1.0,7.0,,0.01,
santacoder-1.1B,H,ThermostatError.py,Thermostat,Error,,,,,,0.01,
santacoder-1.1B,H,TicTacToeFail.py,TicTacToe,Fail,,,,,,0.01,
santacoder-1.1B,H,TimeUtilsError.py,TimeUtils,Error,,,,,,0.01,
santacoder-1.1B,H,TriCalculatorError.py,TriCalculator,Error,,,,,,0.01,
santacoder-1.1B,H,TwentyFourPointGameError.py,TwentyFourPointGame,Error,,,,,,0.01,
santacoder-1.1B,H,URLHandlerFail.py,URLHandler,Fail,8.0,,,6.0,,0.01,
santacoder-1.1B,H,UrlPathError.py,UrlPath,Error,19.0,5.0,1.0,8.0,1.0,0.01,0.0
santacoder-1.1B,H,UserLoginDBError.py,UserLoginDB,Error,10.0,,,7.0,,0.01,
santacoder-1.1B,H,VectorUtilError.py,VectorUtil,Error,,,,,,0.01,
santacoder-1.1B,H,VendingMachineFail.py,VendingMachine,Fail,11.0,,,8.0,,0.01,
santacoder-1.1B,H,WarehouseFail.py,Warehouse,Fail,,,,,,0.01,
santacoder-1.1B,H,WeatherSystemFail.py,WeatherSystem,Fail,13.0,,1.0,6.0,,0.01,
santacoder-1.1B,H,Words2NumbersError.py,Words2Numbers,Error,,,,,,0.01,
santacoder-1.1B,H,XMLProcessorError.py,XMLProcessor,Error,,,,,,0.01,
santacoder-1.1B,H,ZipFileProcessorError.py,ZipFileProcessor,Error,,,,,,0.01,
santacoder-1.1B,C,AccessGatewayFilterFail.py,AccessGatewayFilter,Fail,99.0,5.0,7.0,7.0,109.0,0.032,0.0
santacoder-1.1B,C,AreaCalculatorError.py,AreaCalculator,Error,14.0,,,6.0,,0.032,
santacoder-1.1B,C,ArgumentParserError.py,ArgumentParser,Error,31.0,,14.0,12.0,,0.032,
santacoder-1.1B,C,ArrangementCalculatorError.py,ArrangementCalculator,Error,25.0,10.0,6.0,10.0,2.0,0.032,0.0
santacoder-1.1B,C,AssessmentSystemSuccess.py,AssessmentSystem,Success,25.0,,6.0,12.0,,0.032,
santacoder-1.1B,C,AutomaticGuitarSimulatorFail.py,AutomaticGuitarSimulator,Fail,8.0,,,3.0,1.0,0.032,
santacoder-1.1B,C,AvgPartitionFail.py,AvgPartition,Fail,18.0,5.0,3.0,5.0,1.0,0.032,0.0
santacoder-1.1B,C,BalancedBracketsFail.py,BalancedBrackets,Fail,20.0,10.0,9.0,7.0,1.0,0.032,0.0
santacoder-1.1B,C,BankAccountPartialSuccess.py,BankAccount,PartialSuccess,24.0,,5.0,9.0,,0.032,
santacoder-1.1B,C,BigNumCalculatorError.py,BigNumCalculator,Error,7.0,15.0,,3.0,3.0,0.032,0.0
santacoder-1.1B,C,BinaryDataProcessorFail.py,BinaryDataProcessor,Fail,13.0,,,5.0,,0.032,
santacoder-1.1B,C,BitStatusUtilError.py,BitStatusUtil,Error,23.0,20.0,9.0,11.0,4.0,0.032,0.0
santacoder-1.1B,C,BlackjackGameError.py,BlackjackGame,Error,34.0,,17.0,13.0,,0.032,
santacoder-1.1B,C,BookManagementDBError.py,BookManagementDB,Error,33.0,,,7.0,,0.032,
santacoder-1.1B,C,BookManagementFail.py,BookManagement,Fail,23.0,,9.0,9.0,,0.032,
santacoder-1.1B,C,BoyerMooreSearchFail.py,BoyerMooreSearch,Fail,22.0,6.0,10.0,11.0,3.0,0.032,0.0
santacoder-1.1B,C,CalculatorError.py,Calculator,Error,50.0,11.0,30.0,13.0,1.0,0.032,0.0
santacoder-1.1B,C,CalendarUtilError.py,CalendarUtil,Error,,,,,,0.032,
santacoder-1.1B,C,CamelCaseMapError.py,CamelCaseMap,Error,18.0,5.0,1.0,9.0,1.0,0.032,0.0
santacoder-1.1B,C,ChandrasekharSieveError.py,ChandrasekharSieve,Error,12.0,,3.0,5.0,,0.032,
santacoder-1.1B,C,ChatFail.py,Chat,Fail,25.0,,7.0,9.0,,0.032,
santacoder-1.1B,C,ClassRegistrationSystemError.py,ClassRegistrationSystem,Error,26.0,,6.0,11.0,,0.032,
santacoder-1.1B,C,ClassroomError.py,Classroom,Error,22.0,,8.0,11.0,,0.032,
santacoder-1.1B,C,CombinationCalculatorError.py,CombinationCalculator,Error,,,,,,0.032,
santacoder-1.1B,C,ComplexCalculatorError.py,ComplexCalculator,Error,12.0,20.0,,5.0,4.0,0.032,0.0
santacoder-1.1B,C,CookiesUtilError.py,CookiesUtil,Error,23.0,,3.0,5.0,,0.032,
santacoder-1.1B,C,CSVProcessorError.py,CSVProcessor,Error,28.0,7.0,2.0,6.0,2.0,0.032,0.0
santacoder-1.1B,C,CurrencyConverterFail.py,CurrencyConverter,Fail,31.0,,6.0,9.0,,0.032,
santacoder-1.1B,C,DatabaseProcessorFail.py,DatabaseProcessor,Fail,25.0,,,5.0,,0.032,
santacoder-1.1B,C,DataStatistics2Fail.py,DataStatistics2,Fail,16.0,,,7.0,,0.032,
santacoder-1.1B,C,DataStatistics4Fail.py,DataStatistics4,Fail,20.0,25.0,1.0,5.0,5.0,0.032,0.0
santacoder-1.1B,C,DataStatisticsFail.py,DataStatistics,Fail,8.0,,,3.0,,0.032,
santacoder-1.1B,C,DecryptionUtilsFail.py,DecryptionUtils,Fail,9.0,,,4.0,1.0,0.032,
santacoder-1.1B,C,DiscountStrategyFail.py,DiscountStrategy,Fail,32.0,30.0,11.0,13.0,6.0,0.032,0.0
santacoder-1.1B,C,DocFileHandlerError.py,DocFileHandler,Error,35.0,,5.0,8.0,,0.032,
santacoder-1.1B,C,EightPuzzleError.py,EightPuzzle,Error,46.0,,24.0,15.0,,0.032,
santacoder-1.1B,C,EmailClientError.py,EmailClient,Error,26.0,,7.0,11.0,,0.032,
santacoder-1.1B,C,EncryptionUtilsFail.py,EncryptionUtils,Fail,27.0,,12.0,10.0,,0.032,
santacoder-1.1B,C,ExcelProcessorError.py,ExcelProcessor,Error,28.0,7.0,2.0,5.0,2.0,0.032,0.0
santacoder-1.1B,C,ExpressionCalculatorError.py,ExpressionCalculator,Error,,,,,,0.032,
santacoder-1.1B,C,FitnessTrackerError.py,FitnessTracker,Error,36.0,9.0,14.0,11.0,4.0,0.032,0.0
santacoder-1.1B,C,GomokuGameFail.py,GomokuGame,Fail,31.0,,20.0,27.0,,0.032,
santacoder-1.1B,C,HotelSuccess.py,Hotel,Success,31.0,,7.0,12.0,,0.032,
santacoder-1.1B,C,HRManagementSystemError.py,HRManagementSystem,Error,,,,,,0.032,
santacoder-1.1B,C,HtmlUtilError.py,HtmlUtil,Error,107.0,2.0,1.0,5.0,1.0,0.032,0.0
santacoder-1.1B,C,ImageProcessorError.py,ImageProcessor,Error,18.0,,3.0,9.0,,0.032,
santacoder-1.1B,C,InterpolationError.py,Interpolation,Error,,,,,,0.032,
santacoder-1.1B,C,IPAddressFail.py,IPAddress,Fail,25.0,,12.0,12.0,,0.032,
santacoder-1.1B,C,IpUtilFail.py,IpUtil,Fail,23.0,20.0,3.0,3.0,4.0,0.032,0.0
santacoder-1.1B,C,JobMarketplaceError.py,JobMarketplace,Error,28.0,,9.0,13.0,,0.032,
santacoder-1.1B,C,JSONProcessorPartialSuccess.py,JSONProcessor,PartialSuccess,31.0,,8.0,6.0,,0.032,
santacoder-1.1B,C,KappaCalculatorError.py,KappaCalculator,Error,,,,,,0.032,
santacoder-1.1B,C,LemmatizationError.py,Lemmatization,Error,24.0,,1.0,5.0,,0.032,
santacoder-1.1B,C,LongestWordError.py,LongestWord,Error,,,,,,0.032,
santacoder-1.1B,C,MahjongConnectFail.py,MahjongConnect,Fail,32.0,9.0,12.0,21.0,3.0,0.032,0.0
santacoder-1.1B,C,ManacherError.py,Manacher,Error,33.0,,18.0,9.0,,0.032,
santacoder-1.1B,C,MetricsCalculator2Error.py,MetricsCalculator2,Error,12.0,10.0,2.0,4.0,2.0,0.032,0.0
santacoder-1.1B,C,MetricsCalculatorError.py,MetricsCalculator,Error,60.0,10.0,26.0,23.0,2.0,0.032,0.0
santacoder-1.1B,C,MinesweeperGameError.py,MinesweeperGame,Error,37.0,15.0,17.0,16.0,3.0,0.032,0.0
santacoder-1.1B,C,MovieBookingSystemFail.py,MovieBookingSystem,Fail,17.0,,7.0,7.0,,0.032,
santacoder-1.1B,C,MovieTicketDBError.py,MovieTicketDB,Error,23.0,,,5.0,,0.032,
santacoder-1.1B,C,MusicPlayerFail.py,MusicPlayer,Fail,51.0,,16.0,17.0,,0.032,
santacoder-1.1B,C,NLPDataProcessor2Error.py,NLPDataProcessor2,Error,23.0,,1.0,4.0,,0.032,
santacoder-1.1B,C,NLPDataProcessorPartialSuccess.py,NLPDataProcessor,PartialSuccess,12.0,,,4.0,,0.032,
santacoder-1.1B,C,NumberConverterFail.py,NumberConverter,Fail,13.0,30.0,,6.0,6.0,0.032,0.0
santacoder-1.1B,C,NumberWordFormatterError.py,NumberWordFormatter,Error,,,,,,0.032,
santacoder-1.1B,C,NumericEntityUnescaperError.py,NumericEntityUnescaper,Error,7.0,10.0,1.0,15.0,2.0,0.032,0.0
santacoder-1.1B,C,OrderError.py,Order,Error,23.0,,5.0,7.0,,0.032,
santacoder-1.1B,C,PageUtilError.py,PageUtil,Error,34.0,,5.0,8.0,,0.032,
santacoder-1.1B,C,PDFHandlerError.py,PDFHandler,Error,16.0,,2.0,5.0,,0.032,
santacoder-1.1B,C,PersonRequestPartialSuccess.py,PersonRequest,PartialSuccess,11.0,11.0,,4.0,4.0,0.032,0.0
santacoder-1.1B,C,PushBoxGamePartialSuccess.py,PushBoxGame,PartialSuccess,52.0,,19.0,15.0,,0.032,
santacoder-1.1B,C,RegexUtilsError.py,RegexUtils,Error,39.0,,10.0,15.0,,0.032,
santacoder-1.1B,C,RPGCharacterError.py,RPGCharacter,Error,,,,,,0.032,
santacoder-1.1B,C,ServerFail.py,Server,Fail,36.0,,11.0,11.0,,0.032,
santacoder-1.1B,C,ShoppingCartError.py,ShoppingCart,Error,,,,,,0.032,
santacoder-1.1B,C,SignInSystemFail.py,SignInSystem,Fail,24.0,,7.0,11.0,,0.032,
santacoder-1.1B,C,SnakeFail.py,Snake,Fail,43.0,6.0,7.0,7.0,3.0,0.032,0.0
santacoder-1.1B,C,SplitSentenceFail.py,SplitSentence,Fail,,,,,,0.032,
santacoder-1.1B,C,SQLGeneratorFail.py,SQLGenerator,Fail,19.0,,2.0,9.0,,0.032,
santacoder-1.1B,C,SQLQueryBuilderFail.py,SQLQueryBuilder,Fail,33.0,26.0,7.0,11.0,5.0,0.032,0.0
santacoder-1.1B,C,Statistics3Error.py,Statistics3,Error,71.0,280.0,1.0,8.0,56.0,0.032,0.0
santacoder-1.1B,C,StockPortfolioTrackerError.py,StockPortfolioTracker,Error,36.0,,6.0,12.0,,0.032,
santacoder-1.1B,C,StudentDatabaseProcessorFail.py,StudentDatabaseProcessor,Fail,33.0,,,5.0,,0.032,
santacoder-1.1B,C,TextFileProcessorError.py,TextFileProcessor,Error,221.0,,,5.0,,0.032,
santacoder-1.1B,C,ThermostatFail.py,Thermostat,Fail,41.0,,12.0,13.0,,0.032,
santacoder-1.1B,C,TicTacToeFail.py,TicTacToe,Fail,31.0,2.0,18.0,16.0,1.0,0.032,0.0
santacoder-1.1B,C,TimeUtilsError.py,TimeUtils,Error,22.0,,,8.0,,0.032,
santacoder-1.1B,C,TriCalculatorError.py,TriCalculator,Error,24.0,5.0,6.0,8.0,1.0,0.032,0.0
santacoder-1.1B,C,TwentyFourPointGameFail.py,TwentyFourPointGame,Fail,18.0,5.0,3.0,7.0,1.0,0.032,0.0
santacoder-1.1B,C,URLHandlerFail.py,URLHandler,Fail,27.0,,9.0,10.0,,0.032,
santacoder-1.1B,C,UrlPathFail.py,UrlPath,Fail,,,,,,0.032,
santacoder-1.1B,C,UserLoginDBFail.py,UserLoginDB,Fail,23.0,,3.0,7.0,,0.032,
santacoder-1.1B,C,VectorUtilError.py,VectorUtil,Error,17.0,20.0,1.0,5.0,4.0,0.032,0.0
santacoder-1.1B,C,VendingMachineError.py,VendingMachine,Error,34.0,,12.0,11.0,,0.032,
santacoder-1.1B,C,WarehouseError.py,Warehouse,Error,37.0,,12.0,14.0,,0.032,
santacoder-1.1B,C,WeatherSystemFail.py,WeatherSystem,Fail,23.0,,2.0,6.0,,0.032,
santacoder-1.1B,C,Words2NumbersError.py,Words2Numbers,Error,41.0,,14.0,16.0,,0.032,
santacoder-1.1B,C,XMLProcessorError.py,XMLProcessor,Error,27.0,5.0,2.0,6.0,1.0,0.032,0.0
santacoder-1.1B,C,ZipFileProcessorError.py,ZipFileProcessor,Error,37.0,,5.0,6.0,,0.032,
santacoder-1.1B,I,AccessGatewayFilterFail.py,AccessGatewayFilter,Fail,13.0,10.0,,5.0,6.0,0.086,0.0
santacoder-1.1B,I,AreaCalculatorFail.py,AreaCalculator,Fail,14.0,,,6.0,,0.086,
santacoder-1.1B,I,ArgumentParserError.py,ArgumentParser,Error,28.0,,12.0,11.0,,0.086,
santacoder-1.1B,I,ArrangementCalculatorFail.py,ArrangementCalculator,Fail,21.0,10.0,3.0,9.0,2.0,0.086,0.0
santacoder-1.1B,I,AssessmentSystemSuccess.py,AssessmentSystem,Success,41.0,,18.0,16.0,,0.086,
santacoder-1.1B,I,AutomaticGuitarSimulatorError.py,AutomaticGuitarSimulator,Error,4.0,,,2.0,220.0,0.086,
santacoder-1.1B,I,AvgPartitionError.py,AvgPartition,Error,19.0,5.0,4.0,5.0,1.0,0.086,0.0
santacoder-1.1B,I,BalancedBracketsFail.py,BalancedBrackets,Fail,19.0,10.0,8.0,6.0,1.0,0.086,0.0
santacoder-1.1B,I,BankAccountSuccess.py,BankAccount,Success,25.0,6.0,5.0,10.0,1.0,0.086,0.976
santacoder-1.1B,I,BigNumCalculatorError.py,BigNumCalculator,Error,16.0,21.0,9.0,9.0,4.0,0.086,0.0
santacoder-1.1B,I,BinaryDataProcessorError.py,BinaryDataProcessor,Error,,,,,,0.086,
santacoder-1.1B,I,BitStatusUtilError.py,BitStatusUtil,Error,27.0,30.0,17.0,18.0,5.0,0.086,0.0
santacoder-1.1B,I,BlackjackGameFail.py,BlackjackGame,Fail,34.0,5.0,20.0,15.0,1.0,0.086,0.0
santacoder-1.1B,I,BookManagementDBError.py,BookManagementDB,Error,34.0,,,7.0,,0.086,
santacoder-1.1B,I,BookManagementFail.py,BookManagement,Fail,23.0,,9.0,9.0,,0.086,
santacoder-1.1B,I,BoyerMooreSearchFail.py,BoyerMooreSearch,Fail,19.0,6.0,7.0,9.0,3.0,0.086,0.0
santacoder-1.1B,I,CalculatorFail.py,Calculator,Fail,51.0,7.0,28.0,12.0,1.0,0.086,0.0
santacoder-1.1B,I,CalendarUtilError.py,CalendarUtil,Error,,,,,,0.086,
santacoder-1.1B,I,CamelCaseMapFail.py,CamelCaseMap,Fail,17.0,5.0,,8.0,1.0,0.086,0.0
santacoder-1.1B,I,ChandrasekharSieveError.py,ChandrasekharSieve,Error,12.0,,3.0,5.0,,0.086,
santacoder-1.1B,I,ChatFail.py,Chat,Fail,27.0,,9.0,10.0,,0.086,
santacoder-1.1B,I,ClassRegistrationSystemError.py,ClassRegistrationSystem,Error,23.0,,4.0,9.0,,0.086,
santacoder-1.1B,I,ClassroomError.py,Classroom,Error,26.0,,10.0,12.0,,0.086,
santacoder-1.1B,I,CombinationCalculatorFail.py,CombinationCalculator,Fail,35.0,16.0,9.0,14.0,5.0,0.086,0.0
santacoder-1.1B,I,ComplexCalculatorError.py,ComplexCalculator,Error,12.0,20.0,,5.0,4.0,0.086,0.0
santacoder-1.1B,I,CookiesUtilError.py,CookiesUtil,Error,17.0,,,4.0,,0.086,
santacoder-1.1B,I,CSVProcessorError.py,CSVProcessor,Error,20.0,12.0,,4.0,3.0,0.086,0.0
santacoder-1.1B,I,CurrencyConverterFail.py,CurrencyConverter,Fail,29.0,,4.0,9.0,,0.086,
santacoder-1.1B,I,DatabaseProcessorFail.py,DatabaseProcessor,Fail,30.0,,,5.0,,0.086,
santacoder-1.1B,I,DataStatistics2Error.py,DataStatistics2,Error,16.0,,,7.0,,0.086,
santacoder-1.1B,I,DataStatistics4Fail.py,DataStatistics4,Fail,39.0,26.0,18.0,13.0,5.0,0.086,0.0
santacoder-1.1B,I,DataStatisticsPartialSuccess.py,DataStatistics,PartialSuccess,13.0,,2.0,5.0,,0.086,
santacoder-1.1B,I,DecryptionUtilsError.py,DecryptionUtils,Error,27.0,,3.0,7.0,,0.086,
santacoder-1.1B,I,DiscountStrategyFail.py,DiscountStrategy,Fail,31.0,30.0,9.0,11.0,6.0,0.086,0.0
santacoder-1.1B,I,DocFileHandlerError.py,DocFileHandler,Error,,,,,,0.086,
santacoder-1.1B,I,EightPuzzleError.py,EightPuzzle,Error,,,,,,0.086,
santacoder-1.1B,I,EmailClientError.py,EmailClient,Error,29.0,,7.0,10.0,,0.086,
santacoder-1.1B,I,EncryptionUtilsFail.py,EncryptionUtils,Fail,27.0,,12.0,10.0,,0.086,
santacoder-1.1B,I,ExcelProcessorError.py,ExcelProcessor,Error,26.0,12.0,3.0,7.0,3.0,0.086,0.0
santacoder-1.1B,I,ExpressionCalculatorError.py,ExpressionCalculator,Error,,,,,,0.086,
santacoder-1.1B,I,FitnessTrackerError.py,FitnessTracker,Error,31.0,7.0,6.0,6.0,2.0,0.086,0.0
santacoder-1.1B,I,GomokuGameFail.py,GomokuGame,Fail,35.0,,20.0,18.0,,0.086,
santacoder-1.1B,I,HotelSuccess.py,Hotel,Success,32.0,,13.0,11.0,,0.086,
santacoder-1.1B,I,HRManagementSystemError.py,HRManagementSystem,Error,,,,,,0.086,
santacoder-1.1B,I,HtmlUtilFail.py,HtmlUtil,Fail,29.0,2.0,2.0,6.0,1.0,0.086,0.0
santacoder-1.1B,I,ImageProcessorError.py,ImageProcessor,Error,19.0,,4.0,10.0,,0.086,
santacoder-1.1B,I,InterpolationError.py,Interpolation,Error,,,,,,0.086,
santacoder-1.1B,I,IPAddressFail.py,IPAddress,Fail,22.0,,10.0,12.0,,0.086,
santacoder-1.1B,I,IpUtilFail.py,IpUtil,Fail,19.0,15.0,3.0,3.0,3.0,0.086,0.0
santacoder-1.1B,I,JobMarketplaceError.py,JobMarketplace,Error,16.0,,,9.0,,0.086,
santacoder-1.1B,I,JSONProcessorFail.py,JSONProcessor,Fail,28.0,,9.0,7.0,,0.086,
santacoder-1.1B,I,KappaCalculatorFail.py,KappaCalculator,Fail,30.0,16.0,18.0,12.0,5.0,0.086,0.0
santacoder-1.1B,I,LemmatizationError.py,Lemmatization,Error,26.0,,1.0,5.0,,0.086,
santacoder-1.1B,I,LongestWordFail.py,LongestWord,Fail,128.0,1.0,,3.0,1.0,0.086,0.0
santacoder-1.1B,I,MahjongConnectFail.py,MahjongConnect,Fail,60.0,9.0,31.0,46.0,3.0,0.086,0.0
santacoder-1.1B,I,ManacherError.py,Manacher,Error,28.0,,14.0,8.0,,0.086,
santacoder-1.1B,I,MetricsCalculator2Error.py,MetricsCalculator2,Error,15.0,10.0,4.0,5.0,2.0,0.086,0.0
santacoder-1.1B,I,MetricsCalculatorError.py,MetricsCalculator,Error,26.0,30.0,12.0,10.0,6.0,0.086,0.0
santacoder-1.1B,I,MinesweeperGameError.py,MinesweeperGame,Error,42.0,5.0,24.0,21.0,1.0,0.086,0.0
santacoder-1.1B,I,MovieBookingSystemError.py,MovieBookingSystem,Error,20.0,,10.0,10.0,,0.086,
santacoder-1.1B,I,MovieTicketDBSuccess.py,MovieTicketDB,Success,24.0,,,5.0,,0.086,
santacoder-1.1B,I,MusicPlayerSuccess.py,MusicPlayer,Success,54.0,,19.0,18.0,,0.086,
santacoder-1.1B,I,NLPDataProcessor2Error.py,NLPDataProcessor2,Error,19.0,,1.0,4.0,,0.086,
santacoder-1.1B,I,NLPDataProcessorPartialSuccess.py,NLPDataProcessor,PartialSuccess,20.0,,6.0,6.0,,0.086,
santacoder-1.1B,I,NumberConverterFail.py,NumberConverter,Fail,34.0,30.0,6.0,12.0,6.0,0.086,0.0
santacoder-1.1B,I,NumberWordFormatterError.py,NumberWordFormatter,Error,,,,,,0.086,
santacoder-1.1B,I,NumericEntityUnescaperError.py,NumericEntityUnescaper,Error,7.0,10.0,1.0,13.0,2.0,0.086,0.0
santacoder-1.1B,I,OrderFail.py,Order,Fail,25.0,,6.0,8.0,,0.086,
santacoder-1.1B,I,PageUtilError.py,PageUtil,Error,37.0,,7.0,10.0,,0.086,
santacoder-1.1B,I,PDFHandlerError.py,PDFHandler,Error,17.0,,2.0,5.0,,0.086,
santacoder-1.1B,I,PersonRequestFail.py,PersonRequest,Fail,20.0,26.0,6.0,7.0,7.0,0.086,0.0
santacoder-1.1B,I,PushBoxGameError.py,PushBoxGame,Error,50.0,,21.0,17.0,,0.086,
santacoder-1.1B,I,RegexUtilsSuccess.py,RegexUtils,Success,22.0,,,10.0,,0.086,
santacoder-1.1B,I,RPGCharacterError.py,RPGCharacter,Error,,,,,,0.086,
santacoder-1.1B,I,ServerFail.py,Server,Fail,36.0,,11.0,11.0,,0.086,
santacoder-1.1B,I,ShoppingCartSuccess.py,ShoppingCart,Success,15.0,,2.0,7.0,,0.086,
santacoder-1.1B,I,SignInSystemSuccess.py,SignInSystem,Success,24.0,,6.0,12.0,,0.086,
santacoder-1.1B,I,SnakeFail.py,Snake,Fail,39.0,6.0,7.0,7.0,3.0,0.086,0.0
santacoder-1.1B,I,SplitSentenceFail.py,SplitSentence,Fail,,,,,,0.086,
santacoder-1.1B,I,SQLGeneratorFail.py,SQLGenerator,Fail,19.0,,2.0,9.0,,0.086,
santacoder-1.1B,I,SQLQueryBuilderFail.py,SQLQueryBuilder,Fail,30.0,26.0,7.0,10.0,5.0,0.086,0.0
santacoder-1.1B,I,Statistics3Error.py,Statistics3,Error,54.0,65.0,6.0,12.0,13.0,0.086,0.0
santacoder-1.1B,I,StockPortfolioTrackerError.py,StockPortfolioTracker,Error,35.0,,6.0,11.0,,0.086,
santacoder-1.1B,I,StudentDatabaseProcessorSuccess.py,StudentDatabaseProcessor,Success,29.0,,,5.0,,0.086,
santacoder-1.1B,I,TextFileProcessorError.py,TextFileProcessor,Error,19.0,,,5.0,,0.086,
santacoder-1.1B,I,ThermostatError.py,Thermostat,Error,32.0,,6.0,12.0,,0.086,
santacoder-1.1B,I,TicTacToeFail.py,TicTacToe,Fail,27.0,2.0,18.0,18.0,1.0,0.086,0.0
santacoder-1.1B,I,TimeUtilsFail.py,TimeUtils,Fail,22.0,,,8.0,,0.086,
santacoder-1.1B,I,TriCalculatorError.py,TriCalculator,Error,14.0,5.0,,6.0,1.0,0.086,0.0
santacoder-1.1B,I,TwentyFourPointGameFail.py,TwentyFourPointGame,Fail,21.0,5.0,7.0,10.0,1.0,0.086,0.0
santacoder-1.1B,I,URLHandlerFail.py,URLHandler,Fail,28.0,25.0,5.0,6.0,5.0,0.086,0.0
santacoder-1.1B,I,UrlPathFail.py,UrlPath,Fail,,,,,,0.086,
santacoder-1.1B,I,UserLoginDBFail.py,UserLoginDB,Fail,20.0,,2.0,6.0,,0.086,
santacoder-1.1B,I,VectorUtilError.py,VectorUtil,Error,15.0,20.0,1.0,5.0,4.0,0.086,0.0
santacoder-1.1B,I,VendingMachineFail.py,VendingMachine,Fail,30.0,,8.0,10.0,,0.086,
santacoder-1.1B,I,WarehouseSuccess.py,Warehouse,Success,37.0,,15.0,14.0,,0.086,
santacoder-1.1B,I,WeatherSystemFail.py,WeatherSystem,Fail,24.0,,2.0,6.0,,0.086,
santacoder-1.1B,I,Words2NumbersError.py,Words2Numbers,Error,177.0,68.0,82.0,84.0,1.0,0.086,0.0
santacoder-1.1B,I,XMLProcessorError.py,XMLProcessor,Error,27.0,,6.0,9.0,,0.086,
santacoder-1.1B,I,ZipFileProcessorError.py,ZipFileProcessor,Error,32.0,20.0,5.0,6.0,4.0,0.086,0.0
starcoder-instruct-15B,H,AccessGatewayFilterFail.py,AccessGatewayFilter,Fail,29.0,5.0,7.0,11.0,1.0,0.10200000000000001,0.0
starcoder-instruct-15B,H,AreaCalculatorError.py,AreaCalculator,Error,14.0,,,6.0,,0.10200000000000001,
starcoder-instruct-15B,H,ArgumentParserError.py,ArgumentParser,Error,9.0,,,5.0,,0.10200000000000001,
starcoder-instruct-15B,H,ArrangementCalculatorFail.py,ArrangementCalculator,Fail,11.0,,,6.0,,0.10200000000000001,
starcoder-instruct-15B,H,AssessmentSystemSuccess.py,AssessmentSystem,Success,9.0,,,7.0,,0.10200000000000001,
starcoder-instruct-15B,H,AutomaticGuitarSimulatorFail.py,AutomaticGuitarSimulator,Fail,5.0,,,3.0,,0.10200000000000001,
starcoder-instruct-15B,H,AvgPartitionFail.py,AvgPartition,Fail,6.0,5.0,,3.0,1.0,0.10200000000000001,0.0
starcoder-instruct-15B,H,BalancedBracketsSuccess.py,BalancedBrackets,Success,8.0,,,3.0,,0.10200000000000001,
starcoder-instruct-15B,H,BankAccountSuccess.py,BankAccount,Success,7.0,,,5.0,,0.10200000000000001,
starcoder-instruct-15B,H,BigNumCalculatorFail.py,BigNumCalculator,Fail,7.0,,,3.0,,0.10200000000000001,
starcoder-instruct-15B,H,BinaryDataProcessorFail.py,BinaryDataProcessor,Fail,8.0,,,5.0,,0.10200000000000001,
starcoder-instruct-15B,H,BitStatusUtilError.py,BitStatusUtil,Error,9.0,,,4.0,,0.10200000000000001,
starcoder-instruct-15B,H,BlackjackGameError.py,BlackjackGame,Error,,,,,,0.10200000000000001,
starcoder-instruct-15B,H,BookManagementDBError.py,BookManagementDB,Error,27.0,,1.0,8.0,,0.10200000000000001,
starcoder-instruct-15B,H,BookManagementFail.py,BookManagement,Fail,7.0,,,5.0,,0.10200000000000001,
starcoder-instruct-15B,H,BoyerMooreSearchError.py,BoyerMooreSearch,Error,7.0,6.0,,4.0,3.0,0.10200000000000001,0.0
starcoder-instruct-15B,H,CalculatorError.py,Calculator,Error,12.0,,,4.0,,0.10200000000000001,
starcoder-instruct-15B,H,CalendarUtilError.py,CalendarUtil,Error,,,,,,0.10200000000000001,
starcoder-instruct-15B,H,CamelCaseMapError.py,CamelCaseMap,Error,11.0,,,8.0,,0.10200000000000001,
starcoder-instruct-15B,H,ChandrasekharSieveSuccess.py,ChandrasekharSieve,Success,6.0,,,3.0,,0.10200000000000001,
starcoder-instruct-15B,H,ChatFail.py,Chat,Fail,23.0,,5.0,10.0,,0.10200000000000001,
starcoder-instruct-15B,H,ClassRegistrationSystemError.py,ClassRegistrationSystem,Error,,,,,,0.10200000000000001,
starcoder-instruct-15B,H,ClassroomError.py,Classroom,Error,27.0,,11.0,13.0,,0.10200000000000001,
starcoder-instruct-15B,H,CombinationCalculatorError.py,CombinationCalculator,Error,20.0,6.0,3.0,9.0,3.0,0.10200000000000001,0.0
starcoder-instruct-15B,H,ComplexCalculatorFail.py,ComplexCalculator,Fail,11.0,5.0,,5.0,1.0,0.10200000000000001,0.0
starcoder-instruct-15B,H,CookiesUtilError.py,CookiesUtil,Error,15.0,,,4.0,,0.10200000000000001,
starcoder-instruct-15B,H,CSVProcessorError.py,CSVProcessor,Error,22.0,12.0,1.0,5.0,3.0,0.10200000000000001,0.0
starcoder-instruct-15B,H,CurrencyConverterError.py,CurrencyConverter,Error,15.0,,,5.0,,0.10200000000000001,
starcoder-instruct-15B,H,DatabaseProcessorFail.py,DatabaseProcessor,Fail,25.0,,2.0,6.0,,0.10200000000000001,
starcoder-instruct-15B,H,DataStatistics2Error.py,DataStatistics2,Error,23.0,,1.0,8.0,,0.10200000000000001,
starcoder-instruct-15B,H,DataStatistics4Fail.py,DataStatistics4,Fail,9.0,,,4.0,,0.10200000000000001,
starcoder-instruct-15B,H,DataStatisticsPartialSuccess.py,DataStatistics,PartialSuccess,16.0,,2.0,5.0,,0.10200000000000001,
starcoder-instruct-15B,H,DecryptionUtilsFail.py,DecryptionUtils,Fail,6.0,,,4.0,,0.10200000000000001,
starcoder-instruct-15B,H,DiscountStrategyFail.py,DiscountStrategy,Fail,14.0,15.0,,6.0,3.0,0.10200000000000001,0.0
starcoder-instruct-15B,H,DocFileHandlerError.py,DocFileHandler,Error,63.0,15.0,15.0,11.0,3.0,0.10200000000000001,0.0
starcoder-instruct-15B,H,EightPuzzleError.py,EightPuzzle,Error,8.0,,,5.0,,0.10200000000000001,
starcoder-instruct-15B,H,EmailClientFail.py,EmailClient,Fail,10.0,,,6.0,,0.10200000000000001,
starcoder-instruct-15B,H,EncryptionUtilsError.py,EncryptionUtils,Error,6.0,,,4.0,,0.10200000000000001,
starcoder-instruct-15B,H,ExcelProcessorError.py,ExcelProcessor,Error,31.0,12.0,3.0,7.0,3.0,0.10200000000000001,0.0
starcoder-instruct-15B,H,ExpressionCalculatorError.py,ExpressionCalculator,Error,59.0,,16.0,15.0,,0.10200000000000001,
starcoder-instruct-15B,H,FitnessTrackerFail.py,FitnessTracker,Fail,13.0,7.0,,4.0,2.0,0.10200000000000001,0.0
starcoder-instruct-15B,H,GomokuGameFail.py,GomokuGame,Fail,8.0,,,4.0,,0.10200000000000001,
starcoder-instruct-15B,H,HotelError.py,Hotel,Error,9.0,,,5.0,,0.10200000000000001,
starcoder-instruct-15B,H,HRManagementSystemFail.py,HRManagementSystem,Fail,,,,,,0.10200000000000001,
starcoder-instruct-15B,H,HtmlUtilError.py,HtmlUtil,Error,,,,,,0.10200000000000001,
starcoder-instruct-15B,H,ImageProcessorError.py,ImageProcessor,Error,18.0,,4.0,10.0,,0.10200000000000001,
starcoder-instruct-15B,H,InterpolationError.py,Interpolation,Error,,,,,,0.10200000000000001,
starcoder-instruct-15B,H,IPAddressFail.py,IPAddress,Fail,6.0,,,4.0,,0.10200000000000001,
starcoder-instruct-15B,H,IpUtilError.py,IpUtil,Error,19.0,,4.0,6.0,,0.10200000000000001,
starcoder-instruct-15B,H,JobMarketplaceError.py,JobMarketplace,Error,10.0,,,7.0,,0.10200000000000001,
starcoder-instruct-15B,H,JSONProcessorFail.py,JSONProcessor,Fail,8.0,,1.0,4.0,,0.10200000000000001,
starcoder-instruct-15B,H,KappaCalculatorFail.py,KappaCalculator,Fail,7.0,6.0,,3.0,3.0,0.10200000000000001,0.0
starcoder-instruct-15B,H,LemmatizationError.py,Lemmatization,Error,35.0,,6.0,8.0,,0.10200000000000001,
starcoder-instruct-15B,H,LongestWordSuccess.py,LongestWord,Success,13.0,,4.0,6.0,,0.10200000000000001,
starcoder-instruct-15B,H,MahjongConnectError.py,MahjongConnect,Error,,,,,,0.10200000000000001,
starcoder-instruct-15B,H,ManacherError.py,Manacher,Error,5.0,,,3.0,,0.10200000000000001,
starcoder-instruct-15B,H,MetricsCalculator2Error.py,MetricsCalculator2,Error,7.0,5.0,,3.0,1.0,0.10200000000000001,0.0
starcoder-instruct-15B,H,MetricsCalculatorFail.py,MetricsCalculator,Fail,11.0,,,6.0,,0.10200000000000001,
starcoder-instruct-15B,H,MinesweeperGameError.py,MinesweeperGame,Error,,,,,,0.10200000000000001,
starcoder-instruct-15B,H,MovieBookingSystemFail.py,MovieBookingSystem,Fail,33.0,,15.0,12.0,,0.10200000000000001,
starcoder-instruct-15B,H,MovieTicketDBSuccess.py,MovieTicketDB,Success,27.0,,,5.0,,0.10200000000000001,
starcoder-instruct-15B,H,MusicPlayerSuccess.py,MusicPlayer,Success,13.0,,,9.0,,0.10200000000000001,
starcoder-instruct-15B,H,NLPDataProcessor2PartialSuccess.py,NLPDataProcessor2,PartialSuccess,15.0,,1.0,4.0,,0.10200000000000001,
starcoder-instruct-15B,H,NLPDataProcessorError.py,NLPDataProcessor,Error,4.0,,,3.0,,0.10200000000000001,
starcoder-instruct-15B,H,NumberConverterFail.py,NumberConverter,Fail,13.0,,,6.0,,0.10200000000000001,
starcoder-instruct-15B,H,NumberWordFormatterError.py,NumberWordFormatter,Error,14.0,,,6.0,,0.10200000000000001,
starcoder-instruct-15B,H,NumericEntityUnescaperFail.py,NumericEntityUnescaper,Fail,9.0,5.0,1.0,4.0,1.0,0.10200000000000001,0.0
starcoder-instruct-15B,H,OrderFail.py,Order,Fail,8.0,,,4.0,,0.10200000000000001,
starcoder-instruct-15B,H,PageUtilPartialSuccess.py,PageUtil,PartialSuccess,9.0,,,4.0,,0.10200000000000001,
starcoder-instruct-15B,H,PDFHandlerError.py,PDFHandler,Error,6.0,,,3.0,,0.10200000000000001,
starcoder-instruct-15B,H,PersonRequestSuccess.py,PersonRequest,Success,8.0,11.0,,4.0,4.0,0.10200000000000001,0.8625
starcoder-instruct-15B,H,PushBoxGameFail.py,PushBoxGame,Fail,13.0,,,4.0,,0.10200000000000001,
starcoder-instruct-15B,H,RegexUtilsError.py,RegexUtils,Error,,,,,,0.10200000000000001,
starcoder-instruct-15B,H,RPGCharacterFail.py,RPGCharacter,Fail,13.0,,,6.0,,0.10200000000000001,
starcoder-instruct-15B,H,ServerFail.py,Server,Fail,10.0,,,6.0,,0.10200000000000001,
starcoder-instruct-15B,H,ShoppingCartError.py,ShoppingCart,Error,7.0,,,5.0,,0.10200000000000001,
starcoder-instruct-15B,H,SignInSystemFail.py,SignInSystem,Fail,8.0,,,6.0,,0.10200000000000001,
starcoder-instruct-15B,H,SnakeError.py,Snake,Error,,,,,,0.10200000000000001,
starcoder-instruct-15B,H,SplitSentenceError.py,SplitSentence,Error,,,,,,0.10200000000000001,
starcoder-instruct-15B,H,SQLGeneratorFail.py,SQLGenerator,Fail,9.0,,,7.0,,0.10200000000000001,
starcoder-instruct-15B,H,SQLQueryBuilderFail.py,SQLQueryBuilder,Fail,9.0,,,4.0,,0.10200000000000001,
starcoder-instruct-15B,H,Statistics3Error.py,Statistics3,Error,,,,,,0.10200000000000001,
starcoder-instruct-15B,H,StockPortfolioTrackerError.py,StockPortfolioTracker,Error,11.0,,,8.0,,0.10200000000000001,
starcoder-instruct-15B,H,StudentDatabaseProcessorError.py,StudentDatabaseProcessor,Error,15.0,,1.0,6.0,,0.10200000000000001,
starcoder-instruct-15B,H,TextFileProcessorError.py,TextFileProcessor,Error,27.0,,1.0,7.0,,0.10200000000000001,
starcoder-instruct-15B,H,ThermostatFail.py,Thermostat,Fail,18.0,,1.0,9.0,,0.10200000000000001,
starcoder-instruct-15B,H,TicTacToeFail.py,TicTacToe,Fail,7.0,2.0,,4.0,1.0,0.10200000000000001,0.0
starcoder-instruct-15B,H,TimeUtilsFail.py,TimeUtils,Fail,24.0,,,8.0,,0.10200000000000001,
starcoder-instruct-15B,H,TriCalculatorError.py,TriCalculator,Error,8.0,5.0,,6.0,1.0,0.10200000000000001,0.0
starcoder-instruct-15B,H,TwentyFourPointGameFail.py,TwentyFourPointGame,Fail,17.0,,2.0,7.0,,0.10200000000000001,
starcoder-instruct-15B,H,URLHandlerFail.py,URLHandler,Fail,8.0,,,6.0,,0.10200000000000001,
starcoder-instruct-15B,H,UrlPathFail.py,UrlPath,Fail,15.0,,2.0,6.0,,0.10200000000000001,
starcoder-instruct-15B,H,UserLoginDBError.py,UserLoginDB,Error,23.0,,1.0,7.0,,0.10200000000000001,
starcoder-instruct-15B,H,VectorUtilError.py,VectorUtil,Error,,,,,,0.10200000000000001,
starcoder-instruct-15B,H,VendingMachineFail.py,VendingMachine,Fail,9.0,,,6.0,,0.10200000000000001,
starcoder-instruct-15B,H,WarehouseSuccess.py,Warehouse,Success,10.0,,,7.0,,0.10200000000000001,
starcoder-instruct-15B,H,WeatherSystemFail.py,WeatherSystem,Fail,10.0,,,5.0,,0.10200000000000001,
starcoder-instruct-15B,H,Words2NumbersError.py,Words2Numbers,Error,21.0,,4.0,7.0,,0.10200000000000001,
starcoder-instruct-15B,H,XMLProcessorFail.py,XMLProcessor,Fail,32.0,,8.0,8.0,,0.10200000000000001,
starcoder-instruct-15B,H,ZipFileProcessorSuccess.py,ZipFileProcessor,Success,32.0,,6.0,8.0,,0.10200000000000001,
starcoder-instruct-15B,C,AccessGatewayFilterError.py,AccessGatewayFilter,Error,27.0,5.0,8.0,12.0,1.0,0.08999999999999998,0.0
starcoder-instruct-15B,C,AreaCalculatorError.py,AreaCalculator,Error,13.0,,,6.0,,0.08999999999999998,
starcoder-instruct-15B,C,ArgumentParserError.py,ArgumentParser,Error,29.0,,10.0,10.0,,0.08999999999999998,
starcoder-instruct-15B,C,ArrangementCalculatorError.py,ArrangementCalculator,Error,13.0,,1.0,5.0,,0.08999999999999998,
starcoder-instruct-15B,C,AssessmentSystemSuccess.py,AssessmentSystem,Success,15.0,,7.0,7.0,,0.08999999999999998,
starcoder-instruct-15B,C,AutomaticGuitarSimulatorError.py,AutomaticGuitarSimulator,Error,5.0,,,3.0,,0.08999999999999998,
starcoder-instruct-15B,C,AvgPartitionSuccess.py,AvgPartition,Success,14.0,5.0,,3.0,1.0,0.08999999999999998,0.9642857142857143
starcoder-instruct-15B,C,BalancedBracketsSuccess.py,BalancedBrackets,Success,19.0,,11.0,9.0,,0.08999999999999998,
starcoder-instruct-15B,C,BankAccountSuccess.py,BankAccount,Success,20.0,,3.0,8.0,,0.08999999999999998,
starcoder-instruct-15B,C,BigNumCalculatorError.py,BigNumCalculator,Error,6.0,15.0,,3.0,3.0,0.08999999999999998,0.0
starcoder-instruct-15B,C,BinaryDataProcessorError.py,BinaryDataProcessor,Error,18.0,,,6.0,,0.08999999999999998,
starcoder-instruct-15B,C,BitStatusUtilError.py,BitStatusUtil,Error,7.0,15.0,4.0,6.0,3.0,0.08999999999999998,0.0
starcoder-instruct-15B,C,BlackjackGameFail.py,BlackjackGame,Fail,43.0,,16.0,12.0,,0.08999999999999998,
starcoder-instruct-15B,C,BookManagementDBError.py,BookManagementDB,Error,24.0,,,6.0,,0.08999999999999998,
starcoder-instruct-15B,C,BookManagementFail.py,BookManagement,Fail,20.0,,7.0,8.0,,0.08999999999999998,
starcoder-instruct-15B,C,BoyerMooreSearchError.py,BoyerMooreSearch,Error,31.0,12.0,13.0,12.0,6.0,0.08999999999999998,0.0
starcoder-instruct-15B,C,CalculatorError.py,Calculator,Error,36.0,9.0,19.0,11.0,1.0,0.08999999999999998,0.0
starcoder-instruct-15B,C,CalendarUtilError.py,CalendarUtil,Error,,,,,,0.08999999999999998,
starcoder-instruct-15B,C,CamelCaseMapError.py,CamelCaseMap,Error,15.0,5.0,,8.0,1.0,0.08999999999999998,0.0
starcoder-instruct-15B,C,ChandrasekharSieveSuccess.py,ChandrasekharSieve,Success,16.0,,6.0,7.0,,0.08999999999999998,
starcoder-instruct-15B,C,ChatError.py,Chat,Error,20.0,,6.0,8.0,,0.08999999999999998,
starcoder-instruct-15B,C,ClassRegistrationSystemError.py,ClassRegistrationSystem,Error,21.0,5.0,4.0,9.0,1.0,0.08999999999999998,0.0
starcoder-instruct-15B,C,ClassroomError.py,Classroom,Error,10.0,,,3.0,,0.08999999999999998,
starcoder-instruct-15B,C,CombinationCalculatorError.py,CombinationCalculator,Error,,,,,,0.08999999999999998,
starcoder-instruct-15B,C,ComplexCalculatorError.py,ComplexCalculator,Error,11.0,20.0,,5.0,4.0,0.08999999999999998,0.0
starcoder-instruct-15B,C,CookiesUtilError.py,CookiesUtil,Error,12.0,,,3.0,,0.08999999999999998,
starcoder-instruct-15B,C,CSVProcessorFail.py,CSVProcessor,Fail,20.0,12.0,1.0,5.0,3.0,0.08999999999999998,0.0
starcoder-instruct-15B,C,CurrencyConverterFail.py,CurrencyConverter,Fail,28.0,,5.0,10.0,,0.08999999999999998,
starcoder-instruct-15B,C,DatabaseProcessorError.py,DatabaseProcessor,Error,24.0,,2.0,6.0,,0.08999999999999998,
starcoder-instruct-15B,C,DataStatistics2Error.py,DataStatistics2,Error,16.0,,,7.0,,0.08999999999999998,
starcoder-instruct-15B,C,DataStatistics4Fail.py,DataStatistics4,Fail,17.0,20.0,,4.0,4.0,0.08999999999999998,0.0
starcoder-instruct-15B,C,DataStatisticsPartialSuccess.py,DataStatistics,PartialSuccess,17.0,,2.0,5.0,,0.08999999999999998,
starcoder-instruct-15B,C,DecryptionUtilsError.py,DecryptionUtils,Error,31.0,5.0,12.0,10.0,1.0,0.08999999999999998,0.0
starcoder-instruct-15B,C,DiscountStrategyFail.py,DiscountStrategy,Fail,31.0,35.0,8.0,11.0,7.0,0.08999999999999998,0.0
starcoder-instruct-15B,C,DocFileHandlerError.py,DocFileHandler,Error,34.0,,4.0,6.0,,0.08999999999999998,
starcoder-instruct-15B,C,EightPuzzleError.py,EightPuzzle,Error,59.0,8.0,32.0,21.0,1.0,0.08999999999999998,0.0
starcoder-instruct-15B,C,EmailClientError.py,EmailClient,Error,34.0,,6.0,11.0,,0.08999999999999998,
starcoder-instruct-15B,C,EncryptionUtilsError.py,EncryptionUtils,Error,35.0,,16.0,12.0,,0.08999999999999998,
starcoder-instruct-15B,C,ExcelProcessorError.py,ExcelProcessor,Error,20.0,7.0,7.0,7.0,2.0,0.08999999999999998,0.0
starcoder-instruct-15B,C,ExpressionCalculatorError.py,ExpressionCalculator,Error,34.0,5.0,10.0,7.0,1.0,0.08999999999999998,0.0
starcoder-instruct-15B,C,FitnessTrackerError.py,FitnessTracker,Error,49.0,7.0,18.0,10.0,2.0,0.08999999999999998,0.0
starcoder-instruct-15B,C,GomokuGameFail.py,GomokuGame,Fail,35.0,,20.0,19.0,,0.08999999999999998,
starcoder-instruct-15B,C,HotelSuccess.py,Hotel,Success,30.0,11.0,18.0,10.0,2.0,0.08999999999999998,0.9633333333333334
starcoder-instruct-15B,C,HRManagementSystemError.py,HRManagementSystem,Error,24.0,,4.0,8.0,,0.08999999999999998,
starcoder-instruct-15B,C,HtmlUtilError.py,HtmlUtil,Error,18.0,,,3.0,,0.08999999999999998,
starcoder-instruct-15B,C,ImageProcessorError.py,ImageProcessor,Error,17.0,,3.0,7.0,,0.08999999999999998,
starcoder-instruct-15B,C,InterpolationError.py,Interpolation,Error,18.0,15.0,4.0,7.0,3.0,0.08999999999999998,0.0
starcoder-instruct-15B,C,IPAddressError.py,IPAddress,Error,17.0,,3.0,6.0,,0.08999999999999998,
starcoder-instruct-15B,C,IpUtilError.py,IpUtil,Error,20.0,15.0,3.0,3.0,3.0,0.08999999999999998,0.0
starcoder-instruct-15B,C,JobMarketplaceError.py,JobMarketplace,Error,23.0,5.0,9.0,12.0,1.0,0.08999999999999998,0.0
starcoder-instruct-15B,C,JSONProcessorPartialSuccess.py,JSONProcessor,PartialSuccess,32.0,,8.0,6.0,,0.08999999999999998,
starcoder-instruct-15B,C,KappaCalculatorError.py,KappaCalculator,Error,7.0,16.0,,2.0,5.0,0.08999999999999998,0.0
starcoder-instruct-15B,C,LemmatizationError.py,Lemmatization,Error,17.0,,,5.0,,0.08999999999999998,
starcoder-instruct-15B,C,LongestWordPartialSuccess.py,LongestWord,PartialSuccess,16.0,5.0,6.0,6.0,1.0,0.08999999999999998,0.0
starcoder-instruct-15B,C,MahjongConnectError.py,MahjongConnect,Error,35.0,4.0,17.0,22.0,2.0,0.08999999999999998,0.0
starcoder-instruct-15B,C,ManacherError.py,Manacher,Error,24.0,,8.0,9.0,,0.08999999999999998,
starcoder-instruct-15B,C,MetricsCalculator2Error.py,MetricsCalculator2,Error,18.0,5.0,10.0,6.0,1.0,0.08999999999999998,0.0
starcoder-instruct-15B,C,MetricsCalculatorError.py,MetricsCalculator,Error,17.0,5.0,2.0,10.0,1.0,0.08999999999999998,0.0
starcoder-instruct-15B,C,MinesweeperGameError.py,MinesweeperGame,Error,36.0,7.0,24.0,13.0,1.0,0.08999999999999998,0.0
starcoder-instruct-15B,C,MovieBookingSystemPartialSuccess.py,MovieBookingSystem,PartialSuccess,26.0,,14.0,11.0,,0.08999999999999998,
starcoder-instruct-15B,C,MovieTicketDBError.py,MovieTicketDB,Error,18.0,,,4.0,,0.08999999999999998,
starcoder-instruct-15B,C,MusicPlayerSuccess.py,MusicPlayer,Success,30.0,,8.0,11.0,,0.08999999999999998,
starcoder-instruct-15B,C,NLPDataProcessor2Error.py,NLPDataProcessor2,Error,12.0,,,3.0,,0.08999999999999998,
starcoder-instruct-15B,C,NLPDataProcessorPartialSuccess.py,NLPDataProcessor,PartialSuccess,14.0,,1.0,5.0,,0.08999999999999998,
starcoder-instruct-15B,C,NumberConverterFail.py,NumberConverter,Fail,14.0,30.0,,6.0,6.0,0.08999999999999998,0.0
starcoder-instruct-15B,C,NumberWordFormatterError.py,NumberWordFormatter,Error,49.0,,10.0,12.0,,0.08999999999999998,
starcoder-instruct-15B,C,NumericEntityUnescaperError.py,NumericEntityUnescaper,Error,30.0,26.0,27.0,12.0,3.0,0.08999999999999998,0.0
starcoder-instruct-15B,C,OrderFail.py,Order,Fail,12.0,,1.0,5.0,,0.08999999999999998,
starcoder-instruct-15B,C,PageUtilError.py,PageUtil,Error,26.0,,,4.0,,0.08999999999999998,
starcoder-instruct-15B,C,PDFHandlerError.py,PDFHandler,Error,9.0,,,3.0,,0.08999999999999998,
starcoder-instruct-15B,C,PersonRequestSuccess.py,PersonRequest,Success,17.0,26.0,5.0,10.0,7.0,0.08999999999999998,0.8470588235294118
starcoder-instruct-15B,C,PushBoxGamePartialSuccess.py,PushBoxGame,PartialSuccess,45.0,18.0,31.0,15.0,2.0,0.08999999999999998,0.0
starcoder-instruct-15B,C,RegexUtilsError.py,RegexUtils,Error,11.0,,,4.0,,0.08999999999999998,
starcoder-instruct-15B,C,RPGCharacterError.py,RPGCharacter,Error,29.0,,2.0,7.0,,0.08999999999999998,
starcoder-instruct-15B,C,ServerError.py,Server,Error,,,,,,0.08999999999999998,
starcoder-instruct-15B,C,ShoppingCartSuccess.py,ShoppingCart,Success,,,,,,0.08999999999999998,
starcoder-instruct-15B,C,SignInSystemError.py,SignInSystem,Error,26.0,,8.0,12.0,,0.08999999999999998,
starcoder-instruct-15B,C,SnakeError.py,Snake,Error,23.0,6.0,3.0,7.0,3.0,0.08999999999999998,0.0
starcoder-instruct-15B,C,SplitSentenceError.py,SplitSentence,Error,,,,,,0.08999999999999998,
starcoder-instruct-15B,C,SQLGeneratorError.py,SQLGenerator,Error,9.0,,1.0,3.0,,0.08999999999999998,
starcoder-instruct-15B,C,SQLQueryBuilderFail.py,SQLQueryBuilder,Fail,8.0,5.0,1.0,2.0,1.0,0.08999999999999998,0.0
starcoder-instruct-15B,C,Statistics3Error.py,Statistics3,Error,50.0,35.0,10.0,13.0,7.0,0.08999999999999998,0.0
starcoder-instruct-15B,C,StockPortfolioTrackerError.py,StockPortfolioTracker,Error,16.0,,1.0,6.0,,0.08999999999999998,
starcoder-instruct-15B,C,StudentDatabaseProcessorError.py,StudentDatabaseProcessor,Error,18.0,,,5.0,,0.08999999999999998,
starcoder-instruct-15B,C,TextFileProcessorError.py,TextFileProcessor,Error,19.0,,,6.0,,0.08999999999999998,
starcoder-instruct-15B,C,ThermostatError.py,Thermostat,Error,39.0,,12.0,13.0,,0.08999999999999998,
starcoder-instruct-15B,C,TicTacToeError.py,TicTacToe,Error,,,,,,0.08999999999999998,
starcoder-instruct-15B,C,TimeUtilsError.py,TimeUtils,Error,20.0,,,6.0,,0.08999999999999998,
starcoder-instruct-15B,C,TriCalculatorError.py,TriCalculator,Error,17.0,5.0,3.0,9.0,1.0,0.08999999999999998,0.0
starcoder-instruct-15B,C,TwentyFourPointGameFail.py,TwentyFourPointGame,Fail,16.0,5.0,1.0,6.0,1.0,0.08999999999999998,0.0
starcoder-instruct-15B,C,URLHandlerError.py,URLHandler,Error,16.0,,,6.0,,0.08999999999999998,
starcoder-instruct-15B,C,UrlPathError.py,UrlPath,Error,,,,,,0.08999999999999998,
starcoder-instruct-15B,C,UserLoginDBFail.py,UserLoginDB,Fail,16.0,,1.0,5.0,,0.08999999999999998,
starcoder-instruct-15B,C,VectorUtilError.py,VectorUtil,Error,13.0,10.0,1.0,3.0,2.0,0.08999999999999998,0.0
starcoder-instruct-15B,C,VendingMachineError.py,VendingMachine,Error,21.0,,4.0,8.0,,0.08999999999999998,
starcoder-instruct-15B,C,WarehouseError.py,Warehouse,Error,29.0,,10.0,12.0,,0.08999999999999998,
starcoder-instruct-15B,C,WeatherSystemPartialSuccess.py,WeatherSystem,PartialSuccess,24.0,,7.0,8.0,,0.08999999999999998,
starcoder-instruct-15B,C,Words2NumbersError.py,Words2Numbers,Error,26.0,,7.0,9.0,,0.08999999999999998,
starcoder-instruct-15B,C,XMLProcessorError.py,XMLProcessor,Error,18.0,,2.0,6.0,,0.08999999999999998,
starcoder-instruct-15B,C,ZipFileProcessorError.py,ZipFileProcessor,Error,23.0,5.0,3.0,7.0,1.0,0.08999999999999998,0.0
starcoder-instruct-15B,I,AccessGatewayFilterFail.py,AccessGatewayFilter,Fail,19.0,5.0,6.0,9.0,1.0,0.084,0.0
starcoder-instruct-15B,I,AreaCalculatorFail.py,AreaCalculator,Fail,14.0,,,6.0,,0.084,
starcoder-instruct-15B,I,ArgumentParserError.py,ArgumentParser,Error,25.0,,11.0,10.0,,0.084,
starcoder-instruct-15B,I,ArrangementCalculatorError.py,ArrangementCalculator,Error,19.0,10.0,4.0,9.0,2.0,0.084,0.0
starcoder-instruct-15B,I,AssessmentSystemError.py,AssessmentSystem,Error,32.0,,13.0,16.0,,0.084,
starcoder-instruct-15B,I,AutomaticGuitarSimulatorFail.py,AutomaticGuitarSimulator,Fail,5.0,,,3.0,,0.084,
starcoder-instruct-15B,I,AvgPartitionSuccess.py,AvgPartition,Success,13.0,5.0,,3.0,1.0,0.084,0.9615384615384616
starcoder-instruct-15B,I,BalancedBracketsSuccess.py,BalancedBrackets,Success,24.0,,14.0,10.0,,0.084,
starcoder-instruct-15B,I,BankAccountError.py,BankAccount,Error,18.0,,3.0,8.0,,0.084,
starcoder-instruct-15B,I,BigNumCalculatorError.py,BigNumCalculator,Error,10.0,15.0,,3.0,3.0,0.084,0.0
starcoder-instruct-15B,I,BinaryDataProcessorError.py,BinaryDataProcessor,Error,18.0,,,6.0,,0.084,
starcoder-instruct-15B,I,BitStatusUtilFail.py,BitStatusUtil,Fail,14.0,16.0,6.0,10.0,3.0,0.084,0.0
starcoder-instruct-15B,I,BlackjackGameError.py,BlackjackGame,Error,24.0,,7.0,7.0,,0.084,
starcoder-instruct-15B,I,BookManagementDBError.py,BookManagementDB,Error,36.0,,,7.0,,0.084,
starcoder-instruct-15B,I,BookManagementFail.py,BookManagement,Fail,21.0,5.0,7.0,8.0,1.0,0.084,0.0
starcoder-instruct-15B,I,BoyerMooreSearchFail.py,BoyerMooreSearch,Fail,21.0,6.0,5.0,10.0,3.0,0.084,0.0
starcoder-instruct-15B,I,CalculatorPartialSuccess.py,Calculator,PartialSuccess,38.0,,4.0,6.0,,0.084,
starcoder-instruct-15B,I,CalendarUtilError.py,CalendarUtil,Error,,,,,,0.084,
starcoder-instruct-15B,I,CamelCaseMapError.py,CamelCaseMap,Error,12.0,5.0,,7.0,1.0,0.084,0.0
starcoder-instruct-15B,I,ChandrasekharSieveError.py,ChandrasekharSieve,Error,17.0,5.0,6.0,7.0,1.0,0.084,0.0
starcoder-instruct-15B,I,ChatFail.py,Chat,Fail,27.0,,9.0,10.0,,0.084,
starcoder-instruct-15B,I,ClassRegistrationSystemError.py,ClassRegistrationSystem,Error,17.0,,2.0,8.0,,0.084,
starcoder-instruct-15B,I,ClassroomError.py,Classroom,Error,19.0,,5.0,8.0,,0.084,
starcoder-instruct-15B,I,CombinationCalculatorFail.py,CombinationCalculator,Fail,23.0,16.0,3.0,9.0,5.0,0.084,0.0
starcoder-instruct-15B,I,ComplexCalculatorError.py,ComplexCalculator,Error,12.0,20.0,,5.0,4.0,0.084,0.0
starcoder-instruct-15B,I,CookiesUtilError.py,CookiesUtil,Error,21.0,,1.0,4.0,,0.084,
starcoder-instruct-15B,I,CSVProcessorFail.py,CSVProcessor,Fail,23.0,17.0,1.0,4.0,4.0,0.084,0.0
starcoder-instruct-15B,I,CurrencyConverterError.py,CurrencyConverter,Error,24.0,,2.0,7.0,,0.084,
starcoder-instruct-15B,I,DatabaseProcessorError.py,DatabaseProcessor,Error,,,,,,0.084,
starcoder-instruct-15B,I,DataStatistics2Fail.py,DataStatistics2,Fail,23.0,,,7.0,,0.084,
starcoder-instruct-15B,I,DataStatistics4Error.py,DataStatistics4,Error,19.0,20.0,,4.0,4.0,0.084,0.0
starcoder-instruct-15B,I,DataStatisticsPartialSuccess.py,DataStatistics,PartialSuccess,17.0,,2.0,5.0,,0.084,
starcoder-instruct-15B,I,DecryptionUtilsError.py,DecryptionUtils,Error,42.0,5.0,23.0,14.0,1.0,0.084,0.0
starcoder-instruct-15B,I,DiscountStrategyError.py,DiscountStrategy,Error,17.0,30.0,2.0,8.0,6.0,0.084,0.0
starcoder-instruct-15B,I,DocFileHandlerError.py,DocFileHandler,Error,68.0,15.0,20.0,13.0,3.0,0.084,0.0
starcoder-instruct-15B,I,EightPuzzleError.py,EightPuzzle,Error,,,,,,0.084,
starcoder-instruct-15B,I,EmailClientError.py,EmailClient,Error,11.0,,,6.0,,0.084,
starcoder-instruct-15B,I,EncryptionUtilsError.py,EncryptionUtils,Error,44.0,,26.0,16.0,,0.084,
starcoder-instruct-15B,I,ExcelProcessorError.py,ExcelProcessor,Error,27.0,12.0,4.0,7.0,3.0,0.084,0.0
starcoder-instruct-15B,I,ExpressionCalculatorError.py,ExpressionCalculator,Error,37.0,15.0,14.0,13.0,3.0,0.084,0.0
starcoder-instruct-15B,I,FitnessTrackerSuccess.py,FitnessTracker,Success,46.0,11.0,13.0,9.0,4.0,0.084,0.9760869565217392
starcoder-instruct-15B,I,GomokuGameError.py,GomokuGame,Error,25.0,,7.0,13.0,,0.084,
starcoder-instruct-15B,I,HotelSuccess.py,Hotel,Success,38.0,6.0,25.0,11.0,1.0,0.084,0.9842105263157894
starcoder-instruct-15B,I,HRManagementSystemError.py,HRManagementSystem,Error,19.0,,3.0,9.0,,0.084,
starcoder-instruct-15B,I,HtmlUtilError.py,HtmlUtil,Error,32.0,2.0,4.0,7.0,1.0,0.084,0.0
starcoder-instruct-15B,I,ImageProcessorError.py,ImageProcessor,Error,17.0,,3.0,9.0,,0.084,
starcoder-instruct-15B,I,InterpolationPartialSuccess.py,Interpolation,PartialSuccess,28.0,25.0,38.0,19.0,3.0,0.084,0.0
starcoder-instruct-15B,I,IPAddressError.py,IPAddress,Error,8.0,,,4.0,,0.084,
starcoder-instruct-15B,I,IpUtilError.py,IpUtil,Error,20.0,15.0,3.0,3.0,3.0,0.084,0.0
starcoder-instruct-15B,I,JobMarketplaceError.py,JobMarketplace,Error,,,,,,0.084,
starcoder-instruct-15B,I,JSONProcessorPartialSuccess.py,JSONProcessor,PartialSuccess,27.0,,5.0,6.0,,0.084,
starcoder-instruct-15B,I,KappaCalculatorError.py,KappaCalculator,Error,13.0,21.0,6.0,5.0,6.0,0.084,0.0
starcoder-instruct-15B,I,LemmatizationError.py,Lemmatization,Error,20.0,,,7.0,,0.084,
starcoder-instruct-15B,I,LongestWordPartialSuccess.py,LongestWord,PartialSuccess,16.0,5.0,6.0,6.0,1.0,0.084,0.0
starcoder-instruct-15B,I,MahjongConnectError.py,MahjongConnect,Error,31.0,9.0,13.0,20.0,3.0,0.084,0.0
starcoder-instruct-15B,I,ManacherFail.py,Manacher,Fail,21.0,,8.0,9.0,,0.084,
starcoder-instruct-15B,I,MetricsCalculator2Error.py,MetricsCalculator2,Error,19.0,10.0,6.0,5.0,2.0,0.084,0.0
starcoder-instruct-15B,I,MetricsCalculatorError.py,MetricsCalculator,Error,25.0,15.0,8.0,22.0,3.0,0.084,0.0
starcoder-instruct-15B,I,MinesweeperGameError.py,MinesweeperGame,Error,26.0,10.0,9.0,10.0,2.0,0.084,0.0
starcoder-instruct-15B,I,MovieBookingSystemError.py,MovieBookingSystem,Error,33.0,,14.0,11.0,,0.084,
starcoder-instruct-15B,I,MovieTicketDBSuccess.py,MovieTicketDB,Success,28.0,,,5.0,,0.084,
starcoder-instruct-15B,I,MusicPlayerError.py,MusicPlayer,Error,,,,,,0.084,
starcoder-instruct-15B,I,NLPDataProcessor2Error.py,NLPDataProcessor2,Error,12.0,,,3.0,,0.084,
starcoder-instruct-15B,I,NLPDataProcessorError.py,NLPDataProcessor,Error,4.0,,,3.0,,0.084,
starcoder-instruct-15B,I,NumberConverterFail.py,NumberConverter,Fail,13.0,30.0,,6.0,6.0,0.084,0.0
starcoder-instruct-15B,I,NumberWordFormatterError.py,NumberWordFormatter,Error,52.0,,13.0,14.0,,0.084,
starcoder-instruct-15B,I,NumericEntityUnescaperError.py,NumericEntityUnescaper,Error,7.0,10.0,1.0,4.0,2.0,0.084,0.0
starcoder-instruct-15B,I,OrderError.py,Order,Error,11.0,,1.0,4.0,,0.084,
starcoder-instruct-15B,I,PageUtilError.py,PageUtil,Error,28.0,,,4.0,,0.084,
starcoder-instruct-15B,I,PDFHandlerError.py,PDFHandler,Error,,,,,,0.084,
starcoder-instruct-15B,I,PersonRequestSuccess.py,PersonRequest,Success,17.0,26.0,5.0,10.0,7.0,0.084,0.8470588235294118
starcoder-instruct-15B,I,PushBoxGameError.py,PushBoxGame,Error,23.0,,8.0,7.0,,0.084,
starcoder-instruct-15B,I,RegexUtilsError.py,RegexUtils,Error,,,,,,0.084,
starcoder-instruct-15B,I,RPGCharacterError.py,RPGCharacter,Error,,,,,,0.084,
starcoder-instruct-15B,I,ServerError.py,Server,Error,30.0,,9.0,10.0,,0.084,
starcoder-instruct-15B,I,ShoppingCartError.py,ShoppingCart,Error,,,,,,0.084,
starcoder-instruct-15B,I,SignInSystemSuccess.py,SignInSystem,Success,28.0,,9.0,13.0,,0.084,
starcoder-instruct-15B,I,SnakeError.py,Snake,Error,,,,,,0.084,
starcoder-instruct-15B,I,SplitSentenceError.py,SplitSentence,Error,,,,,,0.084,
starcoder-instruct-15B,I,SQLGeneratorError.py,SQLGenerator,Error,6.0,,,4.0,,0.084,
starcoder-instruct-15B,I,SQLQueryBuilderError.py,SQLQueryBuilder,Error,2.0,5.0,,1.0,1.0,0.084,0.0
starcoder-instruct-15B,I,Statistics3Error.py,Statistics3,Error,41.0,30.0,9.0,12.0,6.0,0.084,0.0
starcoder-instruct-15B,I,StockPortfolioTrackerError.py,StockPortfolioTracker,Error,29.0,,12.0,15.0,,0.084,
starcoder-instruct-15B,I,StudentDatabaseProcessorError.py,StudentDatabaseProcessor,Error,8.0,,,5.0,,0.084,
starcoder-instruct-15B,I,TextFileProcessorFail.py,TextFileProcessor,Fail,19.0,,,6.0,,0.084,
starcoder-instruct-15B,I,ThermostatError.py,Thermostat,Error,39.0,,13.0,15.0,,0.084,
starcoder-instruct-15B,I,TicTacToeFail.py,TicTacToe,Fail,31.0,2.0,17.0,15.0,1.0,0.084,0.0
starcoder-instruct-15B,I,TimeUtilsError.py,TimeUtils,Error,23.0,,,8.0,,0.084,
starcoder-instruct-15B,I,TriCalculatorFail.py,TriCalculator,Fail,31.0,10.0,3.0,9.0,2.0,0.084,0.0
starcoder-instruct-15B,I,TwentyFourPointGamePartialSuccess.py,TwentyFourPointGame,PartialSuccess,19.0,5.0,2.0,6.0,1.0,0.084,0.0
starcoder-instruct-15B,I,URLHandlerError.py,URLHandler,Error,8.0,,,6.0,,0.084,
starcoder-instruct-15B,I,UrlPathError.py,UrlPath,Error,17.0,5.0,2.0,6.0,1.0,0.084,0.0
starcoder-instruct-15B,I,UserLoginDBError.py,UserLoginDB,Error,,,,,,0.084,
starcoder-instruct-15B,I,VectorUtilError.py,VectorUtil,Error,10.0,20.0,,4.0,4.0,0.084,0.0
starcoder-instruct-15B,I,VendingMachineError.py,VendingMachine,Error,23.0,,6.0,9.0,,0.084,
starcoder-instruct-15B,I,WarehouseError.py,Warehouse,Error,,,,,,0.084,
starcoder-instruct-15B,I,WeatherSystemError.py,WeatherSystem,Error,,,,,,0.084,
starcoder-instruct-15B,I,Words2NumbersError.py,Words2Numbers,Error,26.0,,7.0,9.0,,0.084,
starcoder-instruct-15B,I,XMLProcessorFail.py,XMLProcessor,Fail,22.0,5.0,4.0,7.0,1.0,0.084,0.0
starcoder-instruct-15B,I,ZipFileProcessorError.py,ZipFileProcessor,Error,36.0,,7.0,7.0,,0.084,
Vicuna,H,AccessGatewayFilterError.py,AccessGatewayFilter,Error,,,,,,0.013999999999999999,
Vicuna,H,AreaCalculatorError.py,AreaCalculator,Error,14.0,,,6.0,,0.013999999999999999,
Vicuna,H,ArgumentParserError.py,ArgumentParser,Error,,,,,,0.013999999999999999,
Vicuna,H,ArrangementCalculatorError.py,ArrangementCalculator,Error,,,,,,0.013999999999999999,
Vicuna,H,AssessmentSystemSuccess.py,AssessmentSystem,Success,,,,,,0.013999999999999999,
Vicuna,H,AutomaticGuitarSimulatorError.py,AutomaticGuitarSimulator,Error,,,,,,0.013999999999999999,
Vicuna,H,AvgPartitionError.py,AvgPartition,Error,18.0,5.0,4.0,5.0,1.0,0.013999999999999999,0.0
Vicuna,H,BalancedBracketsFail.py,BalancedBrackets,Fail,15.0,,4.0,6.0,,0.013999999999999999,
Vicuna,H,BankAccountError.py,BankAccount,Error,,,,,,0.013999999999999999,
Vicuna,H,BigNumCalculatorError.py,BigNumCalculator,Error,38.0,10.0,15.0,12.0,2.0,0.013999999999999999,0.0
Vicuna,H,BinaryDataProcessorError.py,BinaryDataProcessor,Error,,,,,,0.013999999999999999,
Vicuna,H,BitStatusUtilError.py,BitStatusUtil,Error,23.0,27.0,15.0,19.0,5.0,0.013999999999999999,0.0
Vicuna,H,BlackjackGameError.py,BlackjackGame,Error,,,,,,0.013999999999999999,
Vicuna,H,BookManagementDBError.py,BookManagementDB,Error,25.0,5.0,,7.0,1.0,0.013999999999999999,0.0
Vicuna,H,BookManagementError.py,BookManagement,Error,,,,,,0.013999999999999999,
Vicuna,H,BoyerMooreSearchError.py,BoyerMooreSearch,Error,30.0,6.0,15.0,13.0,3.0,0.013999999999999999,0.0
Vicuna,H,CalculatorError.py,Calculator,Error,66.0,24.0,28.0,14.0,3.0,0.013999999999999999,0.0
Vicuna,H,CalendarUtilError.py,CalendarUtil,Error,,,,,,0.013999999999999999,
Vicuna,H,CamelCaseMapFail.py,CamelCaseMap,Fail,18.0,,2.0,10.0,,0.013999999999999999,
Vicuna,H,ChandrasekharSieveFail.py,ChandrasekharSieve,Fail,17.0,,8.0,7.0,,0.013999999999999999,
Vicuna,H,ChatFail.py,Chat,Fail,38.0,,6.0,12.0,,0.013999999999999999,
Vicuna,H,ClassRegistrationSystemError.py,ClassRegistrationSystem,Error,,,,,,0.013999999999999999,
Vicuna,H,ClassroomError.py,Classroom,Error,,,,,,0.013999999999999999,
Vicuna,H,CombinationCalculatorError.py,CombinationCalculator,Error,,,,,,0.013999999999999999,
Vicuna,H,ComplexCalculatorFail.py,ComplexCalculator,Fail,15.0,5.0,,5.0,1.0,0.013999999999999999,0.0
Vicuna,H,CookiesUtilFail.py,CookiesUtil,Fail,21.0,,4.0,6.0,,0.013999999999999999,
Vicuna,H,CSVProcessorFail.py,CSVProcessor,Fail,36.0,12.0,5.0,6.0,3.0,0.013999999999999999,0.0
Vicuna,H,CurrencyConverterFail.py,CurrencyConverter,Fail,29.0,,5.0,10.0,,0.013999999999999999,
Vicuna,H,DatabaseProcessorError.py,DatabaseProcessor,Error,,,,,,0.013999999999999999,
Vicuna,H,DataStatistics2Error.py,DataStatistics2,Error,,,,,,0.013999999999999999,
Vicuna,H,DataStatistics4Error.py,DataStatistics4,Error,,,,,,0.013999999999999999,
Vicuna,H,DataStatisticsError.py,DataStatistics,Error,8.0,,,3.0,,0.013999999999999999,
Vicuna,H,DecryptionUtilsError.py,DecryptionUtils,Error,40.0,5.0,19.0,13.0,1.0,0.013999999999999999,0.0
Vicuna,H,DiscountStrategyError.py,DiscountStrategy,Error,,,,,,0.013999999999999999,
Vicuna,H,DocFileHandlerError.py,DocFileHandler,Error,56.0,20.0,12.0,10.0,4.0,0.013999999999999999,0.0
Vicuna,H,EightPuzzleError.py,EightPuzzle,Error,23.0,,13.0,10.0,,0.013999999999999999,
Vicuna,H,EmailClientError.py,EmailClient,Error,0.0,,,0.0,,0.013999999999999999,
Vicuna,H,EncryptionUtilsError.py,EncryptionUtils,Error,39.0,10.0,17.0,12.0,2.0,0.013999999999999999,0.0
Vicuna,H,ExcelProcessorError.py,ExcelProcessor,Error,9.0,7.0,,4.0,2.0,0.013999999999999999,0.0
Vicuna,H,ExpressionCalculatorError.py,ExpressionCalculator,Error,65.0,1.0,18.0,7.0,1.0,0.013999999999999999,0.0
Vicuna,H,FitnessTrackerError.py,FitnessTracker,Error,29.0,7.0,10.0,9.0,2.0,0.013999999999999999,0.0
Vicuna,H,GomokuGameError.py,GomokuGame,Error,,,,,,0.013999999999999999,
Vicuna,H,HotelSuccess.py,Hotel,Success,,,,,,0.013999999999999999,
Vicuna,H,HRManagementSystemError.py,HRManagementSystem,Error,,,,,,0.013999999999999999,
Vicuna,H,HtmlUtilError.py,HtmlUtil,Error,,,,,,0.013999999999999999,
Vicuna,H,ImageProcessorError.py,ImageProcessor,Error,22.0,,1.0,7.0,,0.013999999999999999,
Vicuna,H,InterpolationError.py,Interpolation,Error,11.0,5.0,,3.0,1.0,0.013999999999999999,0.0
Vicuna,H,IPAddressError.py,IPAddress,Error,16.0,,2.0,6.0,,0.013999999999999999,
Vicuna,H,IpUtilError.py,IpUtil,Error,12.0,,,3.0,,0.013999999999999999,
Vicuna,H,JobMarketplaceError.py,JobMarketplace,Error,,,,,,0.013999999999999999,
Vicuna,H,JSONProcessorError.py,JSONProcessor,Error,,,,,,0.013999999999999999,
Vicuna,H,KappaCalculatorFail.py,KappaCalculator,Fail,8.0,6.0,,2.0,3.0,0.013999999999999999,0.0
Vicuna,H,LemmatizationError.py,Lemmatization,Error,24.0,,3.0,6.0,,0.013999999999999999,
Vicuna,H,LongestWordPartialSuccess.py,LongestWord,PartialSuccess,15.0,,8.0,8.0,,0.013999999999999999,
Vicuna,H,MahjongConnectError.py,MahjongConnect,Error,,,,,,0.013999999999999999,
Vicuna,H,ManacherError.py,Manacher,Error,22.0,5.0,6.0,9.0,1.0,0.013999999999999999,0.0
Vicuna,H,MetricsCalculator2Error.py,MetricsCalculator2,Error,15.0,5.0,4.0,5.0,1.0,0.013999999999999999,0.0
Vicuna,H,MetricsCalculatorError.py,MetricsCalculator,Error,19.0,40.0,,6.0,8.0,0.013999999999999999,0.0
Vicuna,H,MinesweeperGameError.py,MinesweeperGame,Error,,,,,,0.013999999999999999,
Vicuna,H,MovieBookingSystemError.py,MovieBookingSystem,Error,,,,,,0.013999999999999999,
Vicuna,H,MovieTicketDBError.py,MovieTicketDB,Error,10.0,,,5.0,,0.013999999999999999,
Vicuna,H,MusicPlayerError.py,MusicPlayer,Error,,,,,,0.013999999999999999,
Vicuna,H,NLPDataProcessor2Error.py,NLPDataProcessor2,Error,17.0,5.0,1.0,6.0,1.0,0.013999999999999999,0.0
Vicuna,H,NLPDataProcessorError.py,NLPDataProcessor,Error,13.0,,3.0,5.0,,0.013999999999999999,
Vicuna,H,NumberConverterError.py,NumberConverter,Error,,,,,,0.013999999999999999,
Vicuna,H,NumberWordFormatterError.py,NumberWordFormatter,Error,,,,,,0.013999999999999999,
Vicuna,H,NumericEntityUnescaperError.py,NumericEntityUnescaper,Error,14.0,5.0,5.0,7.0,1.0,0.013999999999999999,0.0
Vicuna,H,OrderError.py,Order,Error,24.0,,5.0,7.0,,0.013999999999999999,
Vicuna,H,PageUtilError.py,PageUtil,Error,41.0,,8.0,11.0,,0.013999999999999999,
Vicuna,H,PDFHandlerError.py,PDFHandler,Error,,,,,,0.013999999999999999,
Vicuna,H,PersonRequestFail.py,PersonRequest,Fail,17.0,26.0,3.0,7.0,7.0,0.013999999999999999,0.0
Vicuna,H,PushBoxGameFail.py,PushBoxGame,Fail,,,,,,0.013999999999999999,
Vicuna,H,RegexUtilsError.py,RegexUtils,Error,1.0,,,0.0,,0.013999999999999999,
Vicuna,H,RPGCharacterFail.py,RPGCharacter,Fail,29.0,,1.0,7.0,,0.013999999999999999,
Vicuna,H,ServerError.py,Server,Error,,,,,,0.013999999999999999,
Vicuna,H,ShoppingCartError.py,ShoppingCart,Error,17.0,,4.0,8.0,,0.013999999999999999,
Vicuna,H,SignInSystemError.py,SignInSystem,Error,24.0,,6.0,12.0,,0.013999999999999999,
Vicuna,H,SnakeError.py,Snake,Error,19.0,6.0,,5.0,3.0,0.013999999999999999,0.0
Vicuna,H,SplitSentenceFail.py,SplitSentence,Fail,,,,,,0.013999999999999999,
Vicuna,H,SQLGeneratorError.py,SQLGenerator,Error,24.0,,1.0,8.0,,0.013999999999999999,
Vicuna,H,SQLQueryBuilderFail.py,SQLQueryBuilder,Fail,9.0,,,4.0,,0.013999999999999999,
Vicuna,H,Statistics3Error.py,Statistics3,Error,,,,,,0.013999999999999999,
Vicuna,H,StockPortfolioTrackerError.py,StockPortfolioTracker,Error,20.0,10.0,7.0,9.0,2.0,0.013999999999999999,0.0
Vicuna,H,StudentDatabaseProcessorError.py,StudentDatabaseProcessor,Error,29.0,,2.0,6.0,,0.013999999999999999,
Vicuna,H,TextFileProcessorError.py,TextFileProcessor,Error,28.0,,2.0,6.0,,0.013999999999999999,
Vicuna,H,ThermostatError.py,Thermostat,Error,29.0,5.0,5.0,11.0,1.0,0.013999999999999999,0.0
Vicuna,H,TicTacToeFail.py,TicTacToe,Fail,24.0,2.0,13.0,11.0,1.0,0.013999999999999999,0.0
Vicuna,H,TimeUtilsError.py,TimeUtils,Error,,,,,,0.013999999999999999,
Vicuna,H,TriCalculatorFail.py,TriCalculator,Fail,15.0,30.0,,6.0,6.0,0.013999999999999999,0.0
Vicuna,H,TwentyFourPointGameError.py,TwentyFourPointGame,Error,,,,,,0.013999999999999999,
Vicuna,H,URLHandlerError.py,URLHandler,Error,25.0,,3.0,8.0,,0.013999999999999999,
Vicuna,H,UrlPathFail.py,UrlPath,Fail,13.0,5.0,1.0,5.0,1.0,0.013999999999999999,0.0
Vicuna,H,UserLoginDBError.py,UserLoginDB,Error,,,,,,0.013999999999999999,
Vicuna,H,VectorUtilError.py,VectorUtil,Error,,,,,,0.013999999999999999,
Vicuna,H,VendingMachineError.py,VendingMachine,Error,,,,,,0.013999999999999999,
Vicuna,H,WarehouseError.py,Warehouse,Error,9.0,,,0.0,,0.013999999999999999,
Vicuna,H,WeatherSystemError.py,WeatherSystem,Error,19.0,,2.0,6.0,,0.013999999999999999,
Vicuna,H,Words2NumbersError.py,Words2Numbers,Error,37.0,,15.0,13.0,,0.013999999999999999,
Vicuna,H,XMLProcessorError.py,XMLProcessor,Error,34.0,15.0,4.0,5.0,3.0,0.013999999999999999,0.0
Vicuna,H,ZipFileProcessorError.py,ZipFileProcessor,Error,12.0,,,5.0,,0.013999999999999999,
Vicuna,C,AccessGatewayFilterError.py,AccessGatewayFilter,Error,16.0,5.0,6.0,7.0,1.0,0.026000000000000002,0.0
Vicuna,C,AreaCalculatorError.py,AreaCalculator,Error,18.0,,,6.0,,0.026000000000000002,
Vicuna,C,ArgumentParserError.py,ArgumentParser,Error,,,,,,0.026000000000000002,
Vicuna,C,ArrangementCalculatorFail.py,ArrangementCalculator,Fail,28.0,10.0,9.0,11.0,2.0,0.026000000000000002,0.0
Vicuna,C,AssessmentSystemSuccess.py,AssessmentSystem,Success,37.0,,16.0,16.0,,0.026000000000000002,
Vicuna,C,AutomaticGuitarSimulatorError.py,AutomaticGuitarSimulator,Error,16.0,5.0,5.0,6.0,1.0,0.026000000000000002,0.0
Vicuna,C,AvgPartitionFail.py,AvgPartition,Fail,16.0,5.0,2.0,4.0,1.0,0.026000000000000002,0.0
Vicuna,C,BalancedBracketsFail.py,BalancedBrackets,Fail,24.0,,13.0,12.0,,0.026000000000000002,
Vicuna,C,BankAccountError.py,BankAccount,Error,25.0,,6.0,10.0,,0.026000000000000002,
Vicuna,C,BigNumCalculatorError.py,BigNumCalculator,Error,24.0,15.0,11.0,10.0,3.0,0.026000000000000002,0.0
Vicuna,C,BinaryDataProcessorError.py,BinaryDataProcessor,Error,34.0,,10.0,10.0,,0.026000000000000002,
Vicuna,C,BitStatusUtilError.py,BitStatusUtil,Error,,,,,,0.026000000000000002,
Vicuna,C,BlackjackGameError.py,BlackjackGame,Error,,,,,,0.026000000000000002,
Vicuna,C,BookManagementDBError.py,BookManagementDB,Error,42.0,5.0,2.0,8.0,1.0,0.026000000000000002,0.0
Vicuna,C,BookManagementFail.py,BookManagement,Fail,32.0,,17.0,14.0,,0.026000000000000002,
Vicuna,C,BoyerMooreSearchError.py,BoyerMooreSearch,Error,39.0,25.0,15.0,15.0,11.0,0.026000000000000002,0.0
Vicuna,C,CalculatorError.py,Calculator,Error,,,,,,0.026000000000000002,
Vicuna,C,CalendarUtilError.py,CalendarUtil,Error,,,,,,0.026000000000000002,
Vicuna,C,CamelCaseMapError.py,CamelCaseMap,Error,,,,,,0.026000000000000002,
Vicuna,C,ChandrasekharSieveFail.py,ChandrasekharSieve,Fail,17.0,,8.0,7.0,,0.026000000000000002,
Vicuna,C,ChatError.py,Chat,Error,22.0,,6.0,7.0,,0.026000000000000002,
Vicuna,C,ClassRegistrationSystemError.py,ClassRegistrationSystem,Error,,,,,,0.026000000000000002,
Vicuna,C,ClassroomError.py,Classroom,Error,36.0,,18.0,16.0,,0.026000000000000002,
Vicuna,C,CombinationCalculatorError.py,CombinationCalculator,Error,,,,,,0.026000000000000002,
Vicuna,C,ComplexCalculatorError.py,ComplexCalculator,Error,,,,,,0.026000000000000002,
Vicuna,C,CookiesUtilError.py,CookiesUtil,Error,24.0,,2.0,4.0,,0.026000000000000002,
Vicuna,C,CSVProcessorError.py,CSVProcessor,Error,42.0,22.0,5.0,6.0,5.0,0.026000000000000002,0.0
Vicuna,C,CurrencyConverterFail.py,CurrencyConverter,Fail,28.0,,3.0,7.0,,0.026000000000000002,
Vicuna,C,DatabaseProcessorFail.py,DatabaseProcessor,Fail,38.0,,3.0,5.0,,0.026000000000000002,
Vicuna,C,DataStatistics2Error.py,DataStatistics2,Error,23.0,,,7.0,,0.026000000000000002,
Vicuna,C,DataStatistics4Error.py,DataStatistics4,Error,,,,,,0.026000000000000002,
Vicuna,C,DataStatisticsError.py,DataStatistics,Error,21.0,,5.0,6.0,,0.026000000000000002,
Vicuna,C,DecryptionUtilsError.py,DecryptionUtils,Error,28.0,,12.0,11.0,,0.026000000000000002,
Vicuna,C,DiscountStrategyError.py,DiscountStrategy,Error,20.0,10.0,4.0,7.0,2.0,0.026000000000000002,0.0
Vicuna,C,DocFileHandlerError.py,DocFileHandler,Error,37.0,,6.0,9.0,,0.026000000000000002,
Vicuna,C,EightPuzzleError.py,EightPuzzle,Error,64.0,11.0,38.0,23.0,1.0,0.026000000000000002,0.0
Vicuna,C,EmailClientError.py,EmailClient,Error,30.0,,9.0,13.0,,0.026000000000000002,
Vicuna,C,EncryptionUtilsError.py,EncryptionUtils,Error,32.0,,15.0,12.0,,0.026000000000000002,
Vicuna,C,ExcelProcessorError.py,ExcelProcessor,Error,36.0,12.0,9.0,9.0,3.0,0.026000000000000002,0.0
Vicuna,C,ExpressionCalculatorError.py,ExpressionCalculator,Error,,,,,,0.026000000000000002,
Vicuna,C,FitnessTrackerError.py,FitnessTracker,Error,31.0,19.0,14.0,11.0,5.0,0.026000000000000002,0.0
Vicuna,C,GomokuGameError.py,GomokuGame,Error,30.0,40.0,22.0,14.0,4.0,0.026000000000000002,0.0
Vicuna,C,HotelSuccess.py,Hotel,Success,36.0,,12.0,11.0,,0.026000000000000002,
Vicuna,C,HRManagementSystemError.py,HRManagementSystem,Error,19.0,,3.0,6.0,,0.026000000000000002,
Vicuna,C,HtmlUtilError.py,HtmlUtil,Error,,,,,,0.026000000000000002,
Vicuna,C,ImageProcessorError.py,ImageProcessor,Error,43.0,,7.0,11.0,,0.026000000000000002,
Vicuna,C,InterpolationError.py,Interpolation,Error,,,,,,0.026000000000000002,
Vicuna,C,IPAddressError.py,IPAddress,Error,15.0,,4.0,6.0,,0.026000000000000002,
Vicuna,C,IpUtilError.py,IpUtil,Error,24.0,20.0,3.0,3.0,4.0,0.026000000000000002,0.0
Vicuna,C,JobMarketplaceError.py,JobMarketplace,Error,,,,,,0.026000000000000002,
Vicuna,C,JSONProcessorPartialSuccess.py,JSONProcessor,PartialSuccess,27.0,10.0,4.0,4.0,2.0,0.026000000000000002,0.0
Vicuna,C,KappaCalculatorError.py,KappaCalculator,Error,13.0,16.0,,2.0,5.0,0.026000000000000002,0.0
Vicuna,C,LemmatizationError.py,Lemmatization,Error,43.0,,12.0,8.0,,0.026000000000000002,
Vicuna,C,LongestWordPartialSuccess.py,LongestWord,PartialSuccess,16.0,,4.0,6.0,,0.026000000000000002,
Vicuna,C,MahjongConnectError.py,MahjongConnect,Error,,,,,,0.026000000000000002,
Vicuna,C,ManacherError.py,Manacher,Error,10.0,5.0,2.0,4.0,1.0,0.026000000000000002,0.0
Vicuna,C,MetricsCalculator2Error.py,MetricsCalculator2,Error,21.0,5.0,9.0,7.0,1.0,0.026000000000000002,0.0
Vicuna,C,MetricsCalculatorError.py,MetricsCalculator,Error,19.0,30.0,,5.0,6.0,0.026000000000000002,0.0
Vicuna,C,MinesweeperGameError.py,MinesweeperGame,Error,,,,,,0.026000000000000002,
Vicuna,C,MovieBookingSystemError.py,MovieBookingSystem,Error,20.0,,6.0,8.0,,0.026000000000000002,
Vicuna,C,MovieTicketDBError.py,MovieTicketDB,Error,26.0,,1.0,5.0,,0.026000000000000002,
Vicuna,C,MusicPlayerError.py,MusicPlayer,Error,,,,,,0.026000000000000002,
Vicuna,C,NLPDataProcessor2Error.py,NLPDataProcessor2,Error,23.0,,3.0,7.0,,0.026000000000000002,
Vicuna,C,NLPDataProcessorError.py,NLPDataProcessor,Error,23.0,5.0,12.0,9.0,1.0,0.026000000000000002,0.0
Vicuna,C,NumberConverterError.py,NumberConverter,Error,,,,,,0.026000000000000002,
Vicuna,C,NumberWordFormatterError.py,NumberWordFormatter,Error,,,,,,0.026000000000000002,
Vicuna,C,NumericEntityUnescaperError.py,NumericEntityUnescaper,Error,14.0,10.0,4.0,6.0,2.0,0.026000000000000002,0.0
Vicuna,C,OrderError.py,Order,Error,27.0,,8.0,10.0,,0.026000000000000002,
Vicuna,C,PageUtilError.py,PageUtil,Error,29.0,5.0,6.0,8.0,1.0,0.026000000000000002,0.0
Vicuna,C,PDFHandlerError.py,PDFHandler,Error,22.0,,4.0,6.0,,0.026000000000000002,
Vicuna,C,PersonRequestError.py,PersonRequest,Error,,,,,,0.026000000000000002,
Vicuna,C,PushBoxGameError.py,PushBoxGame,Error,44.0,,18.0,12.0,,0.026000000000000002,
Vicuna,C,RegexUtilsError.py,RegexUtils,Error,37.0,15.0,2.0,12.0,3.0,0.026000000000000002,0.0
Vicuna,C,RPGCharacterError.py,RPGCharacter,Error,,,,,,0.026000000000000002,
Vicuna,C,ServerError.py,Server,Error,,,,,,0.026000000000000002,
Vicuna,C,ShoppingCartError.py,ShoppingCart,Error,,,,,,0.026000000000000002,
Vicuna,C,SignInSystemFail.py,SignInSystem,Fail,26.0,,7.0,11.0,,0.026000000000000002,
Vicuna,C,SnakeError.py,Snake,Error,,,,,,0.026000000000000002,
Vicuna,C,SplitSentenceFail.py,SplitSentence,Fail,19.0,5.0,6.0,10.0,1.0,0.026000000000000002,0.0
Vicuna,C,SQLGeneratorFail.py,SQLGenerator,Fail,16.0,,,7.0,,0.026000000000000002,
Vicuna,C,SQLQueryBuilderFail.py,SQLQueryBuilder,Fail,17.0,20.0,4.0,7.0,4.0,0.026000000000000002,0.0
Vicuna,C,Statistics3Error.py,Statistics3,Error,39.0,25.0,13.0,15.0,5.0,0.026000000000000002,0.0
Vicuna,C,StockPortfolioTrackerError.py,StockPortfolioTracker,Error,,,,,,0.026000000000000002,
Vicuna,C,StudentDatabaseProcessorError.py,StudentDatabaseProcessor,Error,,,,,,0.026000000000000002,
Vicuna,C,TextFileProcessorError.py,TextFileProcessor,Error,29.0,,4.0,6.0,,0.026000000000000002,
Vicuna,C,ThermostatError.py,Thermostat,Error,49.0,10.0,17.0,15.0,1.0,0.026000000000000002,0.0
Vicuna,C,TicTacToeFail.py,TicTacToe,Fail,28.0,7.0,19.0,16.0,2.0,0.026000000000000002,0.0
Vicuna,C,TimeUtilsError.py,TimeUtils,Error,32.0,,1.0,8.0,,0.026000000000000002,
Vicuna,C,TriCalculatorError.py,TriCalculator,Error,,,,,,0.026000000000000002,
Vicuna,C,TwentyFourPointGameFail.py,TwentyFourPointGame,Fail,20.0,,6.0,9.0,,0.026000000000000002,
Vicuna,C,URLHandlerError.py,URLHandler,Error,14.0,,,7.0,,0.026000000000000002,
Vicuna,C,UrlPathError.py,UrlPath,Error,15.0,10.0,,4.0,2.0,0.026000000000000002,0.0
Vicuna,C,UserLoginDBFail.py,UserLoginDB,Fail,30.0,,2.0,6.0,,0.026000000000000002,
Vicuna,C,VectorUtilError.py,VectorUtil,Error,25.0,20.0,2.0,6.0,4.0,0.026000000000000002,0.0
Vicuna,C,VendingMachineError.py,VendingMachine,Error,27.0,,9.0,8.0,,0.026000000000000002,
Vicuna,C,WarehouseError.py,Warehouse,Error,41.0,,16.0,15.0,,0.026000000000000002,
Vicuna,C,WeatherSystemError.py,WeatherSystem,Error,17.0,,4.0,6.0,,0.026000000000000002,
Vicuna,C,Words2NumbersError.py,Words2Numbers,Error,19.0,,4.0,5.0,,0.026000000000000002,
Vicuna,C,XMLProcessorError.py,XMLProcessor,Error,,,,,,0.026000000000000002,
Vicuna,C,ZipFileProcessorFail.py,ZipFileProcessor,Fail,27.0,10.0,4.0,6.0,2.0,0.026000000000000002,0.0
Vicuna,I,AccessGatewayFilterError.py,AccessGatewayFilter,Error,22.0,10.0,5.0,6.0,2.0,0.03,0.0
Vicuna,I,AreaCalculatorError.py,AreaCalculator,Error,18.0,,,5.0,,0.03,
Vicuna,I,AreaCalculatorFail.py,AreaCalculator,Fail,23.0,,,6.0,,0.03,
Vicuna,I,ArgumentParserError.py,ArgumentParser,Error,20.0,,5.0,8.0,,0.03,
Vicuna,I,ArrangementCalculatorError.py,ArrangementCalculator,Error,27.0,35.0,6.0,11.0,5.0,0.03,0.0
Vicuna,I,AssessmentSystemSuccess.py,AssessmentSystem,Success,40.0,5.0,32.0,19.0,1.0,0.03,0.9875
Vicuna,I,AutomaticGuitarSimulatorError.py,AutomaticGuitarSimulator,Error,20.0,10.0,8.0,8.0,2.0,0.03,0.0
Vicuna,I,AvgPartitionError.py,AvgPartition,Error,8.0,5.0,,2.0,1.0,0.03,0.0
Vicuna,I,AvgPartitionFail.py,AvgPartition,Fail,13.0,10.0,,3.0,2.0,0.03,0.0
Vicuna,I,BalancedBracketsError.py,BalancedBrackets,Error,16.0,,6.0,5.0,,0.03,
Vicuna,I,BalancedBracketsFail.py,BalancedBrackets,Fail,25.0,,12.0,12.0,,0.03,
Vicuna,I,BankAccountError.py,BankAccount,Error,24.0,,6.0,8.0,,0.03,
Vicuna,I,BigNumCalculatorError.py,BigNumCalculator,Error,7.0,15.0,,3.0,3.0,0.03,0.0
Vicuna,I,BinaryDataProcessorError.py,BinaryDataProcessor,Error,30.0,15.0,6.0,9.0,3.0,0.03,0.0
Vicuna,I,BitStatusUtilError.py,BitStatusUtil,Error,23.0,26.0,8.0,13.0,5.0,0.03,0.0
Vicuna,I,BlackjackGameError.py,BlackjackGame,Error,39.0,5.0,23.0,13.0,1.0,0.03,0.0
Vicuna,I,BookManagementDBError.py,BookManagementDB,Error,36.0,5.0,,7.0,1.0,0.03,0.0
Vicuna,I,BookManagementError.py,BookManagement,Error,22.0,,13.0,8.0,,0.03,
Vicuna,I,BoyerMooreSearchError.py,BoyerMooreSearch,Error,34.0,27.0,14.0,11.0,9.0,0.03,0.0
Vicuna,I,CalculatorError.py,Calculator,Error,35.0,5.0,8.0,6.0,1.0,0.03,0.0
Vicuna,I,CalendarUtilError.py,CalendarUtil,Error,,,,,,0.03,
Vicuna,I,CamelCaseMapError.py,CamelCaseMap,Error,,,,,,0.03,
Vicuna,I,ChandrasekharSieveError.py,ChandrasekharSieve,Error,15.0,,8.0,6.0,,0.03,
Vicuna,I,ChandrasekharSieveFail.py,ChandrasekharSieve,Fail,17.0,,8.0,7.0,,0.03,
Vicuna,I,ChatError.py,Chat,Error,20.0,5.0,4.0,8.0,1.0,0.03,0.0
Vicuna,I,ChatFail.py,Chat,Fail,27.0,5.0,10.0,12.0,1.0,0.03,0.0
Vicuna,I,ClassRegistrationSystemError.py,ClassRegistrationSystem,Error,37.0,,11.0,14.0,,0.03,
Vicuna,I,ClassroomError.py,Classroom,Error,28.0,,11.0,13.0,,0.03,
Vicuna,I,CombinationCalculatorError.py,CombinationCalculator,Error,26.0,20.0,4.0,9.0,4.0,0.03,0.0
Vicuna,I,ComplexCalculatorError.py,ComplexCalculator,Error,28.0,20.0,,5.0,4.0,0.03,0.0
Vicuna,I,CookiesUtilError.py,CookiesUtil,Error,13.0,,,3.0,,0.03,
Vicuna,I,CSVProcessorError.py,CSVProcessor,Error,25.0,15.0,3.0,4.0,3.0,0.03,0.0
Vicuna,I,CurrencyConverterError.py,CurrencyConverter,Error,30.0,5.0,3.0,7.0,1.0,0.03,0.0
Vicuna,I,DatabaseProcessorError.py,DatabaseProcessor,Error,35.0,10.0,4.0,5.0,2.0,0.03,0.0
Vicuna,I,DataStatistics2Error.py,DataStatistics2,Error,17.0,,,7.0,,0.03,
Vicuna,I,DataStatistics4Error.py,DataStatistics4,Error,15.0,10.0,2.0,5.0,2.0,0.03,0.0
Vicuna,I,DataStatisticsError.py,DataStatistics,Error,18.0,,6.0,7.0,,0.03,
Vicuna,I,DataStatisticsFail.py,DataStatistics,Fail,30.0,14.0,11.0,12.0,2.0,0.03,0.0
Vicuna,I,DecryptionUtilsError.py,DecryptionUtils,Error,28.0,5.0,13.0,11.0,1.0,0.03,0.0
Vicuna,I,DiscountStrategyError.py,DiscountStrategy,Error,17.0,10.0,4.0,5.0,2.0,0.03,0.0
Vicuna,I,DocFileHandlerError.py,DocFileHandler,Error,33.0,15.0,6.0,9.0,3.0,0.03,0.0
Vicuna,I,EightPuzzleError.py,EightPuzzle,Error,51.0,5.0,21.0,15.0,1.0,0.03,0.0
Vicuna,I,EmailClientError.py,EmailClient,Error,32.0,,5.0,10.0,,0.03,
Vicuna,I,EncryptionUtilsError.py,EncryptionUtils,Error,30.0,5.0,3.0,7.0,1.0,0.03,0.0
Vicuna,I,ExcelProcessorError.py,ExcelProcessor,Error,28.0,27.0,4.0,6.0,6.0,0.03,0.0
Vicuna,I,ExpressionCalculatorError.py,ExpressionCalculator,Error,,,,,,0.03,
Vicuna,I,FitnessTrackerError.py,FitnessTracker,Error,32.0,9.0,12.0,10.0,3.0,0.03,0.0
Vicuna,I,GomokuGameError.py,GomokuGame,Error,28.0,19.0,36.0,14.0,1.0,0.03,0.0
Vicuna,I,HotelSuccess.py,Hotel,Success,43.0,6.0,12.0,11.0,1.0,0.03,0.986046511627907
Vicuna,I,HRManagementSystemError.py,HRManagementSystem,Error,,,,,,0.03,
Vicuna,I,HtmlUtilError.py,HtmlUtil,Error,49.0,21.0,9.0,5.0,4.0,0.03,0.0
Vicuna,I,ImageProcessorError.py,ImageProcessor,Error,,,,,,0.03,
Vicuna,I,InterpolationError.py,Interpolation,Error,,,,,,0.03,
Vicuna,I,IPAddressError.py,IPAddress,Error,10.0,,2.0,4.0,,0.03,
Vicuna,I,IPAddressFail.py,IPAddress,Fail,15.0,,4.0,6.0,,0.03,
Vicuna,I,IpUtilError.py,IpUtil,Error,14.0,10.0,2.0,2.0,2.0,0.03,0.0
Vicuna,I,IpUtilFail.py,IpUtil,Fail,27.0,15.0,8.0,4.0,3.0,0.03,0.0
Vicuna,I,JobMarketplaceError.py,JobMarketplace,Error,,,,,,0.03,
Vicuna,I,JSONProcessorError.py,JSONProcessor,Error,16.0,5.0,2.0,2.0,1.0,0.03,0.0
Vicuna,I,KappaCalculatorError.py,KappaCalculator,Error,4.0,7.0,,1.0,2.0,0.03,0.0
Vicuna,I,KappaCalculatorFail.py,KappaCalculator,Fail,6.0,16.0,,2.0,5.0,0.03,0.0
Vicuna,I,LemmatizationError.py,Lemmatization,Error,53.0,15.0,18.0,10.0,1.0,0.03,0.0
Vicuna,I,LongestWordError.py,LongestWord,Error,10.0,2.0,1.0,3.0,1.0,0.03,0.0
Vicuna,I,LongestWordPartialSuccess.py,LongestWord,PartialSuccess,17.0,2.0,4.0,6.0,1.0,0.03,0.0
Vicuna,I,MahjongConnectError.py,MahjongConnect,Error,,,,,,0.03,
Vicuna,I,ManacherError.py,Manacher,Error,,,,,,0.03,
Vicuna,I,MetricsCalculator2Error.py,MetricsCalculator2,Error,,,,,,0.03,
Vicuna,I,MetricsCalculatorError.py,MetricsCalculator,Error,27.0,,,4.0,,0.03,
Vicuna,I,MinesweeperGameError.py,MinesweeperGame,Error,,,,,,0.03,
Vicuna,I,MovieBookingSystemError.py,MovieBookingSystem,Error,23.0,10.0,20.0,11.0,1.0,0.03,0.0
Vicuna,I,MovieBookingSystemFail.py,MovieBookingSystem,Fail,29.0,10.0,23.0,14.0,1.0,0.03,0.0
Vicuna,I,MovieTicketDBError.py,MovieTicketDB,Error,27.0,10.0,,5.0,2.0,0.03,0.0
Vicuna,I,MusicPlayerError.py,MusicPlayer,Error,,,,,,0.03,
Vicuna,I,NLPDataProcessor2Error.py,NLPDataProcessor2,Error,24.0,,,6.0,,0.03,
Vicuna,I,NLPDataProcessorError.py,NLPDataProcessor,Error,13.0,5.0,1.0,4.0,1.0,0.03,0.0
Vicuna,I,NLPDataProcessorFail.py,NLPDataProcessor,Fail,14.0,5.0,1.0,5.0,1.0,0.03,0.0
Vicuna,I,NumberConverterError.py,NumberConverter,Error,20.0,45.0,2.0,8.0,9.0,0.03,0.0
Vicuna,I,NumberWordFormatterError.py,NumberWordFormatter,Error,35.0,,10.0,10.0,,0.03,
Vicuna,I,NumericEntityUnescaperError.py,NumericEntityUnescaper,Error,5.0,10.0,,2.0,2.0,0.03,0.0
Vicuna,I,OrderError.py,Order,Error,22.0,,8.0,7.0,,0.03,
Vicuna,I,PageUtilError.py,PageUtil,Error,12.0,,2.0,4.0,,0.03,
Vicuna,I,PDFHandlerError.py,PDFHandler,Error,26.0,5.0,6.0,7.0,1.0,0.03,0.0
Vicuna,I,PersonRequestError.py,PersonRequest,Error,15.0,19.0,3.0,6.0,5.0,0.03,0.0
Vicuna,I,PersonRequestSuccess.py,PersonRequest,Success,21.0,36.0,5.0,9.0,9.0,0.03,0.8285714285714285
Vicuna,I,PushBoxGameError.py,PushBoxGame,Error,39.0,,14.0,11.0,,0.03,
Vicuna,I,RegexUtilsError.py,RegexUtils,Error,,,,,,0.03,
Vicuna,I,RPGCharacterError.py,RPGCharacter,Error,29.0,,1.0,6.0,,0.03,
Vicuna,I,RPGCharacterFail.py,RPGCharacter,Fail,34.0,,3.0,8.0,,0.03,
Vicuna,I,ServerError.py,Server,Error,29.0,1.0,9.0,9.0,1.0,0.03,0.0
Vicuna,I,ShoppingCartError.py,ShoppingCart,Error,21.0,,9.0,8.0,,0.03,
Vicuna,I,SignInSystemError.py,SignInSystem,Error,21.0,,7.0,10.0,,0.03,
Vicuna,I,SnakeError.py,Snake,Error,23.0,6.0,3.0,5.0,3.0,0.03,0.0
Vicuna,I,SplitSentenceError.py,SplitSentence,Error,21.0,5.0,7.0,9.0,1.0,0.03,0.0
Vicuna,I,SQLGeneratorError.py,SQLGenerator,Error,30.0,8.0,2.0,9.0,1.0,0.03,0.0
Vicuna,I,SQLQueryBuilderError.py,SQLQueryBuilder,Error,,,,,,0.03,
Vicuna,I,Statistics3Error.py,Statistics3,Error,,,,,,0.03,
Vicuna,I,StockPortfolioTrackerError.py,StockPortfolioTracker,Error,,,,,,0.03,
Vicuna,I,StudentDatabaseProcessorError.py,StudentDatabaseProcessor,Error,41.0,,4.0,5.0,,0.03,
Vicuna,I,TextFileProcessorError.py,TextFileProcessor,Error,20.0,,3.0,6.0,,0.03,
Vicuna,I,ThermostatError.py,Thermostat,Error,47.0,5.0,11.0,14.0,1.0,0.03,0.0
Vicuna,I,TicTacToeError.py,TicTacToe,Error,,,,,,0.03,
Vicuna,I,TimeUtilsError.py,TimeUtils,Error,,,,,,0.03,
Vicuna,I,TriCalculatorError.py,TriCalculator,Error,24.0,11.0,11.0,12.0,2.0,0.03,0.0
Vicuna,I,TwentyFourPointGameError.py,TwentyFourPointGame,Error,10.0,,,4.0,,0.03,
Vicuna,I,URLHandlerError.py,URLHandler,Error,11.0,5.0,,5.0,1.0,0.03,0.0
Vicuna,I,UrlPathError.py,UrlPath,Error,,,,,,0.03,
Vicuna,I,UserLoginDBFail.py,UserLoginDB,Fail,25.0,,2.0,7.0,,0.03,
Vicuna,I,VectorUtilError.py,VectorUtil,Error,21.0,30.0,2.0,6.0,6.0,0.03,0.0
Vicuna,I,VendingMachineError.py,VendingMachine,Error,,,,,,0.03,
Vicuna,I,WarehouseError.py,Warehouse,Error,34.0,,13.0,11.0,,0.03,
Vicuna,I,WeatherSystemError.py,WeatherSystem,Error,16.0,,2.0,5.0,,0.03,
Vicuna,I,Words2NumbersError.py,Words2Numbers,Error,35.0,,13.0,11.0,,0.03,
Vicuna,I,XMLProcessorError.py,XMLProcessor,Error,40.0,5.0,6.0,6.0,1.0,0.03,0.0
Vicuna,I,XMLProcessorFail.py,XMLProcessor,Fail,49.0,5.0,7.0,7.0,1.0,0.03,0.0
Vicuna,I,ZipFileProcessorError.py,ZipFileProcessor,Error,48.0,,18.0,12.0,,0.03,
WizardCoder-15B-V1.0,H,AccessGatewayFilterFail.py,AccessGatewayFilter,Fail,25.0,10.0,9.0,11.0,4.0,0.092,0.0
WizardCoder-15B-V1.0,H,AreaCalculatorError.py,AreaCalculator,Error,9.0,,,6.0,,0.092,
WizardCoder-15B-V1.0,H,ArgumentParserError.py,ArgumentParser,Error,9.0,,,5.0,,0.092,
WizardCoder-15B-V1.0,H,ArrangementCalculatorError.py,ArrangementCalculator,Error,25.0,,6.0,10.0,,0.092,
WizardCoder-15B-V1.0,H,AssessmentSystemSuccess.py,AssessmentSystem,Success,41.0,,18.0,18.0,,0.092,
WizardCoder-15B-V1.0,H,AutomaticGuitarSimulatorError.py,AutomaticGuitarSimulator,Error,5.0,,,3.0,,0.092,
WizardCoder-15B-V1.0,H,AvgPartitionSuccess.py,AvgPartition,Success,13.0,5.0,1.0,4.0,1.0,0.092,0.9615384615384616
WizardCoder-15B-V1.0,H,BalancedBracketsSuccess.py,BalancedBrackets,Success,19.0,,10.0,7.0,,0.092,
WizardCoder-15B-V1.0,H,BankAccountSuccess.py,BankAccount,Success,,,,,,0.092,
WizardCoder-15B-V1.0,H,BigNumCalculatorError.py,BigNumCalculator,Error,7.0,,,3.0,,0.092,
WizardCoder-15B-V1.0,H,BinaryDataProcessorFail.py,BinaryDataProcessor,Fail,15.0,,,5.0,,0.092,
WizardCoder-15B-V1.0,H,BitStatusUtilError.py,BitStatusUtil,Error,12.0,,4.0,7.0,,0.092,
WizardCoder-15B-V1.0,H,BlackjackGameError.py,BlackjackGame,Error,9.0,,,4.0,,0.092,
WizardCoder-15B-V1.0,H,BookManagementDBError.py,BookManagementDB,Error,12.0,,,7.0,,0.092,
WizardCoder-15B-V1.0,H,BookManagementError.py,BookManagement,Error,7.0,,,5.0,,0.092,
WizardCoder-15B-V1.0,H,BoyerMooreSearchFail.py,BoyerMooreSearch,Fail,7.0,,3.0,3.0,,0.092,
WizardCoder-15B-V1.0,H,CalculatorError.py,Calculator,Error,53.0,9.0,24.0,15.0,1.0,0.092,0.0
WizardCoder-15B-V1.0,H,CalendarUtilError.py,CalendarUtil,Error,,,,,,0.092,
WizardCoder-15B-V1.0,H,CamelCaseMapFail.py,CamelCaseMap,Fail,18.0,,,8.0,,0.092,
WizardCoder-15B-V1.0,H,ChandrasekharSieveSuccess.py,ChandrasekharSieve,Success,6.0,,,3.0,,0.092,
WizardCoder-15B-V1.0,H,ChatError.py,Chat,Error,8.0,,,5.0,,0.092,
WizardCoder-15B-V1.0,H,ClassRegistrationSystemError.py,ClassRegistrationSystem,Error,,,,,,0.092,
WizardCoder-15B-V1.0,H,ClassroomError.py,Classroom,Error,35.0,,12.0,14.0,,0.092,
WizardCoder-15B-V1.0,H,CombinationCalculatorFail.py,CombinationCalculator,Fail,24.0,6.0,4.0,8.0,3.0,0.092,0.0
WizardCoder-15B-V1.0,H,ComplexCalculatorFail.py,ComplexCalculator,Fail,11.0,5.0,,5.0,1.0,0.092,0.0
WizardCoder-15B-V1.0,H,CookiesUtilError.py,CookiesUtil,Error,20.0,,1.0,5.0,,0.092,
WizardCoder-15B-V1.0,H,CSVProcessorError.py,CSVProcessor,Error,7.0,7.0,,4.0,2.0,0.092,0.0
WizardCoder-15B-V1.0,H,CurrencyConverterFail.py,CurrencyConverter,Fail,26.0,,4.0,9.0,,0.092,
WizardCoder-15B-V1.0,H,DatabaseProcessorError.py,DatabaseProcessor,Error,9.0,,,5.0,,0.092,
WizardCoder-15B-V1.0,H,DataStatistics2Error.py,DataStatistics2,Error,23.0,,,7.0,,0.092,
WizardCoder-15B-V1.0,H,DataStatistics4Fail.py,DataStatistics4,Fail,46.0,5.0,1.0,9.0,1.0,0.092,0.0
WizardCoder-15B-V1.0,H,DataStatisticsSuccess.py,DataStatistics,Success,15.0,,2.0,5.0,,0.092,
WizardCoder-15B-V1.0,H,DecryptionUtilsFail.py,DecryptionUtils,Fail,16.0,,8.0,7.0,,0.092,
WizardCoder-15B-V1.0,H,DiscountStrategyError.py,DiscountStrategy,Error,35.0,20.0,7.0,12.0,4.0,0.092,0.0
WizardCoder-15B-V1.0,H,DocFileHandlerError.py,DocFileHandler,Error,56.0,10.0,10.0,10.0,2.0,0.092,0.0
WizardCoder-15B-V1.0,H,EightPuzzleError.py,EightPuzzle,Error,8.0,,,5.0,,0.092,
WizardCoder-15B-V1.0,H,EmailClientError.py,EmailClient,Error,11.0,,,6.0,,0.092,
WizardCoder-15B-V1.0,H,EncryptionUtilsSuccess.py,EncryptionUtils,Success,53.0,16.0,42.0,18.0,1.0,0.092,0.969811320754717
WizardCoder-15B-V1.0,H,ExcelProcessorError.py,ExcelProcessor,Error,7.0,7.0,,4.0,2.0,0.092,0.0
WizardCoder-15B-V1.0,H,ExpressionCalculatorError.py,ExpressionCalculator,Error,,,,,,0.092,
WizardCoder-15B-V1.0,H,FitnessTrackerError.py,FitnessTracker,Error,13.0,7.0,,4.0,2.0,0.092,0.0
WizardCoder-15B-V1.0,H,GomokuGameError.py,GomokuGame,Error,8.0,,,4.0,,0.092,
WizardCoder-15B-V1.0,H,HotelError.py,Hotel,Error,9.0,,,5.0,,0.092,
WizardCoder-15B-V1.0,H,HRManagementSystemError.py,HRManagementSystem,Error,,,,,,0.092,
WizardCoder-15B-V1.0,H,HtmlUtilFail.py,HtmlUtil,Fail,37.0,,8.0,9.0,,0.092,
WizardCoder-15B-V1.0,H,ImageProcessorError.py,ImageProcessor,Error,9.0,,,6.0,,0.092,
WizardCoder-15B-V1.0,H,InterpolationFail.py,Interpolation,Fail,,,,,,0.092,
WizardCoder-15B-V1.0,H,IPAddressError.py,IPAddress,Error,6.0,,,4.0,,0.092,
WizardCoder-15B-V1.0,H,IpUtilError.py,IpUtil,Error,24.0,,3.0,3.0,,0.092,
WizardCoder-15B-V1.0,H,JobMarketplaceError.py,JobMarketplace,Error,10.0,,,7.0,,0.092,
WizardCoder-15B-V1.0,H,JSONProcessorPartialSuccess.py,JSONProcessor,PartialSuccess,37.0,,7.0,6.0,,0.092,
WizardCoder-15B-V1.0,H,KappaCalculatorFail.py,KappaCalculator,Fail,,,,,,0.092,
WizardCoder-15B-V1.0,H,LemmatizationError.py,Lemmatization,Error,34.0,,7.0,6.0,,0.092,
WizardCoder-15B-V1.0,H,LongestWordPartialSuccess.py,LongestWord,PartialSuccess,16.0,,6.0,6.0,,0.092,
WizardCoder-15B-V1.0,H,MahjongConnectError.py,MahjongConnect,Error,,,,,,0.092,
WizardCoder-15B-V1.0,H,ManacherError.py,Manacher,Error,22.0,,8.0,10.0,,0.092,
WizardCoder-15B-V1.0,H,MetricsCalculator2Error.py,MetricsCalculator2,Error,50.0,15.0,17.0,11.0,3.0,0.092,0.0
WizardCoder-15B-V1.0,H,MetricsCalculatorError.py,MetricsCalculator,Error,34.0,30.0,8.0,10.0,6.0,0.092,0.0
WizardCoder-15B-V1.0,H,MinesweeperGameError.py,MinesweeperGame,Error,,,,,,0.092,
WizardCoder-15B-V1.0,H,MovieBookingSystemError.py,MovieBookingSystem,Error,8.0,,,4.0,,0.092,
WizardCoder-15B-V1.0,H,MovieTicketDBError.py,MovieTicketDB,Error,10.0,,,5.0,,0.092,
WizardCoder-15B-V1.0,H,MusicPlayerError.py,MusicPlayer,Error,13.0,,,9.0,,0.092,
WizardCoder-15B-V1.0,H,NLPDataProcessor2Success.py,NLPDataProcessor2,Success,,,,,,0.092,
WizardCoder-15B-V1.0,H,NLPDataProcessorError.py,NLPDataProcessor,Error,4.0,,,3.0,,0.092,
WizardCoder-15B-V1.0,H,NumberConverterError.py,NumberConverter,Error,13.0,,,6.0,,0.092,
WizardCoder-15B-V1.0,H,NumberWordFormatterError.py,NumberWordFormatter,Error,14.0,,,6.0,,0.092,
WizardCoder-15B-V1.0,H,NumericEntityUnescaperFail.py,NumericEntityUnescaper,Fail,42.0,35.0,43.0,19.0,2.0,0.092,0.0
WizardCoder-15B-V1.0,H,OrderFail.py,Order,Fail,26.0,5.0,13.0,10.0,1.0,0.092,0.0
WizardCoder-15B-V1.0,H,PageUtilError.py,PageUtil,Error,,,,,,0.092,
WizardCoder-15B-V1.0,H,PDFHandlerError.py,PDFHandler,Error,7.0,,,3.0,,0.092,
WizardCoder-15B-V1.0,H,PersonRequestSuccess.py,PersonRequest,Success,17.0,26.0,5.0,10.0,7.0,0.092,0.8470588235294118
WizardCoder-15B-V1.0,H,PushBoxGameError.py,PushBoxGame,Error,13.0,,,4.0,,0.092,
WizardCoder-15B-V1.0,H,RegexUtilsError.py,RegexUtils,Error,12.0,,,10.0,,0.092,
WizardCoder-15B-V1.0,H,RPGCharacterError.py,RPGCharacter,Error,13.0,,,6.0,,0.092,
WizardCoder-15B-V1.0,H,ServerError.py,Server,Error,10.0,,,6.0,,0.092,
WizardCoder-15B-V1.0,H,ShoppingCartError.py,ShoppingCart,Error,7.0,,,5.0,,0.092,
WizardCoder-15B-V1.0,H,SignInSystemError.py,SignInSystem,Error,8.0,,,6.0,,0.092,
WizardCoder-15B-V1.0,H,SnakeError.py,Snake,Error,14.0,6.0,,5.0,3.0,0.092,0.0
WizardCoder-15B-V1.0,H,SplitSentenceFail.py,SplitSentence,Fail,,,,,,0.092,
WizardCoder-15B-V1.0,H,SQLGeneratorError.py,SQLGenerator,Error,9.0,,,7.0,,0.092,
WizardCoder-15B-V1.0,H,SQLQueryBuilderError.py,SQLQueryBuilder,Error,9.0,,,4.0,,0.092,
WizardCoder-15B-V1.0,H,Statistics3Error.py,Statistics3,Error,60.0,10.0,12.0,14.0,2.0,0.092,0.0
WizardCoder-15B-V1.0,H,StockPortfolioTrackerError.py,StockPortfolioTracker,Error,49.0,5.0,20.0,20.0,1.0,0.092,0.0
WizardCoder-15B-V1.0,H,StudentDatabaseProcessorError.py,StudentDatabaseProcessor,Error,8.0,,,5.0,,0.092,
WizardCoder-15B-V1.0,H,TextFileProcessorError.py,TextFileProcessor,Error,8.0,,,5.0,,0.092,
WizardCoder-15B-V1.0,H,ThermostatError.py,Thermostat,Error,13.0,,,8.0,,0.092,
WizardCoder-15B-V1.0,H,TicTacToeFail.py,TicTacToe,Fail,19.0,2.0,5.0,10.0,1.0,0.092,0.0
WizardCoder-15B-V1.0,H,TimeUtilsSuccess.py,TimeUtils,Success,32.0,,,8.0,,0.092,
WizardCoder-15B-V1.0,H,TriCalculatorError.py,TriCalculator,Error,9.0,5.0,,6.0,1.0,0.092,0.0
WizardCoder-15B-V1.0,H,TwentyFourPointGamePartialSuccess.py,TwentyFourPointGame,PartialSuccess,21.0,10.0,2.0,5.0,2.0,0.092,0.0
WizardCoder-15B-V1.0,H,URLHandlerFail.py,URLHandler,Fail,20.0,,,6.0,,0.092,
WizardCoder-15B-V1.0,H,UrlPathFail.py,UrlPath,Fail,16.0,,1.0,5.0,,0.092,
WizardCoder-15B-V1.0,H,UserLoginDBFail.py,UserLoginDB,Fail,21.0,,,6.0,,0.092,
WizardCoder-15B-V1.0,H,VectorUtilError.py,VectorUtil,Error,12.0,,,4.0,,0.092,
WizardCoder-15B-V1.0,H,VendingMachineFail.py,VendingMachine,Fail,33.0,,11.0,11.0,,0.092,
WizardCoder-15B-V1.0,H,WarehouseError.py,Warehouse,Error,10.0,,,7.0,,0.092,
WizardCoder-15B-V1.0,H,WeatherSystemFail.py,WeatherSystem,Fail,23.0,,5.0,7.0,,0.092,
WizardCoder-15B-V1.0,H,Words2NumbersError.py,Words2Numbers,Error,42.0,26.0,24.0,16.0,2.0,0.092,0.0
WizardCoder-15B-V1.0,H,XMLProcessorFail.py,XMLProcessor,Fail,35.0,10.0,6.0,8.0,2.0,0.092,0.0
WizardCoder-15B-V1.0,H,ZipFileProcessorError.py,ZipFileProcessor,Error,8.0,,,5.0,,0.092,
WizardCoder-15B-V1.0,C,AccessGatewayFilterFail.py,AccessGatewayFilter,Fail,38.0,5.0,8.0,11.0,2.0,0.12200000000000003,0.0
WizardCoder-15B-V1.0,C,AreaCalculatorFail.py,AreaCalculator,Fail,16.0,,,6.0,,0.12200000000000003,
WizardCoder-15B-V1.0,C,ArgumentParserError.py,ArgumentParser,Error,12.0,,1.0,4.0,,0.12200000000000003,
WizardCoder-15B-V1.0,C,ArrangementCalculatorError.py,ArrangementCalculator,Error,14.0,5.0,2.0,5.0,1.0,0.12200000000000003,0.0
WizardCoder-15B-V1.0,C,AssessmentSystemSuccess.py,AssessmentSystem,Success,41.0,,18.0,18.0,,0.12200000000000003,
WizardCoder-15B-V1.0,C,AutomaticGuitarSimulatorError.py,AutomaticGuitarSimulator,Error,3.0,,,1.0,,0.12200000000000003,
WizardCoder-15B-V1.0,C,AvgPartitionFail.py,AvgPartition,Fail,16.0,5.0,2.0,5.0,1.0,0.12200000000000003,0.0
WizardCoder-15B-V1.0,C,BalancedBracketsError.py,BalancedBrackets,Error,8.0,,,2.0,,0.12200000000000003,
WizardCoder-15B-V1.0,C,BankAccountPartialSuccess.py,BankAccount,PartialSuccess,22.0,,5.0,10.0,,0.12200000000000003,
WizardCoder-15B-V1.0,C,BigNumCalculatorError.py,BigNumCalculator,Error,45.0,15.0,15.0,14.0,3.0,0.12200000000000003,0.0
WizardCoder-15B-V1.0,C,BinaryDataProcessorFail.py,BinaryDataProcessor,Fail,18.0,,1.0,6.0,,0.12200000000000003,
WizardCoder-15B-V1.0,C,BitStatusUtilError.py,BitStatusUtil,Error,21.0,26.0,13.0,16.0,5.0,0.12200000000000003,0.0
WizardCoder-15B-V1.0,C,BlackjackGamePartialSuccess.py,BlackjackGame,PartialSuccess,49.0,,15.0,11.0,,0.12200000000000003,
WizardCoder-15B-V1.0,C,BookManagementDBError.py,BookManagementDB,Error,26.0,,,7.0,,0.12200000000000003,
WizardCoder-15B-V1.0,C,BookManagementFail.py,BookManagement,Fail,25.0,,6.0,9.0,,0.12200000000000003,
WizardCoder-15B-V1.0,C,BoyerMooreSearchError.py,BoyerMooreSearch,Error,38.0,14.0,22.0,14.0,5.0,0.12200000000000003,0.0
WizardCoder-15B-V1.0,C,CalculatorSuccess.py,Calculator,Success,60.0,28.0,39.0,21.0,2.0,0.12200000000000003,0.9533333333333334
WizardCoder-15B-V1.0,C,CalendarUtilError.py,CalendarUtil,Error,,,,,,0.12200000000000003,
WizardCoder-15B-V1.0,C,CamelCaseMapError.py,CamelCaseMap,Error,17.0,,,7.0,,0.12200000000000003,
WizardCoder-15B-V1.0,C,ChandrasekharSieveSuccess.py,ChandrasekharSieve,Success,14.0,,6.0,7.0,,0.12200000000000003,
WizardCoder-15B-V1.0,C,ChatFail.py,Chat,Fail,27.0,,8.0,10.0,,0.12200000000000003,
WizardCoder-15B-V1.0,C,ClassRegistrationSystemFail.py,ClassRegistrationSystem,Fail,40.0,5.0,20.0,16.0,1.0,0.12200000000000003,0.0
WizardCoder-15B-V1.0,C,ClassroomError.py,Classroom,Error,18.0,,6.0,9.0,,0.12200000000000003,
WizardCoder-15B-V1.0,C,CombinationCalculatorError.py,CombinationCalculator,Error,19.0,11.0,2.0,6.0,4.0,0.12200000000000003,0.0
WizardCoder-15B-V1.0,C,ComplexCalculatorError.py,ComplexCalculator,Error,14.0,20.0,,5.0,4.0,0.12200000000000003,0.0
WizardCoder-15B-V1.0,C,CookiesUtilError.py,CookiesUtil,Error,20.0,,1.0,4.0,,0.12200000000000003,
WizardCoder-15B-V1.0,C,CSVProcessorError.py,CSVProcessor,Error,22.0,12.0,1.0,5.0,3.0,0.12200000000000003,0.0
WizardCoder-15B-V1.0,C,CurrencyConverterFail.py,CurrencyConverter,Fail,31.0,,4.0,8.0,,0.12200000000000003,
WizardCoder-15B-V1.0,C,DatabaseProcessorFail.py,DatabaseProcessor,Fail,35.0,,3.0,7.0,,0.12200000000000003,
WizardCoder-15B-V1.0,C,DataStatistics2Fail.py,DataStatistics2,Fail,26.0,,5.0,9.0,,0.12200000000000003,
WizardCoder-15B-V1.0,C,DataStatistics4Fail.py,DataStatistics4,Fail,31.0,25.0,2.0,6.0,5.0,0.12200000000000003,0.0
WizardCoder-15B-V1.0,C,DataStatisticsError.py,DataStatistics,Error,21.0,,4.0,7.0,,0.12200000000000003,
WizardCoder-15B-V1.0,C,DecryptionUtilsFail.py,DecryptionUtils,Fail,44.0,,28.0,16.0,,0.12200000000000003,
WizardCoder-15B-V1.0,C,DiscountStrategyError.py,DiscountStrategy,Error,11.0,10.0,2.0,3.0,2.0,0.12200000000000003,0.0
WizardCoder-15B-V1.0,C,DocFileHandlerError.py,DocFileHandler,Error,50.0,5.0,10.0,10.0,1.0,0.12200000000000003,0.0
WizardCoder-15B-V1.0,C,EightPuzzlePartialSuccess.py,EightPuzzle,PartialSuccess,54.0,,26.0,22.0,,0.12200000000000003,
WizardCoder-15B-V1.0,C,EmailClientError.py,EmailClient,Error,23.0,,5.0,9.0,,0.12200000000000003,
WizardCoder-15B-V1.0,C,EncryptionUtilsFail.py,EncryptionUtils,Fail,40.0,,21.0,14.0,,0.12200000000000003,
WizardCoder-15B-V1.0,C,ExcelProcessorError.py,ExcelProcessor,Error,27.0,7.0,4.0,7.0,2.0,0.12200000000000003,0.0
WizardCoder-15B-V1.0,C,ExpressionCalculatorError.py,ExpressionCalculator,Error,49.0,14.0,27.0,20.0,2.0,0.12200000000000003,0.0
WizardCoder-15B-V1.0,C,FitnessTrackerFail.py,FitnessTracker,Fail,42.0,7.0,15.0,9.0,2.0,0.12200000000000003,0.0
WizardCoder-15B-V1.0,C,GomokuGameFail.py,GomokuGame,Fail,48.0,8.0,37.0,24.0,1.0,0.12200000000000003,0.0
WizardCoder-15B-V1.0,C,HotelSuccess.py,Hotel,Success,28.0,,8.0,11.0,,0.12200000000000003,
WizardCoder-15B-V1.0,C,HRManagementSystemError.py,HRManagementSystem,Error,22.0,,6.0,8.0,,0.12200000000000003,
WizardCoder-15B-V1.0,C,HtmlUtilFail.py,HtmlUtil,Fail,51.0,,7.0,12.0,,0.12200000000000003,
WizardCoder-15B-V1.0,C,ImageProcessorError.py,ImageProcessor,Error,15.0,,2.0,7.0,,0.12200000000000003,
WizardCoder-15B-V1.0,C,InterpolationError.py,Interpolation,Error,29.0,130.0,9.0,8.0,6.0,0.12200000000000003,0.0
WizardCoder-15B-V1.0,C,IPAddressError.py,IPAddress,Error,26.0,,11.0,13.0,,0.12200000000000003,
WizardCoder-15B-V1.0,C,IpUtilError.py,IpUtil,Error,20.0,15.0,3.0,3.0,3.0,0.12200000000000003,0.0
WizardCoder-15B-V1.0,C,JobMarketplaceError.py,JobMarketplace,Error,16.0,,6.0,7.0,,0.12200000000000003,
WizardCoder-15B-V1.0,C,JSONProcessorError.py,JSONProcessor,Error,30.0,,5.0,6.0,,0.12200000000000003,
WizardCoder-15B-V1.0,C,KappaCalculatorFail.py,KappaCalculator,Fail,20.0,16.0,6.0,6.0,5.0,0.12200000000000003,0.0
WizardCoder-15B-V1.0,C,LemmatizationError.py,Lemmatization,Error,31.0,5.0,7.0,6.0,1.0,0.12200000000000003,0.0
WizardCoder-15B-V1.0,C,LongestWordFail.py,LongestWord,Fail,17.0,,4.0,6.0,,0.12200000000000003,
WizardCoder-15B-V1.0,C,MahjongConnectFail.py,MahjongConnect,Fail,69.0,11.0,49.0,37.0,3.0,0.12200000000000003,0.0
WizardCoder-15B-V1.0,C,ManacherError.py,Manacher,Error,45.0,58.0,20.0,22.0,6.0,0.12200000000000003,0.0
WizardCoder-15B-V1.0,C,MetricsCalculator2Error.py,MetricsCalculator2,Error,18.0,10.0,4.0,4.0,2.0,0.12200000000000003,0.0
WizardCoder-15B-V1.0,C,MetricsCalculatorPartialSuccess.py,MetricsCalculator,PartialSuccess,47.0,,24.0,22.0,,0.12200000000000003,
WizardCoder-15B-V1.0,C,MinesweeperGameError.py,MinesweeperGame,Error,48.0,27.0,39.0,22.0,5.0,0.12200000000000003,0.0
WizardCoder-15B-V1.0,C,MovieBookingSystemFail.py,MovieBookingSystem,Fail,31.0,,15.0,11.0,,0.12200000000000003,
WizardCoder-15B-V1.0,C,MovieTicketDBSuccess.py,MovieTicketDB,Success,28.0,,,5.0,,0.12200000000000003,
WizardCoder-15B-V1.0,C,MusicPlayerSuccess.py,MusicPlayer,Success,61.0,,19.0,20.0,,0.12200000000000003,
WizardCoder-15B-V1.0,C,NLPDataProcessor2Fail.py,NLPDataProcessor2,Fail,25.0,,2.0,5.0,,0.12200000000000003,
WizardCoder-15B-V1.0,C,NLPDataProcessorPartialSuccess.py,NLPDataProcessor,PartialSuccess,14.0,,1.0,5.0,,0.12200000000000003,
WizardCoder-15B-V1.0,C,NumberConverterSuccess.py,NumberConverter,Success,36.0,30.0,7.0,13.0,6.0,0.12200000000000003,0.9166666666666666
WizardCoder-15B-V1.0,C,NumberWordFormatterError.py,NumberWordFormatter,Error,58.0,,19.0,15.0,,0.12200000000000003,
WizardCoder-15B-V1.0,C,NumericEntityUnescaperError.py,NumericEntityUnescaper,Error,42.0,36.0,41.0,15.0,2.0,0.12200000000000003,0.0
WizardCoder-15B-V1.0,C,OrderFail.py,Order,Fail,30.0,,15.0,10.0,,0.12200000000000003,
WizardCoder-15B-V1.0,C,PageUtilPartialSuccess.py,PageUtil,PartialSuccess,37.0,,3.0,6.0,,0.12200000000000003,
WizardCoder-15B-V1.0,C,PDFHandlerError.py,PDFHandler,Error,18.0,,4.0,6.0,,0.12200000000000003,
WizardCoder-15B-V1.0,C,PersonRequestSuccess.py,PersonRequest,Success,19.0,31.0,6.0,10.0,8.0,0.12200000000000003,0.8368421052631578
WizardCoder-15B-V1.0,C,PushBoxGameError.py,PushBoxGame,Error,54.0,17.0,37.0,25.0,1.0,0.12200000000000003,0.0
WizardCoder-15B-V1.0,C,RegexUtilsError.py,RegexUtils,Error,21.0,5.0,,8.0,1.0,0.12200000000000003,0.0
WizardCoder-15B-V1.0,C,RPGCharacterError.py,RPGCharacter,Error,32.0,,5.0,7.0,,0.12200000000000003,
WizardCoder-15B-V1.0,C,ServerError.py,Server,Error,32.0,,10.0,11.0,,0.12200000000000003,
WizardCoder-15B-V1.0,C,ShoppingCartSuccess.py,ShoppingCart,Success,20.0,,9.0,8.0,,0.12200000000000003,
WizardCoder-15B-V1.0,C,SignInSystemError.py,SignInSystem,Error,26.0,,8.0,12.0,,0.12200000000000003,
WizardCoder-15B-V1.0,C,SnakeError.py,Snake,Error,33.0,6.0,7.0,8.0,3.0,0.12200000000000003,0.0
WizardCoder-15B-V1.0,C,SplitSentenceFail.py,SplitSentence,Fail,,,,,,0.12200000000000003,
WizardCoder-15B-V1.0,C,SQLGeneratorFail.py,SQLGenerator,Fail,14.0,,,5.0,,0.12200000000000003,
WizardCoder-15B-V1.0,C,SQLQueryBuilderError.py,SQLQueryBuilder,Error,9.0,5.0,3.0,3.0,1.0,0.12200000000000003,0.0
WizardCoder-15B-V1.0,C,Statistics3Error.py,Statistics3,Error,41.0,35.0,8.0,11.0,7.0,0.12200000000000003,0.0
WizardCoder-15B-V1.0,C,StockPortfolioTrackerError.py,StockPortfolioTracker,Error,45.0,,15.0,18.0,,0.12200000000000003,
WizardCoder-15B-V1.0,C,StudentDatabaseProcessorFail.py,StudentDatabaseProcessor,Fail,29.0,,,5.0,,0.12200000000000003,
WizardCoder-15B-V1.0,C,TextFileProcessorError.py,TextFileProcessor,Error,16.0,,,4.0,,0.12200000000000003,
WizardCoder-15B-V1.0,C,ThermostatError.py,Thermostat,Error,42.0,10.0,13.0,15.0,1.0,0.12200000000000003,0.0
WizardCoder-15B-V1.0,C,TicTacToeError.py,TicTacToe,Error,33.0,2.0,18.0,16.0,1.0,0.12200000000000003,0.0
WizardCoder-15B-V1.0,C,TimeUtilsSuccess.py,TimeUtils,Success,24.0,,,8.0,,0.12200000000000003,
WizardCoder-15B-V1.0,C,TriCalculatorError.py,TriCalculator,Error,,,,,,0.12200000000000003,
WizardCoder-15B-V1.0,C,TwentyFourPointGameError.py,TwentyFourPointGame,Error,40.0,13.0,21.0,12.0,2.0,0.12200000000000003,0.0
WizardCoder-15B-V1.0,C,URLHandlerError.py,URLHandler,Error,20.0,5.0,2.0,7.0,1.0,0.12200000000000003,0.0
WizardCoder-15B-V1.0,C,UrlPathFail.py,UrlPath,Fail,15.0,5.0,1.0,5.0,1.0,0.12200000000000003,0.0
WizardCoder-15B-V1.0,C,UserLoginDBFail.py,UserLoginDB,Fail,18.0,,2.0,5.0,,0.12200000000000003,
WizardCoder-15B-V1.0,C,VectorUtilError.py,VectorUtil,Error,19.0,20.0,1.0,5.0,4.0,0.12200000000000003,0.0
WizardCoder-15B-V1.0,C,VendingMachineFail.py,VendingMachine,Fail,35.0,,12.0,12.0,,0.12200000000000003,
WizardCoder-15B-V1.0,C,WarehouseError.py,Warehouse,Error,36.0,,12.0,13.0,,0.12200000000000003,
WizardCoder-15B-V1.0,C,WeatherSystemError.py,WeatherSystem,Error,20.0,,4.0,6.0,,0.12200000000000003,
WizardCoder-15B-V1.0,C,Words2NumbersError.py,Words2Numbers,Error,41.0,6.0,23.0,15.0,1.0,0.12200000000000003,0.0
WizardCoder-15B-V1.0,C,XMLProcessorFail.py,XMLProcessor,Fail,25.0,,5.0,8.0,,0.12200000000000003,
WizardCoder-15B-V1.0,C,ZipFileProcessorSuccess.py,ZipFileProcessor,Success,34.0,10.0,5.0,6.0,2.0,0.12200000000000003,0.9705882352941176
WizardCoder-15B-V1.0,I,AccessGatewayFilterError.py,AccessGatewayFilter,Error,19.0,5.0,4.0,5.0,1.0,0.054000000000000006,0.0
WizardCoder-15B-V1.0,I,AreaCalculatorError.py,AreaCalculator,Error,7.0,,,2.0,,0.054000000000000006,
WizardCoder-15B-V1.0,I,ArgumentParserError.py,ArgumentParser,Error,35.0,9.0,20.0,12.0,1.0,0.054000000000000006,0.0
WizardCoder-15B-V1.0,I,ArrangementCalculatorError.py,ArrangementCalculator,Error,16.0,10.0,3.0,7.0,2.0,0.054000000000000006,0.0
WizardCoder-15B-V1.0,I,AssessmentSystemSuccess.py,AssessmentSystem,Success,16.0,,5.0,6.0,,0.054000000000000006,
WizardCoder-15B-V1.0,I,AutomaticGuitarSimulatorError.py,AutomaticGuitarSimulator,Error,3.0,,,1.0,,0.054000000000000006,
WizardCoder-15B-V1.0,I,AvgPartitionSuccess.py,AvgPartition,Success,13.0,5.0,1.0,4.0,1.0,0.054000000000000006,0.9615384615384616
WizardCoder-15B-V1.0,I,BalancedBracketsSuccess.py,BalancedBrackets,Success,21.0,,11.0,7.0,,0.054000000000000006,
WizardCoder-15B-V1.0,I,BankAccountError.py,BankAccount,Error,17.0,,3.0,7.0,,0.054000000000000006,
WizardCoder-15B-V1.0,I,BigNumCalculatorError.py,BigNumCalculator,Error,19.0,5.0,7.0,5.0,1.0,0.054000000000000006,0.0
WizardCoder-15B-V1.0,I,BinaryDataProcessorFail.py,BinaryDataProcessor,Fail,19.0,,,5.0,,0.054000000000000006,
WizardCoder-15B-V1.0,I,BitStatusUtilError.py,BitStatusUtil,Error,11.0,10.0,8.0,8.0,2.0,0.054000000000000006,0.0
WizardCoder-15B-V1.0,I,BlackjackGameError.py,BlackjackGame,Error,43.0,,15.0,11.0,,0.054000000000000006,
WizardCoder-15B-V1.0,I,BookManagementDBError.py,BookManagementDB,Error,16.0,,,3.0,,0.054000000000000006,
WizardCoder-15B-V1.0,I,BookManagementError.py,BookManagement,Error,16.0,,7.0,6.0,,0.054000000000000006,
WizardCoder-15B-V1.0,I,BoyerMooreSearchError.py,BoyerMooreSearch,Error,31.0,6.0,14.0,13.0,3.0,0.054000000000000006,0.0
WizardCoder-15B-V1.0,I,CalculatorError.py,Calculator,Error,28.0,,5.0,4.0,,0.054000000000000006,
WizardCoder-15B-V1.0,I,CalendarUtilError.py,CalendarUtil,Error,,,,,,0.054000000000000006,
WizardCoder-15B-V1.0,I,CamelCaseMapError.py,CamelCaseMap,Error,9.0,,,3.0,,0.054000000000000006,
WizardCoder-15B-V1.0,I,ChandrasekharSieveError.py,ChandrasekharSieve,Error,12.0,,6.0,6.0,,0.054000000000000006,
WizardCoder-15B-V1.0,I,ChatError.py,Chat,Error,22.0,,7.0,8.0,,0.054000000000000006,
WizardCoder-15B-V1.0,I,ClassRegistrationSystemError.py,ClassRegistrationSystem,Error,11.0,,2.0,3.0,,0.054000000000000006,
WizardCoder-15B-V1.0,I,ClassroomError.py,Classroom,Error,17.0,,3.0,4.0,,0.054000000000000006,
WizardCoder-15B-V1.0,I,CombinationCalculatorError.py,CombinationCalculator,Error,16.0,10.0,1.0,6.0,2.0,0.054000000000000006,0.0
WizardCoder-15B-V1.0,I,ComplexCalculatorError.py,ComplexCalculator,Error,10.0,15.0,,4.0,3.0,0.054000000000000006,0.0
WizardCoder-15B-V1.0,I,CookiesUtilError.py,CookiesUtil,Error,11.0,,1.0,3.0,,0.054000000000000006,
WizardCoder-15B-V1.0,I,CSVProcessorError.py,CSVProcessor,Error,23.0,17.0,1.0,3.0,4.0,0.054000000000000006,0.0
WizardCoder-15B-V1.0,I,CurrencyConverterError.py,CurrencyConverter,Error,22.0,,2.0,6.0,,0.054000000000000006,
WizardCoder-15B-V1.0,I,DatabaseProcessorError.py,DatabaseProcessor,Error,24.0,,1.0,5.0,,0.054000000000000006,
WizardCoder-15B-V1.0,I,DataStatistics2Error.py,DataStatistics2,Error,8.0,,,3.0,,0.054000000000000006,
WizardCoder-15B-V1.0,I,DataStatistics4Error.py,DataStatistics4,Error,10.0,10.0,,1.0,2.0,0.054000000000000006,0.0
WizardCoder-15B-V1.0,I,DataStatisticsError.py,DataStatistics,Error,7.0,,,1.0,,0.054000000000000006,
WizardCoder-15B-V1.0,I,DecryptionUtilsFail.py,DecryptionUtils,Fail,47.0,,26.0,14.0,,0.054000000000000006,
WizardCoder-15B-V1.0,I,DiscountStrategyError.py,DiscountStrategy,Error,15.0,,2.0,5.0,,0.054000000000000006,
WizardCoder-15B-V1.0,I,DocFileHandlerError.py,DocFileHandler,Error,31.0,,4.0,8.0,,0.054000000000000006,
WizardCoder-15B-V1.0,I,EightPuzzleError.py,EightPuzzle,Error,48.0,25.0,30.0,20.0,5.0,0.054000000000000006,0.0
WizardCoder-15B-V1.0,I,EmailClientError.py,EmailClient,Error,30.0,,9.0,11.0,,0.054000000000000006,
WizardCoder-15B-V1.0,I,EncryptionUtilsError.py,EncryptionUtils,Error,31.0,,20.0,10.0,,0.054000000000000006,
WizardCoder-15B-V1.0,I,ExcelProcessorError.py,ExcelProcessor,Error,24.0,7.0,3.0,7.0,2.0,0.054000000000000006,0.0
WizardCoder-15B-V1.0,I,ExpressionCalculatorError.py,ExpressionCalculator,Error,43.0,5.0,19.0,14.0,1.0,0.054000000000000006,0.0
WizardCoder-15B-V1.0,I,FitnessTrackerError.py,FitnessTracker,Error,26.0,2.0,10.0,5.0,1.0,0.054000000000000006,0.0
WizardCoder-15B-V1.0,I,GomokuGameError.py,GomokuGame,Error,16.0,,5.0,8.0,,0.054000000000000006,
WizardCoder-15B-V1.0,I,HotelSuccess.py,Hotel,Success,38.0,,12.0,14.0,,0.054000000000000006,
WizardCoder-15B-V1.0,I,HRManagementSystemError.py,HRManagementSystem,Error,14.0,,4.0,5.0,,0.054000000000000006,
WizardCoder-15B-V1.0,I,HtmlUtilError.py,HtmlUtil,Error,18.0,2.0,,2.0,1.0,0.054000000000000006,0.0
WizardCoder-15B-V1.0,I,ImageProcessorError.py,ImageProcessor,Error,12.0,,2.0,6.0,,0.054000000000000006,
WizardCoder-15B-V1.0,I,InterpolationError.py,Interpolation,Error,12.0,5.0,3.0,4.0,1.0,0.054000000000000006,0.0
WizardCoder-15B-V1.0,I,IPAddressError.py,IPAddress,Error,18.0,,9.0,9.0,,0.054000000000000006,
WizardCoder-15B-V1.0,I,IpUtilError.py,IpUtil,Error,8.0,5.0,1.0,1.0,1.0,0.054000000000000006,0.0
WizardCoder-15B-V1.0,I,JobMarketplaceError.py,JobMarketplace,Error,12.0,,3.0,5.0,,0.054000000000000006,
WizardCoder-15B-V1.0,I,JSONProcessorError.py,JSONProcessor,Error,13.0,,2.0,2.0,,0.054000000000000006,
WizardCoder-15B-V1.0,I,KappaCalculatorError.py,KappaCalculator,Error,9.0,14.0,,1.0,4.0,0.054000000000000006,0.0
WizardCoder-15B-V1.0,I,LemmatizationError.py,Lemmatization,Error,19.0,,,3.0,,0.054000000000000006,
WizardCoder-15B-V1.0,I,LongestWordError.py,LongestWord,Error,7.0,,,2.0,,0.054000000000000006,
WizardCoder-15B-V1.0,I,MahjongConnectError.py,MahjongConnect,Error,33.0,4.0,15.0,18.0,2.0,0.054000000000000006,0.0
WizardCoder-15B-V1.0,I,ManacherFail.py,Manacher,Fail,34.0,,9.0,8.0,,0.054000000000000006,
WizardCoder-15B-V1.0,I,MetricsCalculator2Error.py,MetricsCalculator2,Error,22.0,5.0,8.0,5.0,1.0,0.054000000000000006,0.0
WizardCoder-15B-V1.0,I,MetricsCalculatorError.py,MetricsCalculator,Error,20.0,,9.0,8.0,,0.054000000000000006,
WizardCoder-15B-V1.0,I,MinesweeperGameError.py,MinesweeperGame,Error,34.0,15.0,20.0,14.0,3.0,0.054000000000000006,0.0
WizardCoder-15B-V1.0,I,MovieBookingSystemPartialSuccess.py,MovieBookingSystem,PartialSuccess,29.0,,15.0,11.0,,0.054000000000000006,
WizardCoder-15B-V1.0,I,MovieTicketDBSuccess.py,MovieTicketDB,Success,29.0,,,5.0,,0.054000000000000006,
WizardCoder-15B-V1.0,I,MusicPlayerSuccess.py,MusicPlayer,Success,18.0,,2.0,6.0,,0.054000000000000006,
WizardCoder-15B-V1.0,I,NLPDataProcessor2Error.py,NLPDataProcessor2,Error,12.0,,1.0,2.0,,0.054000000000000006,
WizardCoder-15B-V1.0,I,NLPDataProcessorError.py,NLPDataProcessor,Error,9.0,,6.0,4.0,,0.054000000000000006,
WizardCoder-15B-V1.0,I,NumberConverterError.py,NumberConverter,Error,31.0,20.0,6.0,10.0,4.0,0.054000000000000006,0.0
WizardCoder-15B-V1.0,I,NumberWordFormatterError.py,NumberWordFormatter,Error,65.0,,22.0,13.0,,0.054000000000000006,
WizardCoder-15B-V1.0,I,NumericEntityUnescaperError.py,NumericEntityUnescaper,Error,6.0,5.0,,2.0,1.0,0.054000000000000006,0.0
WizardCoder-15B-V1.0,I,OrderError.py,Order,Error,23.0,,13.0,8.0,,0.054000000000000006,
WizardCoder-15B-V1.0,I,PageUtilError.py,PageUtil,Error,10.0,,,2.0,,0.054000000000000006,
WizardCoder-15B-V1.0,I,PDFHandlerError.py,PDFHandler,Error,15.0,,3.0,4.0,,0.054000000000000006,
WizardCoder-15B-V1.0,I,PersonRequestError.py,PersonRequest,Error,13.0,14.0,3.0,6.0,4.0,0.054000000000000006,0.0
WizardCoder-15B-V1.0,I,PushBoxGamePartialSuccess.py,PushBoxGame,PartialSuccess,58.0,12.0,33.0,21.0,1.0,0.054000000000000006,0.0
WizardCoder-15B-V1.0,I,RegexUtilsError.py,RegexUtils,Error,11.0,,,4.0,,0.054000000000000006,
WizardCoder-15B-V1.0,I,RPGCharacterError.py,RPGCharacter,Error,19.0,,4.0,6.0,,0.054000000000000006,
WizardCoder-15B-V1.0,I,ServerError.py,Server,Error,19.0,,4.0,6.0,,0.054000000000000006,
WizardCoder-15B-V1.0,I,ShoppingCartError.py,ShoppingCart,Error,11.0,,2.0,4.0,,0.054000000000000006,
WizardCoder-15B-V1.0,I,SignInSystemError.py,SignInSystem,Error,20.0,,7.0,8.0,,0.054000000000000006,
WizardCoder-15B-V1.0,I,SnakeError.py,Snake,Error,30.0,6.0,7.0,8.0,3.0,0.054000000000000006,0.0
WizardCoder-15B-V1.0,I,SplitSentenceError.py,SplitSentence,Error,,,,,,0.054000000000000006,
WizardCoder-15B-V1.0,I,SQLGeneratorError.py,SQLGenerator,Error,6.0,,,2.0,,0.054000000000000006,
WizardCoder-15B-V1.0,I,SQLQueryBuilderError.py,SQLQueryBuilder,Error,9.0,5.0,3.0,3.0,1.0,0.054000000000000006,0.0
WizardCoder-15B-V1.0,I,Statistics3Error.py,Statistics3,Error,8.0,5.0,2.0,2.0,1.0,0.054000000000000006,0.0
WizardCoder-15B-V1.0,I,StockPortfolioTrackerError.py,StockPortfolioTracker,Error,21.0,,3.0,7.0,,0.054000000000000006,
WizardCoder-15B-V1.0,I,StudentDatabaseProcessorError.py,StudentDatabaseProcessor,Error,18.0,,,3.0,,0.054000000000000006,
WizardCoder-15B-V1.0,I,TextFileProcessorError.py,TextFileProcessor,Error,18.0,,,4.0,,0.054000000000000006,
WizardCoder-15B-V1.0,I,ThermostatError.py,Thermostat,Error,33.0,5.0,11.0,11.0,1.0,0.054000000000000006,0.0
WizardCoder-15B-V1.0,I,TicTacToeFail.py,TicTacToe,Fail,29.0,2.0,12.0,13.0,1.0,0.054000000000000006,0.0
WizardCoder-15B-V1.0,I,TimeUtilsError.py,TimeUtils,Error,16.0,,,4.0,,0.054000000000000006,
WizardCoder-15B-V1.0,I,TriCalculatorError.py,TriCalculator,Error,25.0,5.0,5.0,7.0,1.0,0.054000000000000006,0.0
WizardCoder-15B-V1.0,I,TwentyFourPointGamePartialSuccess.py,TwentyFourPointGame,PartialSuccess,21.0,10.0,2.0,5.0,2.0,0.054000000000000006,0.0
WizardCoder-15B-V1.0,I,URLHandlerError.py,URLHandler,Error,13.0,,,4.0,,0.054000000000000006,
WizardCoder-15B-V1.0,I,UrlPathError.py,UrlPath,Error,16.0,5.0,2.0,6.0,1.0,0.054000000000000006,0.0
WizardCoder-15B-V1.0,I,UserLoginDBFail.py,UserLoginDB,Fail,21.0,,2.0,6.0,,0.054000000000000006,
WizardCoder-15B-V1.0,I,VectorUtilError.py,VectorUtil,Error,18.0,20.0,2.0,6.0,4.0,0.054000000000000006,0.0
WizardCoder-15B-V1.0,I,VendingMachineFail.py,VendingMachine,Fail,37.0,,11.0,11.0,,0.054000000000000006,
WizardCoder-15B-V1.0,I,WarehouseError.py,Warehouse,Error,32.0,,14.0,10.0,,0.054000000000000006,
WizardCoder-15B-V1.0,I,WeatherSystemError.py,WeatherSystem,Error,18.0,,4.0,5.0,,0.054000000000000006,
WizardCoder-15B-V1.0,I,Words2NumbersError.py,Words2Numbers,Error,36.0,26.0,20.0,12.0,2.0,0.054000000000000006,0.0
WizardCoder-15B-V1.0,I,XMLProcessorError.py,XMLProcessor,Error,17.0,,1.0,4.0,,0.054000000000000006,
WizardCoder-15B-V1.0,I,ZipFileProcessorError.py,ZipFileProcessor,Error,32.0,5.0,5.0,6.0,1.0,0.054000000000000006,0.0
