model,strategy,file,base_task,status,ncloc,sqale_index,cognitive_complexity,complexity,code_smells,pass_val,fqs
ChatGLM,H,AccessGatewayFilterFail.py,AccessGatewayFilter,Fail,19.0,0.0,3.0,7.0,0.0,0.0,0.0
ChatGLM,H,AreaCalculatorFail.py,AreaCalculator,Fail,14.0,0.0,,6.0,0.0,0.0,0.0
ChatGLM,H,ArgumentParserFail.py,ArgumentParser,Fail,13.0,0.0,3.0,7.0,0.0,0.0,0.0
ChatGLM,H,ArrangementCalculatorFail.py,ArrangementCalculator,Fail,14.0,0.0,,7.0,0.0,0.0,0.0
ChatGLM,H,AssessmentSystemFail.py,AssessmentSystem,Fail,0.0,0.0,,0.0,0.0,0.0,0.0
ChatGLM,H,AutomaticGuitarSimulatorFail.py,AutomaticGuitarSimulator,Fail,0.0,0.0,,0.0,0.0,0.0,0.0
ChatGLM,H,AvgPartitionFail.py,AvgPartition,Fail,16.0,15.0,1.0,4.0,3.0,0.0,0.0
ChatGLM,H,BalancedBracketsFail.py,BalancedBrackets,Fail,19.0,0.0,9.0,10.0,0.0,0.0,0.0
ChatGLM,H,BankAccountFail.py,BankAccount,Fail,23.0,0.0,5.0,8.0,0.0,0.0,0.0
ChatGLM,H,BigNumCalculatorFail.py,BigNumCalculator,Fail,10.0,10.0,,5.0,2.0,0.0,0.0
ChatGLM,H,BinaryDataProcessorFail.py,BinaryDataProcessor,Fail,8.0,0.0,,5.0,0.0,0.0,0.0
ChatGLM,H,BitStatusUtilFail.py,BitStatusUtil,Fail,0.0,0.0,,0.0,0.0,0.0,0.0
ChatGLM,H,BlackjackGameFail.py,BlackjackGame,Fail,0.0,0.0,,0.0,0.0,0.0,0.0
ChatGLM,H,BookManagementDBFail.py,BookManagementDB,Fail,29.0,30.0,3.0,11.0,6.0,0.0,0.0
ChatGLM,H,BookManagementFail.py,BookManagement,Fail,16.0,0.0,3.0,8.0,0.0,0.0,0.0
ChatGLM,H,BoyerMooreSearchFail.py,BoyerMooreSearch,Fail,0.0,0.0,,0.0,0.0,0.0,0.0
ChatGLM,H,CalculatorFail.py,Calculator,Fail,24.0,0.0,5.0,5.0,0.0,0.0,0.0
ChatGLM,H,CalendarUtilFail.py,CalendarUtil,Fail,9.0,0.0,,4.0,0.0,0.0,0.0
ChatGLM,H,CamelCaseMapFail.py,CamelCaseMap,Fail,18.0,0.0,,8.0,0.0,0.0,0.0
ChatGLM,H,ChandrasekharSieveFail.py,ChandrasekharSieve,Fail,15.0,0.0,3.0,5.0,0.0,0.0,0.0
ChatGLM,H,ChatFail.py,Chat,Fail,8.0,0.0,,5.0,0.0,0.0,0.0
ChatGLM,H,ClassRegistrationSystemFail.py,ClassRegistrationSystem,Fail,0.0,0.0,,0.0,0.0,0.0,0.0
ChatGLM,H,ClassroomFail.py,Classroom,Fail,24.0,0.0,12.0,13.0,0.0,0.0,0.0
ChatGLM,H,CombinationCalculatorFail.py,CombinationCalculator,Fail,12.0,6.0,,6.0,3.0,0.0,0.0
ChatGLM,H,ComplexCalculatorFail.py,ComplexCalculator,Fail,0.0,0.0,,0.0,0.0,0.0,0.0
ChatGLM,H,CookiesUtilFail.py,CookiesUtil,Fail,26.0,5.0,5.0,7.0,1.0,0.0,0.0
ChatGLM,H,CSVProcessorFail.py,CSVProcessor,Fail,102.0,2.0,,4.0,1.0,0.0,0.0
ChatGLM,H,CurrencyConverterFail.py,CurrencyConverter,Fail,15.0,0.0,,5.0,0.0,0.0,0.0
ChatGLM,H,DatabaseProcessorFail.py,DatabaseProcessor,Fail,26.0,1.0,7.0,10.0,1.0,0.0,0.0
ChatGLM,H,DataStatistics2Fail.py,DataStatistics2,Fail,0.0,0.0,,0.0,0.0,0.0,0.0
ChatGLM,H,DataStatistics4Fail.py,DataStatistics4,Fail,0.0,0.0,,0.0,0.0,0.0,0.0
ChatGLM,H,DataStatisticsFail.py,DataStatistics,Fail,11.0,0.0,,3.0,0.0,0.0,0.0
ChatGLM,H,DecryptionUtilsFail.py,DecryptionUtils,Fail,19.0,0.0,,4.0,0.0,0.0,0.0
ChatGLM,H,DiscountStrategyFail.py,DiscountStrategy,Fail,32.0,15.0,2.0,10.0,3.0,0.0,0.0
ChatGLM,H,DocFileHandlerFail.py,DocFileHandler,Fail,60.0,0.0,19.0,25.0,0.0,0.0,0.0
ChatGLM,H,EightPuzzleFail.py,EightPuzzle,Fail,27.0,0.0,5.0,8.0,0.0,0.0,0.0
ChatGLM,H,EmailClientFail.py,EmailClient,Fail,0.0,0.0,,0.0,0.0,0.0,0.0
ChatGLM,H,EncryptionUtilsFail.py,EncryptionUtils,Fail,23.0,0.0,5.0,10.0,0.0,0.0,0.0
ChatGLM,H,ExcelProcessorFail.py,ExcelProcessor,Fail,21.0,7.0,4.0,7.0,2.0,0.0,0.0
ChatGLM,H,ExpressionCalculatorFail.py,ExpressionCalculator,Fail,21.0,0.0,,8.0,0.0,0.0,0.0
ChatGLM,H,FitnessTrackerFail.py,FitnessTracker,Fail,16.0,7.0,,4.0,2.0,0.0,0.0
ChatGLM,H,GomokuGameFail.py,GomokuGame,Fail,0.0,0.0,,0.0,0.0,0.0,0.0
ChatGLM,H,HotelSuccess.py,Hotel,Success,0.0,0.0,,0.0,0.0,1.0,1.0
ChatGLM,H,HRManagementSystemFail.py,HRManagementSystem,Fail,0.0,0.0,,0.0,0.0,0.0,0.0
ChatGLM,H,HtmlUtilFail.py,HtmlUtil,Fail,30.0,2.0,4.0,8.0,1.0,0.0,0.0
ChatGLM,H,ImageProcessorFail.py,ImageProcessor,Fail,21.0,10.0,,6.0,2.0,0.0,0.0
ChatGLM,H,InterpolationFail.py,Interpolation,Fail,0.0,0.0,,0.0,0.0,0.0,0.0
ChatGLM,H,IPAddressFail.py,IPAddress,Fail,9.0,0.0,1.0,5.0,0.0,0.0,0.0
ChatGLM,H,IpUtilFail.py,IpUtil,Fail,12.0,0.0,,3.0,0.0,0.0,0.0
ChatGLM,H,JobMarketplaceFail.py,JobMarketplace,Fail,0.0,0.0,,0.0,0.0,0.0,0.0
ChatGLM,H,JSONProcessorFail.py,JSONProcessor,Fail,18.0,0.0,4.0,5.0,0.0,0.0,0.0
ChatGLM,H,KappaCalculatorFail.py,KappaCalculator,Fail,0.0,0.0,,0.0,0.0,0.0,0.0
ChatGLM,H,LemmatizationFail.py,Lemmatization,Fail,16.0,0.0,1.0,5.0,0.0,0.0,0.0
ChatGLM,H,LongestWordFail.py,LongestWord,Fail,11.0,0.0,,3.0,0.0,0.0,0.0
ChatGLM,H,MahjongConnectFail.py,MahjongConnect,Fail,0.0,0.0,,0.0,0.0,0.0,0.0
ChatGLM,H,ManacherFail.py,Manacher,Fail,15.0,0.0,4.0,5.0,0.0,0.0,0.0
ChatGLM,H,MetricsCalculator2Fail.py,MetricsCalculator2,Fail,8.0,5.0,,3.0,1.0,0.0,0.0
ChatGLM,H,MetricsCalculatorFail.py,MetricsCalculator,Fail,11.0,0.0,,6.0,0.0,0.0,0.0
ChatGLM,H,MinesweeperGameFail.py,MinesweeperGame,Fail,9.0,0.0,,2.0,0.0,0.0,0.0
ChatGLM,H,MovieBookingSystemFail.py,MovieBookingSystem,Fail,29.0,0.0,10.0,12.0,0.0,0.0,0.0
ChatGLM,H,MovieTicketDBFail.py,MovieTicketDB,Fail,21.0,0.0,,6.0,0.0,0.0,0.0
ChatGLM,H,MusicPlayerSuccess.py,MusicPlayer,Success,13.0,0.0,,9.0,0.0,1.0,1.0
ChatGLM,H,NLPDataProcessor2Fail.py,NLPDataProcessor2,Fail,0.0,0.0,,0.0,0.0,0.0,0.0
ChatGLM,H,NLPDataProcessorFail.py,NLPDataProcessor,Fail,11.0,0.0,,3.0,0.0,0.0,0.0
ChatGLM,H,NumberConverterFail.py,NumberConverter,Fail,0.0,0.0,,0.0,0.0,0.0,0.0
ChatGLM,H,NumberWordFormatterFail.py,NumberWordFormatter,Fail,42.0,0.0,11.0,8.0,0.0,0.0,0.0
ChatGLM,H,NumericEntityUnescaperFail.py,NumericEntityUnescaper,Fail,8.0,5.0,,3.0,1.0,0.0,0.0
ChatGLM,H,OrderFail.py,Order,Fail,38.0,0.0,8.0,15.0,0.0,0.0,0.0
ChatGLM,H,PageUtilFail.py,PageUtil,Fail,20.0,0.0,,4.0,0.0,0.0,0.0
ChatGLM,H,PDFHandlerFail.py,PDFHandler,Fail,0.0,0.0,,0.0,0.0,0.0,0.0
ChatGLM,H,PersonRequestFail.py,PersonRequest,Fail,17.0,23.0,4.0,8.0,7.0,0.0,0.0
ChatGLM,H,PushBoxGameFail.py,PushBoxGame,Fail,18.0,0.0,,5.0,0.0,0.0,0.0
ChatGLM,H,RegexUtilsFail.py,RegexUtils,Fail,0.0,0.0,,0.0,0.0,0.0,0.0
ChatGLM,H,RPGCharacterFail.py,RPGCharacter,Fail,33.0,10.0,5.0,11.0,1.0,0.0,0.0
ChatGLM,H,ServerFail.py,Server,Fail,10.0,0.0,,6.0,0.0,0.0,0.0
ChatGLM,H,ShoppingCartFail.py,ShoppingCart,Fail,14.0,0.0,2.0,6.0,0.0,0.0,0.0
ChatGLM,H,SignInSystemFail.py,SignInSystem,Fail,21.0,0.0,3.0,9.0,0.0,0.0,0.0
ChatGLM,H,SnakeFail.py,Snake,Fail,14.0,6.0,,5.0,3.0,0.0,0.0
ChatGLM,H,SplitSentenceFail.py,SplitSentence,Fail,0.0,0.0,,0.0,0.0,0.0,0.0
ChatGLM,H,SQLGeneratorFail.py,SQLGenerator,Fail,9.0,0.0,,7.0,0.0,0.0,0.0
ChatGLM,H,SQLQueryBuilderFail.py,SQLQueryBuilder,Fail,0.0,0.0,,0.0,0.0,0.0,0.0
ChatGLM,H,Statistics3Fail.py,Statistics3,Fail,10.0,30.0,,7.0,6.0,0.0,0.0
ChatGLM,H,StockPortfolioTrackerFail.py,StockPortfolioTracker,Fail,0.0,0.0,,0.0,0.0,0.0,0.0
ChatGLM,H,StudentDatabaseProcessorFail.py,StudentDatabaseProcessor,Fail,21.0,0.0,,5.0,0.0,0.0,0.0
ChatGLM,H,TextFileProcessorFail.py,TextFileProcessor,Fail,12.0,0.0,,5.0,0.0,0.0,0.0
ChatGLM,H,ThermostatFail.py,Thermostat,Fail,33.0,0.0,14.0,15.0,0.0,0.0,0.0
ChatGLM,H,TicTacToeFail.py,TicTacToe,Fail,0.0,0.0,,0.0,0.0,0.0,0.0
ChatGLM,H,TimeUtilsFail.py,TimeUtils,Fail,19.0,0.0,,8.0,0.0,0.0,0.0
ChatGLM,H,TriCalculatorFail.py,TriCalculator,Fail,0.0,0.0,,0.0,0.0,0.0,0.0
ChatGLM,H,TwentyFourPointGameFail.py,TwentyFourPointGame,Fail,16.0,5.0,,7.0,1.0,0.0,0.0
ChatGLM,H,URLHandlerFail.py,URLHandler,Fail,20.0,0.0,,6.0,0.0,0.0,0.0
ChatGLM,H,UrlPathFail.py,UrlPath,Fail,0.0,0.0,,0.0,0.0,0.0,0.0
ChatGLM,H,UserLoginDBFail.py,UserLoginDB,Fail,18.0,0.0,,5.0,0.0,0.0,0.0
ChatGLM,H,VectorUtilFail.py,VectorUtil,Fail,12.0,0.0,,4.0,0.0,0.0,0.0
ChatGLM,H,VendingMachineFail.py,VendingMachine,Fail,23.0,0.0,6.0,9.0,0.0,0.0,0.0
ChatGLM,H,WarehouseFail.py,Warehouse,Fail,0.0,0.0,,0.0,0.0,0.0,0.0
ChatGLM,H,WeatherSystemFail.py,WeatherSystem,Fail,16.0,0.0,,8.0,0.0,0.0,0.0
ChatGLM,H,Words2NumbersFail.py,Words2Numbers,Fail,38.0,0.0,11.0,9.0,0.0,0.0,0.0
ChatGLM,H,XMLProcessorFail.py,XMLProcessor,Fail,13.0,10.0,,5.0,2.0,0.0,0.0
ChatGLM,H,ZipFileProcessorFail.py,ZipFileProcessor,Fail,12.0,20.0,,5.0,4.0,0.0,0.0
ChatGLM,C,AccessGatewayFilterFail.py,AccessGatewayFilter,Fail,10.0,5.0,3.0,6.0,1.0,0.0,0.0
ChatGLM,C,AreaCalculatorFail.py,AreaCalculator,Fail,13.0,15.0,,4.0,1.0,0.0,0.0
ChatGLM,C,ArgumentParserFail.py,ArgumentParser,Fail,33.0,5.0,13.0,11.0,1.0,0.0,0.0
ChatGLM,C,ArrangementCalculatorFail.py,ArrangementCalculator,Fail,21.0,0.0,8.0,7.0,0.0,0.0,0.0
ChatGLM,C,AssessmentSystemFail.py,AssessmentSystem,Fail,0.0,0.0,,0.0,0.0,0.0,0.0
ChatGLM,C,AutomaticGuitarSimulatorFail.py,AutomaticGuitarSimulator,Fail,16.0,16.0,2.0,3.0,1.0,0.0,0.0
ChatGLM,C,AvgPartitionFail.py,AvgPartition,Fail,14.0,5.0,,3.0,1.0,0.0,0.0
ChatGLM,C,BalancedBracketsFail.py,BalancedBrackets,Fail,8.0,0.0,,2.0,0.0,0.0,0.0
ChatGLM,C,BankAccountFail.py,BankAccount,Fail,23.0,0.0,5.0,8.0,0.0,0.0,0.0
ChatGLM,C,BigNumCalculatorFail.py,BigNumCalculator,Fail,5.0,10.0,,2.0,2.0,0.0,0.0
ChatGLM,C,BinaryDataProcessorFail.py,BinaryDataProcessor,Fail,29.0,0.0,6.0,9.0,0.0,0.0,0.0
ChatGLM,C,BitStatusUtilFail.py,BitStatusUtil,Fail,25.0,58.0,10.0,11.0,8.0,0.0,0.0
ChatGLM,C,BlackjackGameFail.py,BlackjackGame,Fail,0.0,0.0,,0.0,0.0,0.0,0.0
ChatGLM,C,BookManagementDBFail.py,BookManagementDB,Fail,37.0,0.0,2.0,8.0,0.0,0.0,0.0
ChatGLM,C,BookManagementFail.py,BookManagement,Fail,13.0,0.0,6.0,8.0,0.0,0.0,0.0
ChatGLM,C,BoyerMooreSearchFail.py,BoyerMooreSearch,Fail,0.0,0.0,,0.0,0.0,0.0,0.0
ChatGLM,C,CalculatorFail.py,Calculator,Fail,0.0,0.0,,0.0,0.0,0.0,0.0
ChatGLM,C,CalendarUtilFail.py,CalendarUtil,Fail,0.0,0.0,,0.0,0.0,0.0,0.0
ChatGLM,C,CamelCaseMapFail.py,CamelCaseMap,Fail,13.0,0.0,1.0,7.0,0.0,0.0,0.0
ChatGLM,C,ChandrasekharSieveFail.py,ChandrasekharSieve,Fail,4.0,0.0,,1.0,0.0,0.0,0.0
ChatGLM,C,ChatFail.py,Chat,Fail,31.0,5.0,7.0,10.0,1.0,0.0,0.0
ChatGLM,C,ClassRegistrationSystemFail.py,ClassRegistrationSystem,Fail,26.0,5.0,5.0,10.0,1.0,0.0,0.0
ChatGLM,C,ClassroomFail.py,Classroom,Fail,0.0,0.0,,0.0,0.0,0.0,0.0
ChatGLM,C,CombinationCalculatorFail.py,CombinationCalculator,Fail,36.0,16.0,10.0,14.0,5.0,0.0,0.0
ChatGLM,C,ComplexCalculatorFail.py,ComplexCalculator,Fail,0.0,0.0,,0.0,0.0,0.0,0.0
ChatGLM,C,CookiesUtilFail.py,CookiesUtil,Fail,21.0,0.0,2.0,6.0,0.0,0.0,0.0
ChatGLM,C,CSVProcessorFail.py,CSVProcessor,Fail,34.0,7.0,6.0,10.0,2.0,0.0,0.0
ChatGLM,C,CurrencyConverterFail.py,CurrencyConverter,Fail,32.0,0.0,6.0,9.0,0.0,0.0,0.0
ChatGLM,C,DatabaseProcessorFail.py,DatabaseProcessor,Fail,18.0,0.0,2.0,6.0,0.0,0.0,0.0
ChatGLM,C,DataStatistics2Fail.py,DataStatistics2,Fail,15.0,10.0,,6.0,2.0,0.0,0.0
ChatGLM,C,DataStatistics4Fail.py,DataStatistics4,Fail,0.0,0.0,,0.0,0.0,0.0,0.0
ChatGLM,C,DataStatisticsFail.py,DataStatistics,Fail,12.0,0.0,2.0,5.0,0.0,0.0,0.0
ChatGLM,C,DecryptionUtilsFail.py,DecryptionUtils,Fail,11.0,10.0,1.0,5.0,2.0,0.0,0.0
ChatGLM,C,DiscountStrategyFail.py,DiscountStrategy,Fail,31.0,30.0,8.0,10.0,6.0,0.0,0.0
ChatGLM,C,DocFileHandlerFail.py,DocFileHandler,Fail,49.0,10.0,11.0,13.0,2.0,0.0,0.0
ChatGLM,C,EightPuzzleFail.py,EightPuzzle,Fail,45.0,0.0,22.0,11.0,0.0,0.0,0.0
ChatGLM,C,EmailClientFail.py,EmailClient,Fail,38.0,0.0,9.0,12.0,0.0,0.0,0.0
ChatGLM,C,EncryptionUtilsFail.py,EncryptionUtils,Fail,13.0,5.0,4.0,4.0,1.0,0.0,0.0
ChatGLM,C,ExcelProcessorFail.py,ExcelProcessor,Fail,23.0,12.0,6.0,7.0,3.0,0.0,0.0
ChatGLM,C,ExpressionCalculatorFail.py,ExpressionCalculator,Fail,0.0,0.0,,0.0,0.0,0.0,0.0
ChatGLM,C,FitnessTrackerFail.py,FitnessTracker,Fail,20.0,7.0,5.0,6.0,2.0,0.0,0.0
ChatGLM,C,GomokuGameFail.py,GomokuGame,Fail,15.0,0.0,10.0,8.0,0.0,0.0,0.0
ChatGLM,C,HotelSuccess.py,Hotel,Success,50.0,18.0,39.0,18.0,1.0,1.0,0.964
ChatGLM,C,HRManagementSystemFail.py,HRManagementSystem,Fail,0.0,0.0,,0.0,0.0,0.0,0.0
ChatGLM,C,HtmlUtilFail.py,HtmlUtil,Fail,38.0,2.0,9.0,7.0,1.0,0.0,0.0
ChatGLM,C,ImageProcessorFail.py,ImageProcessor,Fail,46.0,0.0,8.0,11.0,0.0,0.0,0.0
ChatGLM,C,InterpolationFail.py,Interpolation,Fail,0.0,0.0,,0.0,0.0,0.0,0.0
ChatGLM,C,IPAddressFail.py,IPAddress,Fail,15.0,5.0,5.0,7.0,1.0,0.0,0.0
ChatGLM,C,IpUtilFail.py,IpUtil,Fail,18.0,25.0,4.0,3.0,5.0,0.0,0.0
ChatGLM,C,JobMarketplaceFail.py,JobMarketplace,Fail,36.0,0.0,8.0,13.0,0.0,0.0,0.0
ChatGLM,C,JSONProcessorFail.py,JSONProcessor,Fail,26.0,0.0,7.0,5.0,0.0,0.0,0.0
ChatGLM,C,KappaCalculatorFail.py,KappaCalculator,Fail,0.0,0.0,,0.0,0.0,0.0,0.0
ChatGLM,C,LemmatizationFail.py,Lemmatization,Fail,34.0,0.0,3.0,7.0,0.0,0.0,0.0
ChatGLM,C,LongestWordFail.py,LongestWord,Fail,25.0,5.0,17.0,11.0,1.0,0.0,0.0
ChatGLM,C,MahjongConnectFail.py,MahjongConnect,Fail,32.0,24.0,18.0,17.0,5.0,0.0,0.0
ChatGLM,C,ManacherFail.py,Manacher,Fail,12.0,0.0,4.0,4.0,0.0,0.0,0.0
ChatGLM,C,MetricsCalculator2Fail.py,MetricsCalculator2,Fail,31.0,10.0,15.0,9.0,2.0,0.0,0.0
ChatGLM,C,MetricsCalculatorFail.py,MetricsCalculator,Fail,42.0,5.0,10.0,14.0,1.0,0.0,0.0
ChatGLM,C,MinesweeperGameFail.py,MinesweeperGame,Fail,41.0,30.0,20.0,19.0,6.0,0.0,0.0
ChatGLM,C,MovieBookingSystemFail.py,MovieBookingSystem,Fail,17.0,0.0,6.0,7.0,0.0,0.0,0.0
ChatGLM,C,MovieTicketDBFail.py,MovieTicketDB,Fail,34.0,0.0,3.0,7.0,0.0,0.0,0.0
ChatGLM,C,MusicPlayerFail.py,MusicPlayer,Fail,0.0,0.0,,0.0,0.0,0.0,0.0
ChatGLM,C,NLPDataProcessor2Fail.py,NLPDataProcessor2,Fail,16.0,0.0,1.0,3.0,0.0,0.0,0.0
ChatGLM,C,NLPDataProcessorFail.py,NLPDataProcessor,Fail,15.0,0.0,3.0,7.0,0.0,0.0,0.0
ChatGLM,C,NumberConverterFail.py,NumberConverter,Fail,14.0,25.0,2.0,7.0,5.0,0.0,0.0
ChatGLM,C,NumberWordFormatterFail.py,NumberWordFormatter,Fail,77.0,35.0,30.0,21.0,7.0,0.0,0.0
ChatGLM,C,NumericEntityUnescaperFail.py,NumericEntityUnescaper,Fail,0.0,0.0,,0.0,0.0,0.0,0.0
ChatGLM,C,OrderFail.py,Order,Fail,18.0,0.0,6.0,8.0,0.0,0.0,0.0
ChatGLM,C,PageUtilFail.py,PageUtil,Fail,43.0,0.0,7.0,9.0,0.0,0.0,0.0
ChatGLM,C,PDFHandlerFail.py,PDFHandler,Fail,23.0,0.0,7.0,7.0,0.0,0.0,0.0
ChatGLM,C,PersonRequestFail.py,PersonRequest,Fail,20.0,31.0,7.0,10.0,8.0,0.0,0.0
ChatGLM,C,PushBoxGameFail.py,PushBoxGame,Fail,34.0,4.0,13.0,9.0,2.0,0.0,0.0
ChatGLM,C,RegexUtilsFail.py,RegexUtils,Fail,28.0,0.0,5.0,9.0,0.0,0.0,0.0
ChatGLM,C,RPGCharacterFail.py,RPGCharacter,Fail,19.0,0.0,2.0,4.0,0.0,0.0,0.0
ChatGLM,C,ServerFail.py,Server,Fail,33.0,40.0,9.0,13.0,2.0,0.0,0.0
ChatGLM,C,ShoppingCartFail.py,ShoppingCart,Fail,12.0,0.0,2.0,5.0,0.0,0.0,0.0
ChatGLM,C,SignInSystemFail.py,SignInSystem,Fail,15.0,0.0,5.0,6.0,0.0,0.0,0.0
ChatGLM,C,SnakeFail.py,Snake,Fail,41.0,26.0,6.0,8.0,5.0,0.0,0.0
ChatGLM,C,SplitSentenceFail.py,SplitSentence,Fail,0.0,0.0,,0.0,0.0,0.0,0.0
ChatGLM,C,SQLGeneratorFail.py,SQLGenerator,Fail,22.0,0.0,3.0,9.0,0.0,0.0,0.0
ChatGLM,C,SQLQueryBuilderFail.py,SQLQueryBuilder,Fail,9.0,20.0,,4.0,4.0,0.0,0.0
ChatGLM,C,Statistics3Fail.py,Statistics3,Fail,0.0,0.0,,0.0,0.0,0.0,0.0
ChatGLM,C,StockPortfolioTrackerFail.py,StockPortfolioTracker,Fail,40.0,0.0,12.0,13.0,0.0,0.0,0.0
ChatGLM,C,StudentDatabaseProcessorFail.py,StudentDatabaseProcessor,Fail,14.0,0.0,,4.0,0.0,0.0,0.0
ChatGLM,C,TextFileProcessorFail.py,TextFileProcessor,Fail,23.0,0.0,4.0,8.0,0.0,0.0,0.0
ChatGLM,C,ThermostatFail.py,Thermostat,Fail,30.0,0.0,8.0,10.0,0.0,0.0,0.0
ChatGLM,C,TicTacToeFail.py,TicTacToe,Fail,4.0,2.0,,1.0,1.0,0.0,0.0
ChatGLM,C,TimeUtilsFail.py,TimeUtils,Fail,0.0,0.0,,0.0,0.0,0.0,0.0
ChatGLM,C,TriCalculatorFail.py,TriCalculator,Fail,11.0,5.0,,3.0,1.0,0.0,0.0
ChatGLM,C,TwentyFourPointGameFail.py,TwentyFourPointGame,Fail,16.0,0.0,2.0,5.0,0.0,0.0,0.0
ChatGLM,C,URLHandlerFail.py,URLHandler,Fail,18.0,22.0,5.0,8.0,5.0,0.0,0.0
ChatGLM,C,UrlPathFail.py,UrlPath,Fail,13.0,0.0,2.0,5.0,0.0,0.0,0.0
ChatGLM,C,UserLoginDBFail.py,UserLoginDB,Fail,37.0,6.0,6.0,8.0,1.0,0.0,0.0
ChatGLM,C,VectorUtilFail.py,VectorUtil,Fail,13.0,15.0,1.0,4.0,3.0,0.0,0.0
ChatGLM,C,VendingMachineFail.py,VendingMachine,Fail,19.0,0.0,4.0,6.0,0.0,0.0,0.0
ChatGLM,C,WarehouseFail.py,Warehouse,Fail,41.0,0.0,11.0,14.0,0.0,0.0,0.0
ChatGLM,C,WeatherSystemFail.py,WeatherSystem,Fail,15.0,0.0,1.0,5.0,0.0,0.0,0.0
ChatGLM,C,Words2NumbersFail.py,Words2Numbers,Fail,24.0,0.0,6.0,7.0,0.0,0.0,0.0
ChatGLM,C,XMLProcessorFail.py,XMLProcessor,Fail,17.0,5.0,2.0,6.0,1.0,0.0,0.0
ChatGLM,C,ZipFileProcessorFail.py,ZipFileProcessor,Fail,24.0,10.0,3.0,5.0,2.0,0.0,0.0
ChatGLM,I,AccessGatewayFilterFail.py,AccessGatewayFilter,Fail,19.0,5.0,7.0,10.0,1.0,0.0,0.0
ChatGLM,I,AreaCalculatorFail.py,AreaCalculator,Fail,15.0,0.0,1.0,5.0,0.0,0.0,0.0
ChatGLM,I,ArgumentParserFail.py,ArgumentParser,Fail,28.0,0.0,7.0,9.0,0.0,0.0,0.0
ChatGLM,I,ArrangementCalculatorFail.py,ArrangementCalculator,Fail,10.0,0.0,1.0,3.0,0.0,0.0,0.0
ChatGLM,I,AssessmentSystemFail.py,AssessmentSystem,Fail,0.0,0.0,,0.0,0.0,0.0,0.0
ChatGLM,I,AutomaticGuitarSimulatorFail.py,AutomaticGuitarSimulator,Fail,0.0,0.0,,0.0,0.0,0.0,0.0
ChatGLM,I,AvgPartitionFail.py,AvgPartition,Fail,15.0,10.0,,3.0,2.0,0.0,0.0
ChatGLM,I,BalancedBracketsFail.py,BalancedBrackets,Fail,10.0,0.0,4.0,5.0,0.0,0.0,0.0
ChatGLM,I,BankAccountFail.py,BankAccount,Fail,26.0,0.0,6.0,11.0,0.0,0.0,0.0
ChatGLM,I,BigNumCalculatorFail.py,BigNumCalculator,Fail,7.0,45.0,,3.0,9.0,0.0,0.0
ChatGLM,I,BinaryDataProcessorFail.py,BinaryDataProcessor,Fail,15.0,0.0,1.0,7.0,0.0,0.0,0.0
ChatGLM,I,BitStatusUtilFail.py,BitStatusUtil,Fail,35.0,134.0,14.0,10.0,14.0,0.0,0.0
ChatGLM,I,BlackjackGameFail.py,BlackjackGame,Fail,0.0,0.0,,0.0,0.0,0.0,0.0
ChatGLM,I,BookManagementDBFail.py,BookManagementDB,Fail,36.0,5.0,1.0,8.0,1.0,0.0,0.0
ChatGLM,I,BookManagementFail.py,BookManagement,Fail,13.0,0.0,5.0,6.0,0.0,0.0,0.0
ChatGLM,I,BoyerMooreSearchFail.py,BoyerMooreSearch,Fail,4.0,4.0,,1.0,2.0,0.0,0.0
ChatGLM,I,CalculatorFail.py,Calculator,Fail,0.0,0.0,,0.0,0.0,0.0,0.0
ChatGLM,I,CalendarUtilFail.py,CalendarUtil,Fail,0.0,0.0,,0.0,0.0,0.0,0.0
ChatGLM,I,CamelCaseMapFail.py,CamelCaseMap,Fail,0.0,0.0,,0.0,0.0,0.0,0.0
ChatGLM,I,ChandrasekharSieveFail.py,ChandrasekharSieve,Fail,4.0,0.0,,1.0,0.0,0.0,0.0
ChatGLM,I,ChatFail.py,Chat,Fail,26.0,0.0,9.0,11.0,0.0,0.0,0.0
ChatGLM,I,ClassRegistrationSystemFail.py,ClassRegistrationSystem,Fail,39.0,10.0,12.0,12.0,2.0,0.0,0.0
ChatGLM,I,ClassroomFail.py,Classroom,Fail,0.0,0.0,,0.0,0.0,0.0,0.0
ChatGLM,I,CombinationCalculatorFail.py,CombinationCalculator,Fail,18.0,10.0,2.0,6.0,2.0,0.0,0.0
ChatGLM,I,ComplexCalculatorFail.py,ComplexCalculator,Fail,11.0,15.0,,4.0,3.0,0.0,0.0
ChatGLM,I,CookiesUtilFail.py,CookiesUtil,Fail,19.0,0.0,2.0,6.0,0.0,0.0,0.0
ChatGLM,I,CSVProcessorFail.py,CSVProcessor,Fail,34.0,7.0,8.0,9.0,2.0,0.0,0.0
ChatGLM,I,CurrencyConverterFail.py,CurrencyConverter,Fail,28.0,1.0,3.0,8.0,1.0,0.0,0.0
ChatGLM,I,DatabaseProcessorFail.py,DatabaseProcessor,Fail,21.0,0.0,5.0,8.0,0.0,0.0,0.0
ChatGLM,I,DataStatistics2Fail.py,DataStatistics2,Fail,10.0,0.0,,4.0,0.0,0.0,0.0
ChatGLM,I,DataStatistics4Fail.py,DataStatistics4,Fail,0.0,0.0,,0.0,0.0,0.0,0.0
ChatGLM,I,DataStatisticsFail.py,DataStatistics,Fail,10.0,0.0,,2.0,0.0,0.0,0.0
ChatGLM,I,DecryptionUtilsFail.py,DecryptionUtils,Fail,19.0,5.0,1.0,7.0,1.0,0.0,0.0
ChatGLM,I,DiscountStrategyFail.py,DiscountStrategy,Fail,31.0,45.0,14.0,14.0,9.0,0.0,0.0
ChatGLM,I,DocFileHandlerFail.py,DocFileHandler,Fail,31.0,0.0,1.0,7.0,0.0,0.0,0.0
ChatGLM,I,EightPuzzleFail.py,EightPuzzle,Fail,0.0,0.0,,0.0,0.0,0.0,0.0
ChatGLM,I,EmailClientFail.py,EmailClient,Fail,45.0,10.0,12.0,13.0,2.0,0.0,0.0
ChatGLM,I,EncryptionUtilsFail.py,EncryptionUtils,Fail,29.0,15.0,8.0,10.0,3.0,0.0,0.0
ChatGLM,I,ExcelProcessorFail.py,ExcelProcessor,Fail,44.0,7.0,24.0,18.0,2.0,0.0,0.0
ChatGLM,I,ExpressionCalculatorFail.py,ExpressionCalculator,Fail,39.0,10.0,9.0,10.0,1.0,0.0,0.0
ChatGLM,I,FitnessTrackerFail.py,FitnessTracker,Fail,30.0,9.0,6.0,6.0,3.0,0.0,0.0
ChatGLM,I,GomokuGameFail.py,GomokuGame,Fail,47.0,14.0,41.0,26.0,1.0,0.0,0.0
ChatGLM,I,HotelSuccess.py,Hotel,Success,38.0,0.0,34.0,19.0,0.0,1.0,1.0
ChatGLM,I,HRManagementSystemFail.py,HRManagementSystem,Fail,36.0,0.0,3.0,7.0,0.0,0.0,0.0
ChatGLM,I,HtmlUtilFail.py,HtmlUtil,Fail,46.0,6.0,19.0,11.0,1.0,0.0,0.0
ChatGLM,I,ImageProcessorFail.py,ImageProcessor,Fail,41.0,35.0,4.0,6.0,6.0,0.0,0.0
ChatGLM,I,InterpolationFail.py,Interpolation,Fail,6.0,5.0,,2.0,1.0,0.0,0.0
ChatGLM,I,IPAddressFail.py,IPAddress,Fail,0.0,0.0,,0.0,0.0,0.0,0.0
ChatGLM,I,IpUtilFail.py,IpUtil,Fail,12.0,15.0,2.0,2.0,3.0,0.0,0.0
ChatGLM,I,JobMarketplaceFail.py,JobMarketplace,Fail,0.0,0.0,,0.0,0.0,0.0,0.0
ChatGLM,I,JSONProcessorFail.py,JSONProcessor,Fail,34.0,27.0,8.0,5.0,5.0,0.0,0.0
ChatGLM,I,KappaCalculatorFail.py,KappaCalculator,Fail,0.0,0.0,,0.0,0.0,0.0,0.0
ChatGLM,I,LemmatizationFail.py,Lemmatization,Fail,46.0,6.0,16.0,8.0,1.0,0.0,0.0
ChatGLM,I,LongestWordFail.py,LongestWord,Fail,24.0,0.0,12.0,9.0,0.0,0.0,0.0
ChatGLM,I,MahjongConnectFail.py,MahjongConnect,Fail,72.0,16.0,46.0,41.0,4.0,0.0,0.0
ChatGLM,I,ManacherFail.py,Manacher,Fail,3.0,0.0,,1.0,0.0,0.0,0.0
ChatGLM,I,MetricsCalculator2Fail.py,MetricsCalculator2,Fail,39.0,26.0,36.0,13.0,4.0,0.0,0.0
ChatGLM,I,MetricsCalculatorFail.py,MetricsCalculator,Fail,23.0,30.0,,4.0,6.0,0.0,0.0
ChatGLM,I,MinesweeperGameFail.py,MinesweeperGame,Fail,0.0,0.0,,0.0,0.0,0.0,0.0
ChatGLM,I,MovieBookingSystemFail.py,MovieBookingSystem,Fail,30.0,0.0,5.0,7.0,0.0,0.0,0.0
ChatGLM,I,MovieTicketDBFail.py,MovieTicketDB,Fail,24.0,0.0,,4.0,0.0,0.0,0.0
ChatGLM,I,MusicPlayerSuccess.py,MusicPlayer,Success,50.0,0.0,9.0,15.0,0.0,1.0,1.0
ChatGLM,I,NLPDataProcessor2Fail.py,NLPDataProcessor2,Fail,17.0,20.0,,3.0,4.0,0.0,0.0
ChatGLM,I,NLPDataProcessorFail.py,NLPDataProcessor,Fail,9.0,0.0,,5.0,0.0,0.0,0.0
ChatGLM,I,NumberConverterFail.py,NumberConverter,Fail,32.0,25.0,12.0,17.0,5.0,0.0,0.0
ChatGLM,I,NumberWordFormatterFail.py,NumberWordFormatter,Fail,24.0,0.0,7.0,4.0,0.0,0.0,0.0
ChatGLM,I,NumericEntityUnescaperFail.py,NumericEntityUnescaper,Fail,5.0,10.0,,2.0,2.0,0.0,0.0
ChatGLM,I,OrderFail.py,Order,Fail,11.0,0.0,3.0,4.0,0.0,0.0,0.0
ChatGLM,I,PageUtilFail.py,PageUtil,Fail,44.0,0.0,11.0,12.0,0.0,0.0,0.0
ChatGLM,I,PDFHandlerFail.py,PDFHandler,Fail,16.0,0.0,1.0,4.0,0.0,0.0,0.0
ChatGLM,I,PersonRequestFail.py,PersonRequest,Fail,28.0,46.0,12.0,9.0,11.0,0.0,0.0
ChatGLM,I,PushBoxGameFail.py,PushBoxGame,Fail,104.0,56.0,68.0,39.0,3.0,0.0,0.0
ChatGLM,I,RegexUtilsFail.py,RegexUtils,Fail,0.0,0.0,,0.0,0.0,0.0,0.0
ChatGLM,I,RPGCharacterFail.py,RPGCharacter,Fail,25.0,0.0,4.0,6.0,0.0,0.0,0.0
ChatGLM,I,ServerFail.py,Server,Fail,32.0,0.0,9.0,13.0,0.0,0.0,0.0
ChatGLM,I,ShoppingCartFail.py,ShoppingCart,Fail,14.0,0.0,2.0,5.0,0.0,0.0,0.0
ChatGLM,I,SignInSystemFail.py,SignInSystem,Fail,21.0,0.0,7.0,9.0,0.0,0.0,0.0
ChatGLM,I,SnakeFail.py,Snake,Fail,37.0,6.0,7.0,7.0,3.0,0.0,0.0
ChatGLM,I,SplitSentenceFail.py,SplitSentence,Fail,0.0,0.0,,0.0,0.0,0.0,0.0
ChatGLM,I,SQLGeneratorFail.py,SQLGenerator,Fail,0.0,0.0,,0.0,0.0,0.0,0.0
ChatGLM,I,SQLQueryBuilderFail.py,SQLQueryBuilder,Fail,0.0,0.0,,0.0,0.0,0.0,0.0
ChatGLM,I,Statistics3Fail.py,Statistics3,Fail,25.0,40.0,3.0,8.0,8.0,0.0,0.0
ChatGLM,I,StockPortfolioTrackerFail.py,StockPortfolioTracker,Fail,36.0,0.0,3.0,11.0,0.0,0.0,0.0
ChatGLM,I,StudentDatabaseProcessorFail.py,StudentDatabaseProcessor,Fail,31.0,8.0,,5.0,1.0,0.0,0.0
ChatGLM,I,TextFileProcessorFail.py,TextFileProcessor,Fail,32.0,1.0,9.0,9.0,1.0,0.0,0.0
ChatGLM,I,ThermostatFail.py,Thermostat,Fail,33.0,0.0,8.0,9.0,0.0,0.0,0.0
ChatGLM,I,TicTacToeFail.py,TicTacToe,Fail,10.0,2.0,6.0,5.0,1.0,0.0,0.0
ChatGLM,I,TimeUtilsFail.py,TimeUtils,Fail,25.0,0.0,2.0,8.0,0.0,0.0,0.0
ChatGLM,I,TriCalculatorFail.py,TriCalculator,Fail,13.0,5.0,,4.0,1.0,0.0,0.0
ChatGLM,I,TwentyFourPointGameFail.py,TwentyFourPointGame,Fail,21.0,0.0,4.0,7.0,0.0,0.0,0.0
ChatGLM,I,URLHandlerFail.py,URLHandler,Fail,23.0,5.0,5.0,9.0,1.0,0.0,0.0
ChatGLM,I,UrlPathFail.py,UrlPath,Fail,27.0,0.0,8.0,10.0,0.0,0.0,0.0
ChatGLM,I,UserLoginDBFail.py,UserLoginDB,Fail,31.0,0.0,5.0,7.0,0.0,0.0,0.0
ChatGLM,I,VectorUtilFail.py,VectorUtil,Fail,38.0,11.0,,2.0,3.0,0.0,0.0
ChatGLM,I,VendingMachineFail.py,VendingMachine,Fail,28.0,0.0,6.0,9.0,0.0,0.0,0.0
ChatGLM,I,WarehouseFail.py,Warehouse,Fail,43.0,0.0,9.0,14.0,0.0,0.0,0.0
ChatGLM,I,WeatherSystemFail.py,WeatherSystem,Fail,21.0,10.0,,5.0,2.0,0.0,0.0
ChatGLM,I,Words2NumbersFail.py,Words2Numbers,Fail,39.0,15.0,18.0,18.0,3.0,0.0,0.0
ChatGLM,I,XMLProcessorFail.py,XMLProcessor,Fail,27.0,5.0,3.0,7.0,1.0,0.0,0.0
ChatGLM,I,ZipFileProcessorFail.py,ZipFileProcessor,Fail,23.0,0.0,5.0,7.0,0.0,0.0,0.0
codegeex2-6b,H,AccessGatewayFilterFail.py,AccessGatewayFilter,Fail,9.0,5.0,,5.0,1.0,0.0,0.0
codegeex2-6b,H,AreaCalculatorFail.py,AreaCalculator,Fail,9.0,0.0,,6.0,0.0,0.0,0.0
codegeex2-6b,H,ArgumentParserFail.py,ArgumentParser,Fail,9.0,0.0,,5.0,0.0,0.0,0.0
codegeex2-6b,H,ArrangementCalculatorFail.py,ArrangementCalculator,Fail,12.0,0.0,,6.0,0.0,0.0,0.0
codegeex2-6b,H,AssessmentSystemFail.py,AssessmentSystem,Fail,23.0,0.0,5.0,12.0,0.0,0.0,0.0
codegeex2-6b,H,AutomaticGuitarSimulatorFail.py,AutomaticGuitarSimulator,Fail,5.0,0.0,,3.0,0.0,0.0,0.0
codegeex2-6b,H,AvgPartitionFail.py,AvgPartition,Fail,6.0,5.0,,3.0,1.0,0.0,0.0
codegeex2-6b,H,BalancedBracketsFail.py,BalancedBrackets,Fail,22.0,0.0,9.0,7.0,0.0,0.0,0.0
codegeex2-6b,H,BankAccountFail.py,BankAccount,Fail,21.0,0.0,3.0,8.0,0.0,0.0,0.0
codegeex2-6b,H,BigNumCalculatorFail.py,BigNumCalculator,Fail,7.0,0.0,,3.0,0.0,0.0,0.0
codegeex2-6b,H,BinaryDataProcessorFail.py,BinaryDataProcessor,Fail,8.0,0.0,,5.0,0.0,0.0,0.0
codegeex2-6b,H,BitStatusUtilFail.py,BitStatusUtil,Fail,34.0,16.0,21.0,23.0,2.0,0.0,0.0
codegeex2-6b,H,BlackjackGameFail.py,BlackjackGame,Fail,9.0,0.0,,4.0,0.0,0.0,0.0
codegeex2-6b,H,BookManagementDBFail.py,BookManagementDB,Fail,12.0,0.0,,7.0,0.0,0.0,0.0
codegeex2-6b,H,BookManagementFail.py,BookManagement,Fail,21.0,0.0,5.0,9.0,0.0,0.0,0.0
codegeex2-6b,H,BoyerMooreSearchFail.py,BoyerMooreSearch,Fail,7.0,6.0,,4.0,3.0,0.0,0.0
codegeex2-6b,H,CalculatorFail.py,Calculator,Fail,46.0,15.0,29.0,16.0,1.0,0.0,0.0
codegeex2-6b,H,CalendarUtilFail.py,CalendarUtil,Fail,0.0,0.0,,0.0,0.0,0.0,0.0
codegeex2-6b,H,CamelCaseMapFail.py,CamelCaseMap,Fail,11.0,0.0,,8.0,0.0,0.0,0.0
codegeex2-6b,H,ChandrasekharSieveFail.py,ChandrasekharSieve,Fail,14.0,0.0,6.0,6.0,0.0,0.0,0.0
codegeex2-6b,H,ChatFail.py,Chat,Fail,25.0,0.0,6.0,11.0,0.0,0.0,0.0
codegeex2-6b,H,ClassRegistrationSystemFail.py,ClassRegistrationSystem,Fail,0.0,0.0,,0.0,0.0,0.0,0.0
codegeex2-6b,H,ClassroomFail.py,Classroom,Fail,34.0,30.0,16.0,16.0,3.0,0.0,0.0
codegeex2-6b,H,CombinationCalculatorFail.py,CombinationCalculator,Fail,13.0,6.0,1.0,7.0,3.0,0.0,0.0
codegeex2-6b,H,ComplexCalculatorFail.py,ComplexCalculator,Fail,11.0,5.0,,5.0,1.0,0.0,0.0
codegeex2-6b,H,CookiesUtilFail.py,CookiesUtil,Fail,8.0,0.0,,4.0,0.0,0.0,0.0
codegeex2-6b,H,CSVProcessorFail.py,CSVProcessor,Fail,22.0,7.0,1.0,5.0,2.0,0.0,0.0
codegeex2-6b,H,CurrencyConverterFail.py,CurrencyConverter,Fail,15.0,0.0,,5.0,0.0,0.0,0.0
codegeex2-6b,H,DatabaseProcessorFail.py,DatabaseProcessor,Fail,9.0,0.0,,5.0,0.0,0.0,0.0
codegeex2-6b,H,DataStatistics2Fail.py,DataStatistics2,Fail,18.0,0.0,1.0,8.0,0.0,0.0,0.0
codegeex2-6b,H,DataStatistics4Fail.py,DataStatistics4,Fail,10.0,0.0,,4.0,0.0,0.0,0.0
codegeex2-6b,H,DataStatisticsFail.py,DataStatistics,Fail,12.0,0.0,2.0,5.0,0.0,0.0,0.0
codegeex2-6b,H,DecryptionUtilsFail.py,DecryptionUtils,Fail,37.0,0.0,17.0,13.0,0.0,0.0,0.0
codegeex2-6b,H,DiscountStrategyFail.py,DiscountStrategy,Fail,0.0,0.0,,0.0,0.0,0.0,0.0
codegeex2-6b,H,DocFileHandlerFail.py,DocFileHandler,Fail,30.0,0.0,7.0,9.0,0.0,0.0,0.0
codegeex2-6b,H,EightPuzzleFail.py,EightPuzzle,Fail,8.0,0.0,,5.0,0.0,0.0,0.0
codegeex2-6b,H,EmailClientFail.py,EmailClient,Fail,0.0,0.0,,0.0,0.0,0.0,0.0
codegeex2-6b,H,EncryptionUtilsFail.py,EncryptionUtils,Fail,27.0,0.0,11.0,12.0,0.0,0.0,0.0
codegeex2-6b,H,ExcelProcessorFail.py,ExcelProcessor,Fail,7.0,7.0,,4.0,2.0,0.0,0.0
codegeex2-6b,H,ExpressionCalculatorFail.py,ExpressionCalculator,Fail,13.0,0.0,,7.0,0.0,0.0,0.0
codegeex2-6b,H,FitnessTrackerFail.py,FitnessTracker,Fail,13.0,7.0,,4.0,2.0,0.0,0.0
codegeex2-6b,H,GomokuGameFail.py,GomokuGame,Fail,8.0,0.0,,4.0,0.0,0.0,0.0
codegeex2-6b,H,HotelSuccess.py,Hotel,Success,0.0,0.0,,0.0,0.0,1.0,1.0
codegeex2-6b,H,HRManagementSystemFail.py,HRManagementSystem,Fail,0.0,0.0,,0.0,0.0,0.0,0.0
codegeex2-6b,H,HtmlUtilFail.py,HtmlUtil,Fail,0.0,0.0,,0.0,0.0,0.0,0.0
codegeex2-6b,H,ImageProcessorFail.py,ImageProcessor,Fail,9.0,0.0,,6.0,0.0,0.0,0.0
codegeex2-6b,H,InterpolationFail.py,Interpolation,Fail,0.0,0.0,,0.0,0.0,0.0,0.0
codegeex2-6b,H,IPAddressFail.py,IPAddress,Fail,29.0,0.0,12.0,14.0,0.0,0.0,0.0
codegeex2-6b,H,IpUtilFail.py,IpUtil,Fail,9.0,0.0,,3.0,0.0,0.0,0.0
codegeex2-6b,H,JobMarketplaceFail.py,JobMarketplace,Fail,10.0,0.0,,7.0,0.0,0.0,0.0
codegeex2-6b,H,JSONProcessorFail.py,JSONProcessor,Fail,25.0,0.0,7.0,6.0,0.0,0.0,0.0
codegeex2-6b,H,KappaCalculatorFail.py,KappaCalculator,Fail,0.0,0.0,,0.0,0.0,0.0,0.0
codegeex2-6b,H,LemmatizationFail.py,Lemmatization,Fail,13.0,0.0,,4.0,0.0,0.0,0.0
codegeex2-6b,H,LongestWordFail.py,LongestWord,Fail,14.0,5.0,6.0,6.0,1.0,0.0,0.0
codegeex2-6b,H,MahjongConnectFail.py,MahjongConnect,Fail,11.0,4.0,,6.0,2.0,0.0,0.0
codegeex2-6b,H,ManacherFail.py,Manacher,Fail,29.0,0.0,11.0,11.0,0.0,0.0,0.0
codegeex2-6b,H,MetricsCalculator2Fail.py,MetricsCalculator2,Fail,0.0,0.0,,0.0,0.0,0.0,0.0
codegeex2-6b,H,MetricsCalculatorFail.py,MetricsCalculator,Fail,11.0,0.0,,6.0,0.0,0.0,0.0
codegeex2-6b,H,MinesweeperGameFail.py,MinesweeperGame,Fail,12.0,5.0,,5.0,1.0,0.0,0.0
codegeex2-6b,H,MovieBookingSystemFail.py,MovieBookingSystem,Fail,8.0,0.0,,4.0,0.0,0.0,0.0
codegeex2-6b,H,MovieTicketDBFail.py,MovieTicketDB,Fail,10.0,0.0,,5.0,0.0,0.0,0.0
codegeex2-6b,H,MusicPlayerFail.py,MusicPlayer,Fail,13.0,0.0,,9.0,0.0,0.0,0.0
codegeex2-6b,H,NLPDataProcessor2Fail.py,NLPDataProcessor2,Fail,6.0,0.0,,3.0,0.0,0.0,0.0
codegeex2-6b,H,NLPDataProcessorFail.py,NLPDataProcessor,Fail,9.0,0.0,,5.0,0.0,0.0,0.0
codegeex2-6b,H,NumberConverterFail.py,NumberConverter,Fail,13.0,0.0,,6.0,0.0,0.0,0.0
codegeex2-6b,H,NumberWordFormatterFail.py,NumberWordFormatter,Fail,14.0,0.0,,6.0,0.0,0.0,0.0
codegeex2-6b,H,NumericEntityUnescaperFail.py,NumericEntityUnescaper,Fail,6.0,5.0,,3.0,1.0,0.0,0.0
codegeex2-6b,H,OrderFail.py,Order,Fail,30.0,0.0,11.0,10.0,0.0,0.0,0.0
codegeex2-6b,H,PageUtilFail.py,PageUtil,Fail,9.0,0.0,,4.0,0.0,0.0,0.0
codegeex2-6b,H,PDFHandlerFail.py,PDFHandler,Fail,16.0,0.0,2.0,5.0,0.0,0.0,0.0
codegeex2-6b,H,PersonRequestFail.py,PersonRequest,Fail,17.0,26.0,5.0,9.0,7.0,0.0,0.0
codegeex2-6b,H,PushBoxGameFail.py,PushBoxGame,Fail,13.0,0.0,,4.0,0.0,0.0,0.0
codegeex2-6b,H,RegexUtilsFail.py,RegexUtils,Fail,0.0,0.0,,0.0,0.0,0.0,0.0
codegeex2-6b,H,RPGCharacterFail.py,RPGCharacter,Fail,0.0,0.0,,0.0,0.0,0.0,0.0
codegeex2-6b,H,ServerFail.py,Server,Fail,36.0,1.0,11.0,11.0,1.0,0.0,0.0
codegeex2-6b,H,ShoppingCartFail.py,ShoppingCart,Fail,7.0,0.0,,5.0,0.0,0.0,0.0
codegeex2-6b,H,SignInSystemFail.py,SignInSystem,Fail,31.0,0.0,12.0,13.0,0.0,0.0,0.0
codegeex2-6b,H,SnakeFail.py,Snake,Fail,14.0,6.0,,5.0,3.0,0.0,0.0
codegeex2-6b,H,SplitSentenceFail.py,SplitSentence,Fail,0.0,0.0,,0.0,0.0,0.0,0.0
codegeex2-6b,H,SQLGeneratorFail.py,SQLGenerator,Fail,25.0,0.0,4.0,9.0,0.0,0.0,0.0
codegeex2-6b,H,SQLQueryBuilderFail.py,SQLQueryBuilder,Fail,9.0,0.0,,4.0,0.0,0.0,0.0
codegeex2-6b,H,Statistics3Fail.py,Statistics3,Fail,16.0,0.0,,7.0,0.0,0.0,0.0
codegeex2-6b,H,StockPortfolioTrackerFail.py,StockPortfolioTracker,Fail,11.0,0.0,,8.0,0.0,0.0,0.0
codegeex2-6b,H,StudentDatabaseProcessorFail.py,StudentDatabaseProcessor,Fail,8.0,0.0,,5.0,0.0,0.0,0.0
codegeex2-6b,H,TextFileProcessorFail.py,TextFileProcessor,Fail,8.0,0.0,,5.0,0.0,0.0,0.0
codegeex2-6b,H,ThermostatFail.py,Thermostat,Fail,34.0,0.0,11.0,14.0,0.0,0.0,0.0
codegeex2-6b,H,TicTacToeFail.py,TicTacToe,Fail,24.0,2.0,11.0,12.0,1.0,0.0,0.0
codegeex2-6b,H,TimeUtilsFail.py,TimeUtils,Fail,17.0,0.0,,8.0,0.0,0.0,0.0
codegeex2-6b,H,TriCalculatorFail.py,TriCalculator,Fail,9.0,5.0,,6.0,1.0,0.0,0.0
codegeex2-6b,H,TwentyFourPointGameFail.py,TwentyFourPointGame,Fail,8.0,0.0,,5.0,0.0,0.0,0.0
codegeex2-6b,H,URLHandlerFail.py,URLHandler,Fail,8.0,0.0,,6.0,0.0,0.0,0.0
codegeex2-6b,H,UrlPathFail.py,UrlPath,Fail,9.0,0.0,,4.0,0.0,0.0,0.0
codegeex2-6b,H,UserLoginDBFail.py,UserLoginDB,Fail,21.0,0.0,1.0,7.0,0.0,0.0,0.0
codegeex2-6b,H,VectorUtilFail.py,VectorUtil,Fail,12.0,0.0,,4.0,0.0,0.0,0.0
codegeex2-6b,H,VendingMachineFail.py,VendingMachine,Fail,9.0,0.0,,6.0,0.0,0.0,0.0
codegeex2-6b,H,WarehouseFail.py,Warehouse,Fail,18.0,0.0,1.0,5.0,0.0,0.0,0.0
codegeex2-6b,H,WeatherSystemFail.py,WeatherSystem,Fail,23.0,0.0,2.0,6.0,0.0,0.0,0.0
codegeex2-6b,H,Words2NumbersFail.py,Words2Numbers,Fail,21.0,0.0,4.0,7.0,0.0,0.0,0.0
codegeex2-6b,H,XMLProcessorFail.py,XMLProcessor,Fail,9.0,0.0,,5.0,0.0,0.0,0.0
codegeex2-6b,H,ZipFileProcessorFail.py,ZipFileProcessor,Fail,0.0,0.0,,0.0,0.0,0.0,0.0
codegeex2-6b,C,AccessGatewayFilterFail.py,AccessGatewayFilter,Fail,28.0,15.0,9.0,13.0,3.0,0.0,0.0
codegeex2-6b,C,AreaCalculatorFail.py,AreaCalculator,Fail,0.0,0.0,,0.0,0.0,0.0,0.0
codegeex2-6b,C,ArgumentParserFail.py,ArgumentParser,Fail,0.0,0.0,,0.0,0.0,0.0,0.0
codegeex2-6b,C,ArrangementCalculatorFail.py,ArrangementCalculator,Fail,0.0,0.0,,0.0,0.0,0.0,0.0
codegeex2-6b,C,AssessmentSystemSuccess.py,AssessmentSystem,Success,0.0,0.0,,0.0,0.0,1.0,1.0
codegeex2-6b,C,AutomaticGuitarSimulatorFail.py,AutomaticGuitarSimulator,Fail,17.0,0.0,5.0,6.0,0.0,0.0,0.0
codegeex2-6b,C,AvgPartitionFail.py,AvgPartition,Fail,18.0,5.0,4.0,7.0,1.0,0.0,0.0
codegeex2-6b,C,BalancedBracketsFail.py,BalancedBrackets,Fail,0.0,0.0,,0.0,0.0,0.0,0.0
codegeex2-6b,C,BankAccountFail.py,BankAccount,Fail,0.0,0.0,,0.0,0.0,0.0,0.0
codegeex2-6b,C,BigNumCalculatorFail.py,BigNumCalculator,Fail,0.0,0.0,,0.0,0.0,0.0,0.0
codegeex2-6b,C,BinaryDataProcessorFail.py,BinaryDataProcessor,Fail,0.0,0.0,,0.0,0.0,0.0,0.0
codegeex2-6b,C,BitStatusUtilFail.py,BitStatusUtil,Fail,0.0,0.0,,0.0,0.0,0.0,0.0
codegeex2-6b,C,BlackjackGameFail.py,BlackjackGame,Fail,0.0,0.0,,0.0,0.0,0.0,0.0
codegeex2-6b,C,BookManagementDBFail.py,BookManagementDB,Fail,0.0,0.0,,0.0,0.0,0.0,0.0
codegeex2-6b,C,BookManagementFail.py,BookManagement,Fail,0.0,0.0,,0.0,0.0,0.0,0.0
codegeex2-6b,C,BoyerMooreSearchFail.py,BoyerMooreSearch,Fail,0.0,0.0,,0.0,0.0,0.0,0.0
codegeex2-6b,C,CalculatorFail.py,Calculator,Fail,0.0,0.0,,0.0,0.0,0.0,0.0
codegeex2-6b,C,CalendarUtilFail.py,CalendarUtil,Fail,0.0,0.0,,0.0,0.0,0.0,0.0
codegeex2-6b,C,CamelCaseMapFail.py,CamelCaseMap,Fail,0.0,0.0,,0.0,0.0,0.0,0.0
codegeex2-6b,C,ChandrasekharSieveFail.py,ChandrasekharSieve,Fail,0.0,0.0,,0.0,0.0,0.0,0.0
codegeex2-6b,C,ChatFail.py,Chat,Fail,0.0,0.0,,0.0,0.0,0.0,0.0
codegeex2-6b,C,ClassRegistrationSystemFail.py,ClassRegistrationSystem,Fail,0.0,0.0,,0.0,0.0,0.0,0.0
codegeex2-6b,C,ClassroomFail.py,Classroom,Fail,0.0,0.0,,0.0,0.0,0.0,0.0
codegeex2-6b,C,CombinationCalculatorFail.py,CombinationCalculator,Fail,0.0,0.0,,0.0,0.0,0.0,0.0
codegeex2-6b,C,ComplexCalculatorFail.py,ComplexCalculator,Fail,0.0,0.0,,0.0,0.0,0.0,0.0
codegeex2-6b,C,CookiesUtilFail.py,CookiesUtil,Fail,0.0,0.0,,0.0,0.0,0.0,0.0
codegeex2-6b,C,CSVProcessorFail.py,CSVProcessor,Fail,0.0,0.0,,0.0,0.0,0.0,0.0
codegeex2-6b,C,CurrencyConverterFail.py,CurrencyConverter,Fail,0.0,0.0,,0.0,0.0,0.0,0.0
codegeex2-6b,C,DatabaseProcessorFail.py,DatabaseProcessor,Fail,0.0,0.0,,0.0,0.0,0.0,0.0
codegeex2-6b,C,DataStatistics2Fail.py,DataStatistics2,Fail,0.0,0.0,,0.0,0.0,0.0,0.0
codegeex2-6b,C,DataStatistics4Fail.py,DataStatistics4,Fail,0.0,0.0,,0.0,0.0,0.0,0.0
codegeex2-6b,C,DataStatisticsFail.py,DataStatistics,Fail,0.0,0.0,,0.0,0.0,0.0,0.0
codegeex2-6b,C,DecryptionUtilsFail.py,DecryptionUtils,Fail,0.0,0.0,,0.0,0.0,0.0,0.0
codegeex2-6b,C,DiscountStrategyFail.py,DiscountStrategy,Fail,0.0,0.0,,0.0,0.0,0.0,0.0
codegeex2-6b,C,DocFileHandlerFail.py,DocFileHandler,Fail,0.0,0.0,,0.0,0.0,0.0,0.0
codegeex2-6b,C,EightPuzzleFail.py,EightPuzzle,Fail,0.0,0.0,,0.0,0.0,0.0,0.0
codegeex2-6b,C,EmailClientFail.py,EmailClient,Fail,0.0,0.0,,0.0,0.0,0.0,0.0
codegeex2-6b,C,EncryptionUtilsFail.py,EncryptionUtils,Fail,0.0,0.0,,0.0,0.0,0.0,0.0
codegeex2-6b,C,ExcelProcessorFail.py,ExcelProcessor,Fail,20.0,12.0,2.0,6.0,3.0,0.0,0.0
codegeex2-6b,C,ExpressionCalculatorFail.py,ExpressionCalculator,Fail,0.0,0.0,,0.0,0.0,0.0,0.0
codegeex2-6b,C,FitnessTrackerFail.py,FitnessTracker,Fail,0.0,0.0,,0.0,0.0,0.0,0.0
codegeex2-6b,C,GomokuGameFail.py,GomokuGame,Fail,0.0,0.0,,0.0,0.0,0.0,0.0
codegeex2-6b,C,HotelSuccess.py,Hotel,Success,0.0,0.0,,0.0,0.0,1.0,1.0
codegeex2-6b,C,HRManagementSystemFail.py,HRManagementSystem,Fail,0.0,0.0,,0.0,0.0,0.0,0.0
codegeex2-6b,C,HtmlUtilFail.py,HtmlUtil,Fail,0.0,0.0,,0.0,0.0,0.0,0.0
codegeex2-6b,C,ImageProcessorFail.py,ImageProcessor,Fail,0.0,0.0,,0.0,0.0,0.0,0.0
codegeex2-6b,C,InterpolationFail.py,Interpolation,Fail,0.0,0.0,,0.0,0.0,0.0,0.0
codegeex2-6b,C,IPAddressFail.py,IPAddress,Fail,0.0,0.0,,0.0,0.0,0.0,0.0
codegeex2-6b,C,IpUtilFail.py,IpUtil,Fail,0.0,0.0,,0.0,0.0,0.0,0.0
codegeex2-6b,C,JobMarketplaceFail.py,JobMarketplace,Fail,0.0,0.0,,0.0,0.0,0.0,0.0
codegeex2-6b,C,JSONProcessorFail.py,JSONProcessor,Fail,0.0,0.0,,0.0,0.0,0.0,0.0
codegeex2-6b,C,KappaCalculatorFail.py,KappaCalculator,Fail,0.0,0.0,,0.0,0.0,0.0,0.0
codegeex2-6b,C,LemmatizationFail.py,Lemmatization,Fail,29.0,0.0,7.0,6.0,0.0,0.0,0.0
codegeex2-6b,C,LongestWordFail.py,LongestWord,Fail,0.0,0.0,,0.0,0.0,0.0,0.0
codegeex2-6b,C,MahjongConnectFail.py,MahjongConnect,Fail,0.0,0.0,,0.0,0.0,0.0,0.0
codegeex2-6b,C,ManacherFail.py,Manacher,Fail,0.0,0.0,,0.0,0.0,0.0,0.0
codegeex2-6b,C,MetricsCalculator2Fail.py,MetricsCalculator2,Fail,0.0,0.0,,0.0,0.0,0.0,0.0
codegeex2-6b,C,MetricsCalculatorFail.py,MetricsCalculator,Fail,0.0,0.0,,0.0,0.0,0.0,0.0
codegeex2-6b,C,MinesweeperGameFail.py,MinesweeperGame,Fail,0.0,0.0,,0.0,0.0,0.0,0.0
codegeex2-6b,C,MovieBookingSystemFail.py,MovieBookingSystem,Fail,0.0,0.0,,0.0,0.0,0.0,0.0
codegeex2-6b,C,MovieTicketDBFail.py,MovieTicketDB,Fail,0.0,0.0,,0.0,0.0,0.0,0.0
codegeex2-6b,C,MusicPlayerSuccess.py,MusicPlayer,Success,0.0,0.0,,0.0,0.0,1.0,1.0
codegeex2-6b,C,NLPDataProcessor2Fail.py,NLPDataProcessor2,Fail,0.0,0.0,,0.0,0.0,0.0,0.0
codegeex2-6b,C,NLPDataProcessorFail.py,NLPDataProcessor,Fail,0.0,0.0,,0.0,0.0,0.0,0.0
codegeex2-6b,C,NumberConverterFail.py,NumberConverter,Fail,0.0,0.0,,0.0,0.0,0.0,0.0
codegeex2-6b,C,NumberWordFormatterFail.py,NumberWordFormatter,Fail,0.0,0.0,,0.0,0.0,0.0,0.0
codegeex2-6b,C,NumericEntityUnescaperFail.py,NumericEntityUnescaper,Fail,0.0,0.0,,0.0,0.0,0.0,0.0
codegeex2-6b,C,OrderFail.py,Order,Fail,0.0,0.0,,0.0,0.0,0.0,0.0
codegeex2-6b,C,PageUtilFail.py,PageUtil,Fail,0.0,0.0,,0.0,0.0,0.0,0.0
codegeex2-6b,C,PDFHandlerFail.py,PDFHandler,Fail,16.0,0.0,2.0,5.0,0.0,0.0,0.0
codegeex2-6b,C,PersonRequestFail.py,PersonRequest,Fail,17.0,26.0,5.0,9.0,7.0,0.0,0.0
codegeex2-6b,C,PushBoxGameFail.py,PushBoxGame,Fail,0.0,0.0,,0.0,0.0,0.0,0.0
codegeex2-6b,C,RegexUtilsFail.py,RegexUtils,Fail,0.0,0.0,,0.0,0.0,0.0,0.0
codegeex2-6b,C,RPGCharacterFail.py,RPGCharacter,Fail,0.0,0.0,,0.0,0.0,0.0,0.0
codegeex2-6b,C,ServerFail.py,Server,Fail,29.0,0.0,9.0,9.0,0.0,0.0,0.0
codegeex2-6b,C,ShoppingCartFail.py,ShoppingCart,Fail,0.0,0.0,,0.0,0.0,0.0,0.0
codegeex2-6b,C,SignInSystemFail.py,SignInSystem,Fail,0.0,0.0,,0.0,0.0,0.0,0.0
codegeex2-6b,C,SnakeFail.py,Snake,Fail,0.0,0.0,,0.0,0.0,0.0,0.0
codegeex2-6b,C,SplitSentenceFail.py,SplitSentence,Fail,0.0,0.0,,0.0,0.0,0.0,0.0
codegeex2-6b,C,SQLGeneratorFail.py,SQLGenerator,Fail,0.0,0.0,,0.0,0.0,0.0,0.0
codegeex2-6b,C,SQLQueryBuilderFail.py,SQLQueryBuilder,Fail,0.0,0.0,,0.0,0.0,0.0,0.0
codegeex2-6b,C,Statistics3Fail.py,Statistics3,Fail,0.0,0.0,,0.0,0.0,0.0,0.0
codegeex2-6b,C,StockPortfolioTrackerFail.py,StockPortfolioTracker,Fail,0.0,0.0,,0.0,0.0,0.0,0.0
codegeex2-6b,C,StudentDatabaseProcessorFail.py,StudentDatabaseProcessor,Fail,0.0,0.0,,0.0,0.0,0.0,0.0
codegeex2-6b,C,TextFileProcessorFail.py,TextFileProcessor,Fail,0.0,0.0,,0.0,0.0,0.0,0.0
codegeex2-6b,C,ThermostatFail.py,Thermostat,Fail,0.0,0.0,,0.0,0.0,0.0,0.0
codegeex2-6b,C,TicTacToeFail.py,TicTacToe,Fail,0.0,0.0,,0.0,0.0,0.0,0.0
codegeex2-6b,C,TimeUtilsFail.py,TimeUtils,Fail,0.0,0.0,,0.0,0.0,0.0,0.0
codegeex2-6b,C,TriCalculatorFail.py,TriCalculator,Fail,0.0,0.0,,0.0,0.0,0.0,0.0
codegeex2-6b,C,TwentyFourPointGameFail.py,TwentyFourPointGame,Fail,0.0,0.0,,0.0,0.0,0.0,0.0
codegeex2-6b,C,URLHandlerFail.py,URLHandler,Fail,0.0,0.0,,0.0,0.0,0.0,0.0
codegeex2-6b,C,UrlPathFail.py,UrlPath,Fail,0.0,0.0,,0.0,0.0,0.0,0.0
codegeex2-6b,C,UserLoginDBFail.py,UserLoginDB,Fail,0.0,0.0,,0.0,0.0,0.0,0.0
codegeex2-6b,C,VectorUtilFail.py,VectorUtil,Fail,0.0,0.0,,0.0,0.0,0.0,0.0
codegeex2-6b,C,VendingMachineFail.py,VendingMachine,Fail,0.0,0.0,,0.0,0.0,0.0,0.0
codegeex2-6b,C,WarehouseFail.py,Warehouse,Fail,0.0,0.0,,0.0,0.0,0.0,0.0
codegeex2-6b,C,WeatherSystemFail.py,WeatherSystem,Fail,0.0,0.0,,0.0,0.0,0.0,0.0
codegeex2-6b,C,Words2NumbersFail.py,Words2Numbers,Fail,37.0,0.0,13.0,13.0,0.0,0.0,0.0
codegeex2-6b,C,XMLProcessorFail.py,XMLProcessor,Fail,0.0,0.0,,0.0,0.0,0.0,0.0
codegeex2-6b,C,ZipFileProcessorFail.py,ZipFileProcessor,Fail,0.0,0.0,,0.0,0.0,0.0,0.0
codegeex2-6b,I,AccessGatewayFilterFail.py,AccessGatewayFilter,Fail,13.0,10.0,1.0,5.0,2.0,0.0,0.0
codegeex2-6b,I,AreaCalculatorFail.py,AreaCalculator,Fail,0.0,0.0,,0.0,0.0,0.0,0.0
codegeex2-6b,I,ArgumentParserFail.py,ArgumentParser,Fail,0.0,0.0,,0.0,0.0,0.0,0.0
codegeex2-6b,I,ArrangementCalculatorFail.py,ArrangementCalculator,Fail,0.0,0.0,,0.0,0.0,0.0,0.0
codegeex2-6b,I,AssessmentSystemSuccess.py,AssessmentSystem,Success,0.0,0.0,,0.0,0.0,1.0,1.0
codegeex2-6b,I,AutomaticGuitarSimulatorFail.py,AutomaticGuitarSimulator,Fail,12.0,0.0,2.0,5.0,0.0,0.0,0.0
codegeex2-6b,I,AvgPartitionFail.py,AvgPartition,Fail,0.0,0.0,,0.0,0.0,0.0,0.0
codegeex2-6b,I,BalancedBracketsFail.py,BalancedBrackets,Fail,0.0,0.0,,0.0,0.0,0.0,0.0
codegeex2-6b,I,BankAccountSuccess.py,BankAccount,Success,0.0,0.0,,0.0,0.0,1.0,1.0
codegeex2-6b,I,BigNumCalculatorFail.py,BigNumCalculator,Fail,0.0,0.0,,0.0,0.0,0.0,0.0
codegeex2-6b,I,BinaryDataProcessorFail.py,BinaryDataProcessor,Fail,0.0,0.0,,0.0,0.0,0.0,0.0
codegeex2-6b,I,BitStatusUtilFail.py,BitStatusUtil,Fail,0.0,0.0,,0.0,0.0,0.0,0.0
codegeex2-6b,I,BlackjackGameFail.py,BlackjackGame,Fail,0.0,0.0,,0.0,0.0,0.0,0.0
codegeex2-6b,I,BookManagementDBFail.py,BookManagementDB,Fail,0.0,0.0,,0.0,0.0,0.0,0.0
codegeex2-6b,I,BookManagementFail.py,BookManagement,Fail,0.0,0.0,,0.0,0.0,0.0,0.0
codegeex2-6b,I,BoyerMooreSearchFail.py,BoyerMooreSearch,Fail,0.0,0.0,,0.0,0.0,0.0,0.0
codegeex2-6b,I,CalculatorFail.py,Calculator,Fail,0.0,0.0,,0.0,0.0,0.0,0.0
codegeex2-6b,I,CalendarUtilFail.py,CalendarUtil,Fail,0.0,0.0,,0.0,0.0,0.0,0.0
codegeex2-6b,I,CamelCaseMapFail.py,CamelCaseMap,Fail,0.0,0.0,,0.0,0.0,0.0,0.0
codegeex2-6b,I,ChandrasekharSieveSuccess.py,ChandrasekharSieve,Success,0.0,0.0,,0.0,0.0,1.0,1.0
codegeex2-6b,I,ChatFail.py,Chat,Fail,0.0,0.0,,0.0,0.0,0.0,0.0
codegeex2-6b,I,ClassRegistrationSystemFail.py,ClassRegistrationSystem,Fail,0.0,0.0,,0.0,0.0,0.0,0.0
codegeex2-6b,I,ClassroomSuccess.py,Classroom,Success,0.0,0.0,,0.0,0.0,1.0,1.0
codegeex2-6b,I,CombinationCalculatorFail.py,CombinationCalculator,Fail,0.0,0.0,,0.0,0.0,0.0,0.0
codegeex2-6b,I,ComplexCalculatorFail.py,ComplexCalculator,Fail,0.0,0.0,,0.0,0.0,0.0,0.0
codegeex2-6b,I,CookiesUtilFail.py,CookiesUtil,Fail,0.0,0.0,,0.0,0.0,0.0,0.0
codegeex2-6b,I,CSVProcessorFail.py,CSVProcessor,Fail,0.0,0.0,,0.0,0.0,0.0,0.0
codegeex2-6b,I,CurrencyConverterFail.py,CurrencyConverter,Fail,0.0,0.0,,0.0,0.0,0.0,0.0
codegeex2-6b,I,DatabaseProcessorFail.py,DatabaseProcessor,Fail,0.0,0.0,,0.0,0.0,0.0,0.0
codegeex2-6b,I,DataStatistics2Fail.py,DataStatistics2,Fail,0.0,0.0,,0.0,0.0,0.0,0.0
codegeex2-6b,I,DataStatistics4Fail.py,DataStatistics4,Fail,0.0,0.0,,0.0,0.0,0.0,0.0
codegeex2-6b,I,DataStatisticsFail.py,DataStatistics,Fail,0.0,0.0,,0.0,0.0,0.0,0.0
codegeex2-6b,I,DecryptionUtilsFail.py,DecryptionUtils,Fail,0.0,0.0,,0.0,0.0,0.0,0.0
codegeex2-6b,I,DiscountStrategyFail.py,DiscountStrategy,Fail,0.0,0.0,,0.0,0.0,0.0,0.0
codegeex2-6b,I,DocFileHandlerFail.py,DocFileHandler,Fail,0.0,0.0,,0.0,0.0,0.0,0.0
codegeex2-6b,I,EightPuzzleFail.py,EightPuzzle,Fail,0.0,0.0,,0.0,0.0,0.0,0.0
codegeex2-6b,I,EmailClientFail.py,EmailClient,Fail,0.0,0.0,,0.0,0.0,0.0,0.0
codegeex2-6b,I,EncryptionUtilsFail.py,EncryptionUtils,Fail,0.0,0.0,,0.0,0.0,0.0,0.0
codegeex2-6b,I,ExcelProcessorFail.py,ExcelProcessor,Fail,0.0,0.0,,0.0,0.0,0.0,0.0
codegeex2-6b,I,ExpressionCalculatorFail.py,ExpressionCalculator,Fail,0.0,0.0,,0.0,0.0,0.0,0.0
codegeex2-6b,I,FitnessTrackerFail.py,FitnessTracker,Fail,0.0,0.0,,0.0,0.0,0.0,0.0
codegeex2-6b,I,GomokuGameFail.py,GomokuGame,Fail,0.0,0.0,,0.0,0.0,0.0,0.0
codegeex2-6b,I,HotelSuccess.py,Hotel,Success,0.0,0.0,,0.0,0.0,1.0,1.0
codegeex2-6b,I,HRManagementSystemFail.py,HRManagementSystem,Fail,0.0,0.0,,0.0,0.0,0.0,0.0
codegeex2-6b,I,HtmlUtilFail.py,HtmlUtil,Fail,0.0,0.0,,0.0,0.0,0.0,0.0
codegeex2-6b,I,ImageProcessorFail.py,ImageProcessor,Fail,0.0,0.0,,0.0,0.0,0.0,0.0
codegeex2-6b,I,InterpolationFail.py,Interpolation,Fail,0.0,0.0,,0.0,0.0,0.0,0.0
codegeex2-6b,I,IPAddressFail.py,IPAddress,Fail,0.0,0.0,,0.0,0.0,0.0,0.0
codegeex2-6b,I,IpUtilFail.py,IpUtil,Fail,0.0,0.0,,0.0,0.0,0.0,0.0
codegeex2-6b,I,JobMarketplaceFail.py,JobMarketplace,Fail,0.0,0.0,,0.0,0.0,0.0,0.0
codegeex2-6b,I,JSONProcessorFail.py,JSONProcessor,Fail,0.0,0.0,,0.0,0.0,0.0,0.0
codegeex2-6b,I,KappaCalculatorFail.py,KappaCalculator,Fail,0.0,0.0,,0.0,0.0,0.0,0.0
codegeex2-6b,I,LemmatizationFail.py,Lemmatization,Fail,32.0,0.0,7.0,6.0,0.0,0.0,0.0
codegeex2-6b,I,LongestWordSuccess.py,LongestWord,Success,0.0,0.0,,0.0,0.0,1.0,1.0
codegeex2-6b,I,MahjongConnectFail.py,MahjongConnect,Fail,0.0,0.0,,0.0,0.0,0.0,0.0
codegeex2-6b,I,ManacherFail.py,Manacher,Fail,0.0,0.0,,0.0,0.0,0.0,0.0
codegeex2-6b,I,MetricsCalculator2Fail.py,MetricsCalculator2,Fail,0.0,0.0,,0.0,0.0,0.0,0.0
codegeex2-6b,I,MetricsCalculatorFail.py,MetricsCalculator,Fail,0.0,0.0,,0.0,0.0,0.0,0.0
codegeex2-6b,I,MinesweeperGameFail.py,MinesweeperGame,Fail,0.0,0.0,,0.0,0.0,0.0,0.0
codegeex2-6b,I,MovieBookingSystemFail.py,MovieBookingSystem,Fail,0.0,0.0,,0.0,0.0,0.0,0.0
codegeex2-6b,I,MovieTicketDBFail.py,MovieTicketDB,Fail,0.0,0.0,,0.0,0.0,0.0,0.0
codegeex2-6b,I,MusicPlayerSuccess.py,MusicPlayer,Success,0.0,0.0,,0.0,0.0,1.0,1.0
codegeex2-6b,I,NLPDataProcessor2Fail.py,NLPDataProcessor2,Fail,0.0,0.0,,0.0,0.0,0.0,0.0
codegeex2-6b,I,NLPDataProcessorFail.py,NLPDataProcessor,Fail,0.0,0.0,,0.0,0.0,0.0,0.0
codegeex2-6b,I,NumberConverterFail.py,NumberConverter,Fail,0.0,0.0,,0.0,0.0,0.0,0.0
codegeex2-6b,I,NumberWordFormatterFail.py,NumberWordFormatter,Fail,0.0,0.0,,0.0,0.0,0.0,0.0
codegeex2-6b,I,NumericEntityUnescaperFail.py,NumericEntityUnescaper,Fail,0.0,0.0,,0.0,0.0,0.0,0.0
codegeex2-6b,I,OrderFail.py,Order,Fail,0.0,0.0,,0.0,0.0,0.0,0.0
codegeex2-6b,I,PageUtilFail.py,PageUtil,Fail,28.0,0.0,4.0,7.0,0.0,0.0,0.0
codegeex2-6b,I,PDFHandlerFail.py,PDFHandler,Fail,0.0,0.0,,0.0,0.0,0.0,0.0
codegeex2-6b,I,PersonRequestFail.py,PersonRequest,Fail,0.0,0.0,,0.0,0.0,0.0,0.0
codegeex2-6b,I,PushBoxGameFail.py,PushBoxGame,Fail,0.0,0.0,,0.0,0.0,0.0,0.0
codegeex2-6b,I,RegexUtilsFail.py,RegexUtils,Fail,0.0,0.0,,0.0,0.0,0.0,0.0
codegeex2-6b,I,RPGCharacterFail.py,RPGCharacter,Fail,0.0,0.0,,0.0,0.0,0.0,0.0
codegeex2-6b,I,ServerFail.py,Server,Fail,0.0,0.0,,0.0,0.0,0.0,0.0
codegeex2-6b,I,ShoppingCartSuccess.py,ShoppingCart,Success,0.0,0.0,,0.0,0.0,1.0,1.0
codegeex2-6b,I,SignInSystemSuccess.py,SignInSystem,Success,0.0,0.0,,0.0,0.0,1.0,1.0
codegeex2-6b,I,SnakeFail.py,Snake,Fail,0.0,0.0,,0.0,0.0,0.0,0.0
codegeex2-6b,I,SplitSentenceFail.py,SplitSentence,Fail,0.0,0.0,,0.0,0.0,0.0,0.0
codegeex2-6b,I,SQLGeneratorFail.py,SQLGenerator,Fail,0.0,0.0,,0.0,0.0,0.0,0.0
codegeex2-6b,I,SQLQueryBuilderFail.py,SQLQueryBuilder,Fail,0.0,0.0,,0.0,0.0,0.0,0.0
codegeex2-6b,I,Statistics3Fail.py,Statistics3,Fail,0.0,0.0,,0.0,0.0,0.0,0.0
codegeex2-6b,I,StockPortfolioTrackerFail.py,StockPortfolioTracker,Fail,0.0,0.0,,0.0,0.0,0.0,0.0
codegeex2-6b,I,StudentDatabaseProcessorFail.py,StudentDatabaseProcessor,Fail,0.0,0.0,,0.0,0.0,0.0,0.0
codegeex2-6b,I,TextFileProcessorFail.py,TextFileProcessor,Fail,0.0,0.0,,0.0,0.0,0.0,0.0
codegeex2-6b,I,ThermostatFail.py,Thermostat,Fail,0.0,0.0,,0.0,0.0,0.0,0.0
codegeex2-6b,I,TicTacToeFail.py,TicTacToe,Fail,0.0,0.0,,0.0,0.0,0.0,0.0
codegeex2-6b,I,TimeUtilsFail.py,TimeUtils,Fail,0.0,0.0,,0.0,0.0,0.0,0.0
codegeex2-6b,I,TriCalculatorFail.py,TriCalculator,Fail,0.0,0.0,,0.0,0.0,0.0,0.0
codegeex2-6b,I,TwentyFourPointGameFail.py,TwentyFourPointGame,Fail,0.0,0.0,,0.0,0.0,0.0,0.0
codegeex2-6b,I,URLHandlerFail.py,URLHandler,Fail,0.0,0.0,,0.0,0.0,0.0,0.0
codegeex2-6b,I,UrlPathFail.py,UrlPath,Fail,0.0,0.0,,0.0,0.0,0.0,0.0
codegeex2-6b,I,UserLoginDBFail.py,UserLoginDB,Fail,0.0,0.0,,0.0,0.0,0.0,0.0
codegeex2-6b,I,VectorUtilFail.py,VectorUtil,Fail,0.0,0.0,,0.0,0.0,0.0,0.0
codegeex2-6b,I,VendingMachineFail.py,VendingMachine,Fail,0.0,0.0,,0.0,0.0,0.0,0.0
codegeex2-6b,I,WarehouseFail.py,Warehouse,Fail,0.0,0.0,,0.0,0.0,0.0,0.0
codegeex2-6b,I,WeatherSystemFail.py,WeatherSystem,Fail,0.0,0.0,,0.0,0.0,0.0,0.0
codegeex2-6b,I,Words2NumbersFail.py,Words2Numbers,Fail,35.0,20.0,12.0,12.0,1.0,0.0,0.0
codegeex2-6b,I,XMLProcessorFail.py,XMLProcessor,Fail,0.0,0.0,,0.0,0.0,0.0,0.0
codegeex2-6b,I,ZipFileProcessorFail.py,ZipFileProcessor,Fail,0.0,0.0,,0.0,0.0,0.0,0.0
GPT-3.5-Turbo,H,AccessGatewayFilterFail.py,AccessGatewayFilter,Fail,9.0,5.0,,5.0,1.0,0.0,0.0
GPT-3.5-Turbo,H,AreaCalculatorFail.py,AreaCalculator,Fail,14.0,0.0,,6.0,0.0,0.0,0.0
GPT-3.5-Turbo,H,ArgumentParserFail.py,ArgumentParser,Fail,48.0,0.0,20.0,13.0,0.0,0.0,0.0
GPT-3.5-Turbo,H,ArrangementCalculatorFail.py,ArrangementCalculator,Fail,31.0,0.0,9.0,13.0,0.0,0.0,0.0
GPT-3.5-Turbo,H,AssessmentSystemSuccess.py,AssessmentSystem,Success,37.0,0.0,13.0,17.0,0.0,1.0,1.0
GPT-3.5-Turbo,H,AutomaticGuitarSimulatorFail.py,AutomaticGuitarSimulator,Fail,16.0,0.0,3.0,5.0,0.0,0.0,0.0
GPT-3.5-Turbo,H,AvgPartitionSuccess.py,AvgPartition,Success,16.0,5.0,1.0,4.0,1.0,1.0,0.96875
GPT-3.5-Turbo,H,BalancedBracketsSuccess.py,BalancedBrackets,Success,20.0,0.0,12.0,9.0,0.0,1.0,1.0
GPT-3.5-Turbo,H,BankAccountSuccess.py,BankAccount,Success,24.0,6.0,5.0,10.0,1.0,1.0,0.975
GPT-3.5-Turbo,H,BigNumCalculatorSuccess.py,BigNumCalculator,Success,10.0,0.0,,3.0,0.0,1.0,1.0
GPT-3.5-Turbo,H,BinaryDataProcessorSuccess.py,BinaryDataProcessor,Success,21.0,0.0,2.0,7.0,0.0,1.0,1.0
GPT-3.5-Turbo,H,BitStatusUtilSuccess.py,BitStatusUtil,Success,15.0,0.0,4.0,7.0,0.0,1.0,1.0
GPT-3.5-Turbo,H,BlackjackGameFail.py,BlackjackGame,Fail,47.0,0.0,21.0,15.0,0.0,0.0,0.0
GPT-3.5-Turbo,H,BookManagementDBFail.py,BookManagementDB,Fail,29.0,0.0,,7.0,0.0,0.0,0.0
GPT-3.5-Turbo,H,BookManagementFail.py,BookManagement,Fail,23.0,0.0,9.0,9.0,0.0,0.0,0.0
GPT-3.5-Turbo,H,BoyerMooreSearchFail.py,BoyerMooreSearch,Fail,30.0,8.0,15.0,12.0,4.0,0.0,0.0
GPT-3.5-Turbo,H,CalculatorFail.py,Calculator,Fail,56.0,0.0,18.0,11.0,0.0,0.0,0.0
GPT-3.5-Turbo,H,CalendarUtilFail.py,CalendarUtil,Fail,0.0,0.0,,0.0,0.0,0.0,0.0
GPT-3.5-Turbo,H,CamelCaseMapSuccess.py,CamelCaseMap,Success,19.0,0.0,,8.0,0.0,1.0,1.0
GPT-3.5-Turbo,H,ChandrasekharSieveFail.py,ChandrasekharSieve,Fail,12.0,0.0,9.0,6.0,0.0,0.0,0.0
GPT-3.5-Turbo,H,ChatFail.py,Chat,Fail,29.0,0.0,9.0,10.0,0.0,0.0,0.0
GPT-3.5-Turbo,H,ClassRegistrationSystemFail.py,ClassRegistrationSystem,Fail,40.0,6.0,26.0,17.0,1.0,0.0,0.0
GPT-3.5-Turbo,H,ClassroomSuccess.py,Classroom,Success,28.0,0.0,9.0,12.0,0.0,1.0,1.0
GPT-3.5-Turbo,H,CombinationCalculatorFail.py,CombinationCalculator,Fail,34.0,11.0,6.0,10.0,4.0,0.0,0.0
GPT-3.5-Turbo,H,ComplexCalculatorSuccess.py,ComplexCalculator,Success,15.0,5.0,,5.0,1.0,1.0,0.9666666666666667
GPT-3.5-Turbo,H,CookiesUtilFail.py,CookiesUtil,Fail,19.0,5.0,1.0,4.0,1.0,0.0,0.0
GPT-3.5-Turbo,H,CSVProcessorSuccess.py,CSVProcessor,Success,22.0,12.0,1.0,5.0,3.0,1.0,0.9454545454545454
GPT-3.5-Turbo,H,CurrencyConverterSuccess.py,CurrencyConverter,Success,28.0,0.0,6.0,8.0,0.0,1.0,1.0
GPT-3.5-Turbo,H,DatabaseProcessorFail.py,DatabaseProcessor,Fail,33.0,0.0,1.0,6.0,0.0,0.0,0.0
GPT-3.5-Turbo,H,DataStatistics2Fail.py,DataStatistics2,Fail,2.0,0.0,,1.0,0.0,0.0,0.0
GPT-3.5-Turbo,H,DataStatistics4Fail.py,DataStatistics4,Fail,27.0,0.0,,4.0,0.0,0.0,0.0
GPT-3.5-Turbo,H,DataStatisticsSuccess.py,DataStatistics,Success,16.0,0.0,2.0,5.0,0.0,1.0,1.0
GPT-3.5-Turbo,H,DecryptionUtilsFail.py,DecryptionUtils,Fail,45.0,0.0,24.0,17.0,0.0,0.0,0.0
GPT-3.5-Turbo,H,DiscountStrategyFail.py,DiscountStrategy,Fail,37.0,15.0,9.0,12.0,3.0,0.0,0.0
GPT-3.5-Turbo,H,DocFileHandlerFail.py,DocFileHandler,Fail,41.0,0.0,7.0,9.0,0.0,0.0,0.0
GPT-3.5-Turbo,H,EightPuzzleFail.py,EightPuzzle,Fail,57.0,0.0,28.0,21.0,0.0,0.0,0.0
GPT-3.5-Turbo,H,EmailClientFail.py,EmailClient,Fail,37.0,0.0,7.0,11.0,0.0,0.0,0.0
GPT-3.5-Turbo,H,EncryptionUtilsFail.py,EncryptionUtils,Fail,42.0,0.0,24.0,16.0,0.0,0.0,0.0
GPT-3.5-Turbo,H,ExcelProcessorFail.py,ExcelProcessor,Fail,33.0,12.0,10.0,9.0,3.0,0.0,0.0
GPT-3.5-Turbo,H,ExpressionCalculatorFail.py,ExpressionCalculator,Fail,57.0,0.0,24.0,17.0,0.0,0.0,0.0
GPT-3.5-Turbo,H,FitnessTrackerSuccess.py,FitnessTracker,Success,41.0,7.0,15.0,9.0,2.0,1.0,0.9829268292682927
GPT-3.5-Turbo,H,GomokuGameFail.py,GomokuGame,Fail,29.0,0.0,16.0,15.0,0.0,0.0,0.0
GPT-3.5-Turbo,H,HotelSuccess.py,Hotel,Success,37.0,0.0,24.0,15.0,0.0,1.0,1.0
GPT-3.5-Turbo,H,HRManagementSystemFail.py,HRManagementSystem,Fail,28.0,0.0,8.0,10.0,0.0,0.0,0.0
GPT-3.5-Turbo,H,HtmlUtilFail.py,HtmlUtil,Fail,31.0,2.0,2.0,6.0,1.0,0.0,0.0
GPT-3.5-Turbo,H,ImageProcessorFail.py,ImageProcessor,Fail,19.0,0.0,4.0,10.0,0.0,0.0,0.0
GPT-3.5-Turbo,H,InterpolationFail.py,Interpolation,Fail,65.0,24.0,36.0,17.0,8.0,0.0,0.0
GPT-3.5-Turbo,H,IPAddressSuccess.py,IPAddress,Success,28.0,0.0,13.0,12.0,0.0,1.0,1.0
GPT-3.5-Turbo,H,IpUtilFail.py,IpUtil,Fail,23.0,0.0,3.0,3.0,0.0,0.0,0.0
GPT-3.5-Turbo,H,JobMarketplaceFail.py,JobMarketplace,Fail,24.0,0.0,6.0,11.0,0.0,0.0,0.0
GPT-3.5-Turbo,H,JSONProcessorSuccess.py,JSONProcessor,Success,29.0,10.0,9.0,7.0,2.0,1.0,0.9655172413793104
GPT-3.5-Turbo,H,KappaCalculatorFail.py,KappaCalculator,Fail,6.0,6.0,,2.0,3.0,0.0,0.0
GPT-3.5-Turbo,H,LemmatizationFail.py,Lemmatization,Fail,25.0,0.0,,6.0,0.0,0.0,0.0
GPT-3.5-Turbo,H,LongestWordFail.py,LongestWord,Fail,15.0,0.0,4.0,6.0,0.0,0.0,0.0
GPT-3.5-Turbo,H,MahjongConnectFail.py,MahjongConnect,Fail,36.0,14.0,16.0,22.0,4.0,0.0,0.0
GPT-3.5-Turbo,H,ManacherFail.py,Manacher,Fail,5.0,0.0,,3.0,0.0,0.0,0.0
GPT-3.5-Turbo,H,MetricsCalculator2Fail.py,MetricsCalculator2,Fail,50.0,27.0,32.0,15.0,5.0,0.0,0.0
GPT-3.5-Turbo,H,MetricsCalculatorFail.py,MetricsCalculator,Fail,38.0,0.0,14.0,16.0,0.0,0.0,0.0
GPT-3.5-Turbo,H,MinesweeperGameFail.py,MinesweeperGame,Fail,36.0,5.0,19.0,14.0,1.0,0.0,0.0
GPT-3.5-Turbo,H,MovieBookingSystemFail.py,MovieBookingSystem,Fail,30.0,0.0,15.0,11.0,0.0,0.0,0.0
GPT-3.5-Turbo,H,MovieTicketDBFail.py,MovieTicketDB,Fail,21.0,0.0,,5.0,0.0,0.0,0.0
GPT-3.5-Turbo,H,MusicPlayerFail.py,MusicPlayer,Fail,51.0,0.0,18.0,17.0,0.0,0.0,0.0
GPT-3.5-Turbo,H,NLPDataProcessor2Fail.py,NLPDataProcessor2,Fail,19.0,0.0,2.0,5.0,0.0,0.0,0.0
GPT-3.5-Turbo,H,NLPDataProcessorFail.py,NLPDataProcessor,Fail,15.0,0.0,1.0,5.0,0.0,0.0,0.0
GPT-3.5-Turbo,H,NumberConverterSuccess.py,NumberConverter,Success,25.0,0.0,,6.0,0.0,1.0,1.0
GPT-3.5-Turbo,H,NumberWordFormatterFail.py,NumberWordFormatter,Fail,14.0,0.0,,6.0,0.0,0.0,0.0
GPT-3.5-Turbo,H,NumericEntityUnescaperSuccess.py,NumericEntityUnescaper,Success,9.0,5.0,1.0,4.0,1.0,1.0,0.9444444444444444
GPT-3.5-Turbo,H,OrderFail.py,Order,Fail,22.0,0.0,7.0,9.0,0.0,0.0,0.0
GPT-3.5-Turbo,H,PageUtilFail.py,PageUtil,Fail,35.0,0.0,,5.0,0.0,0.0,0.0
GPT-3.5-Turbo,H,PDFHandlerFail.py,PDFHandler,Fail,21.0,0.0,4.0,6.0,0.0,0.0,0.0
GPT-3.5-Turbo,H,PersonRequestFail.py,PersonRequest,Fail,18.0,26.0,5.0,10.0,7.0,0.0,0.0
GPT-3.5-Turbo,H,PushBoxGameFail.py,PushBoxGame,Fail,54.0,0.0,22.0,15.0,0.0,0.0,0.0
GPT-3.5-Turbo,H,RegexUtilsFail.py,RegexUtils,Fail,0.0,0.0,,0.0,0.0,0.0,0.0
GPT-3.5-Turbo,H,RPGCharacterFail.py,RPGCharacter,Fail,27.0,0.0,2.0,8.0,0.0,0.0,0.0
GPT-3.5-Turbo,H,ServerFail.py,Server,Fail,29.0,0.0,9.0,10.0,0.0,0.0,0.0
GPT-3.5-Turbo,H,ShoppingCartSuccess.py,ShoppingCart,Success,17.0,0.0,4.0,8.0,0.0,1.0,1.0
GPT-3.5-Turbo,H,SignInSystemSuccess.py,SignInSystem,Success,31.0,0.0,12.0,13.0,0.0,1.0,1.0
GPT-3.5-Turbo,H,SnakeFail.py,Snake,Fail,42.0,6.0,6.0,8.0,3.0,0.0,0.0
GPT-3.5-Turbo,H,SplitSentenceFail.py,SplitSentence,Fail,0.0,0.0,,0.0,0.0,0.0,0.0
GPT-3.5-Turbo,H,SQLGeneratorSuccess.py,SQLGenerator,Success,25.0,0.0,4.0,9.0,0.0,1.0,1.0
GPT-3.5-Turbo,H,SQLQueryBuilderSuccess.py,SQLQueryBuilder,Success,38.0,20.0,10.0,11.0,3.0,1.0,0.9473684210526316
GPT-3.5-Turbo,H,Statistics3Fail.py,Statistics3,Fail,57.0,0.0,9.0,13.0,0.0,0.0,0.0
GPT-3.5-Turbo,H,StockPortfolioTrackerFail.py,StockPortfolioTracker,Fail,54.0,0.0,8.0,13.0,0.0,0.0,0.0
GPT-3.5-Turbo,H,StudentDatabaseProcessorFail.py,StudentDatabaseProcessor,Fail,31.0,0.0,,5.0,0.0,0.0,0.0
GPT-3.5-Turbo,H,TextFileProcessorFail.py,TextFileProcessor,Fail,22.0,0.0,,6.0,0.0,0.0,0.0
GPT-3.5-Turbo,H,ThermostatFail.py,Thermostat,Fail,38.0,0.0,11.0,14.0,0.0,0.0,0.0
GPT-3.5-Turbo,H,TicTacToeSuccess.py,TicTacToe,Success,27.0,2.0,14.0,13.0,1.0,1.0,0.9925925925925926
GPT-3.5-Turbo,H,TimeUtilsSuccess.py,TimeUtils,Success,25.0,0.0,,8.0,0.0,1.0,1.0
GPT-3.5-Turbo,H,TriCalculatorFail.py,TriCalculator,Fail,27.0,5.0,3.0,8.0,1.0,0.0,0.0
GPT-3.5-Turbo,H,TwentyFourPointGameFail.py,TwentyFourPointGame,Fail,19.0,10.0,2.0,5.0,2.0,0.0,0.0
GPT-3.5-Turbo,H,URLHandlerFail.py,URLHandler,Fail,19.0,0.0,1.0,7.0,0.0,0.0,0.0
GPT-3.5-Turbo,H,UrlPathFail.py,UrlPath,Fail,14.0,0.0,,4.0,0.0,0.0,0.0
GPT-3.5-Turbo,H,UserLoginDBFail.py,UserLoginDB,Fail,26.0,0.0,2.0,6.0,0.0,0.0,0.0
GPT-3.5-Turbo,H,VectorUtilFail.py,VectorUtil,Fail,16.0,0.0,,4.0,0.0,0.0,0.0
GPT-3.5-Turbo,H,VendingMachineFail.py,VendingMachine,Fail,36.0,0.0,15.0,12.0,0.0,0.0,0.0
GPT-3.5-Turbo,H,WarehouseSuccess.py,Warehouse,Success,32.0,0.0,12.0,14.0,0.0,1.0,1.0
GPT-3.5-Turbo,H,WeatherSystemFail.py,WeatherSystem,Fail,20.0,0.0,3.0,7.0,0.0,0.0,0.0
GPT-3.5-Turbo,H,Words2NumbersFail.py,Words2Numbers,Fail,37.0,0.0,12.0,12.0,0.0,0.0,0.0
GPT-3.5-Turbo,H,XMLProcessorFail.py,XMLProcessor,Fail,26.0,10.0,2.0,5.0,2.0,0.0,0.0
GPT-3.5-Turbo,H,ZipFileProcessorFail.py,ZipFileProcessor,Fail,33.0,0.0,5.0,6.0,0.0,0.0,0.0
GPT-3.5-Turbo,C,AccessGatewayFilterFail.py,AccessGatewayFilter,Fail,26.0,5.0,8.0,9.0,1.0,0.0,0.0
GPT-3.5-Turbo,C,AreaCalculatorFail.py,AreaCalculator,Fail,17.0,0.0,,6.0,0.0,0.0,0.0
GPT-3.5-Turbo,C,ArgumentParserFail.py,ArgumentParser,Fail,39.0,0.0,17.0,12.0,0.0,0.0,0.0
GPT-3.5-Turbo,C,ArrangementCalculatorFail.py,ArrangementCalculator,Fail,0.0,0.0,,0.0,0.0,0.0,0.0
GPT-3.5-Turbo,C,AssessmentSystemSuccess.py,AssessmentSystem,Success,44.0,0.0,19.0,17.0,0.0,1.0,1.0
GPT-3.5-Turbo,C,AutomaticGuitarSimulatorFail.py,AutomaticGuitarSimulator,Fail,17.0,0.0,6.0,7.0,0.0,0.0,0.0
GPT-3.5-Turbo,C,AvgPartitionSuccess.py,AvgPartition,Success,14.0,5.0,1.0,4.0,1.0,1.0,0.9642857142857143
GPT-3.5-Turbo,C,BalancedBracketsSuccess.py,BalancedBrackets,Success,23.0,0.0,14.0,10.0,0.0,1.0,1.0
GPT-3.5-Turbo,C,BankAccountFail.py,BankAccount,Fail,24.0,0.0,5.0,9.0,0.0,0.0,0.0
GPT-3.5-Turbo,C,BigNumCalculatorFail.py,BigNumCalculator,Fail,12.0,0.0,,3.0,0.0,0.0,0.0
GPT-3.5-Turbo,C,BinaryDataProcessorFail.py,BinaryDataProcessor,Fail,24.0,0.0,1.0,6.0,0.0,0.0,0.0
GPT-3.5-Turbo,C,BitStatusUtilFail.py,BitStatusUtil,Fail,20.0,0.0,9.0,11.0,0.0,0.0,0.0
GPT-3.5-Turbo,C,BlackjackGameFail.py,BlackjackGame,Fail,44.0,0.0,18.0,13.0,0.0,0.0,0.0
GPT-3.5-Turbo,C,BookManagementDBFail.py,BookManagementDB,Fail,34.0,0.0,,7.0,0.0,0.0,0.0
GPT-3.5-Turbo,C,BookManagementFail.py,BookManagement,Fail,24.0,0.0,9.0,9.0,0.0,0.0,0.0
GPT-3.5-Turbo,C,BoyerMooreSearchFail.py,BoyerMooreSearch,Fail,31.0,6.0,15.0,12.0,3.0,0.0,0.0
GPT-3.5-Turbo,C,CalculatorSuccess.py,Calculator,Success,46.0,0.0,14.0,11.0,0.0,1.0,1.0
GPT-3.5-Turbo,C,CalendarUtilFail.py,CalendarUtil,Fail,0.0,0.0,,0.0,0.0,0.0,0.0
GPT-3.5-Turbo,C,CamelCaseMapFail.py,CamelCaseMap,Fail,25.0,0.0,,8.0,0.0,0.0,0.0
GPT-3.5-Turbo,C,ChandrasekharSieveSuccess.py,ChandrasekharSieve,Success,18.0,0.0,9.0,8.0,0.0,1.0,1.0
GPT-3.5-Turbo,C,ChatFail.py,Chat,Fail,28.0,0.0,9.0,10.0,0.0,0.0,0.0
GPT-3.5-Turbo,C,ClassRegistrationSystemSuccess.py,ClassRegistrationSystem,Success,37.0,0.0,17.0,16.0,0.0,1.0,1.0
GPT-3.5-Turbo,C,ClassroomFail.py,Classroom,Fail,25.0,0.0,11.0,14.0,0.0,0.0,0.0
GPT-3.5-Turbo,C,CombinationCalculatorFail.py,CombinationCalculator,Fail,0.0,0.0,,0.0,0.0,0.0,0.0
GPT-3.5-Turbo,C,ComplexCalculatorFail.py,ComplexCalculator,Fail,20.0,5.0,,5.0,1.0,0.0,0.0
GPT-3.5-Turbo,C,CookiesUtilFail.py,CookiesUtil,Fail,20.0,0.0,1.0,4.0,0.0,0.0,0.0
GPT-3.5-Turbo,C,CSVProcessorFail.py,CSVProcessor,Fail,20.0,5.0,1.0,3.0,1.0,0.0,0.0
GPT-3.5-Turbo,C,CurrencyConverterFail.py,CurrencyConverter,Fail,33.0,0.0,7.0,10.0,0.0,0.0,0.0
GPT-3.5-Turbo,C,DatabaseProcessorSuccess.py,DatabaseProcessor,Success,39.0,0.0,3.0,7.0,0.0,1.0,1.0
GPT-3.5-Turbo,C,DataStatistics2Fail.py,DataStatistics2,Fail,16.0,0.0,,7.0,0.0,0.0,0.0
GPT-3.5-Turbo,C,DataStatistics4Fail.py,DataStatistics4,Fail,34.0,0.0,1.0,5.0,0.0,0.0,0.0
GPT-3.5-Turbo,C,DataStatisticsSuccess.py,DataStatistics,Success,20.0,0.0,2.0,5.0,0.0,1.0,1.0
GPT-3.5-Turbo,C,DecryptionUtilsFail.py,DecryptionUtils,Fail,39.0,0.0,19.0,13.0,0.0,0.0,0.0
GPT-3.5-Turbo,C,DiscountStrategyFail.py,DiscountStrategy,Fail,43.0,20.0,10.0,12.0,4.0,0.0,0.0
GPT-3.5-Turbo,C,DocFileHandlerFail.py,DocFileHandler,Fail,59.0,0.0,11.0,10.0,0.0,0.0,0.0
GPT-3.5-Turbo,C,EightPuzzleFail.py,EightPuzzle,Fail,52.0,0.0,25.0,18.0,0.0,0.0,0.0
GPT-3.5-Turbo,C,EmailClientFail.py,EmailClient,Fail,40.0,0.0,8.0,12.0,0.0,0.0,0.0
GPT-3.5-Turbo,C,EncryptionUtilsFail.py,EncryptionUtils,Fail,43.0,0.0,21.0,15.0,0.0,0.0,0.0
GPT-3.5-Turbo,C,ExcelProcessorFail.py,ExcelProcessor,Fail,30.0,7.0,4.0,7.0,2.0,0.0,0.0
GPT-3.5-Turbo,C,ExpressionCalculatorFail.py,ExpressionCalculator,Fail,54.0,0.0,19.0,14.0,0.0,0.0,0.0
GPT-3.5-Turbo,C,FitnessTrackerFail.py,FitnessTracker,Fail,36.0,7.0,8.0,7.0,2.0,0.0,0.0
GPT-3.5-Turbo,C,GomokuGameFail.py,GomokuGame,Fail,41.0,0.0,24.0,21.0,0.0,0.0,0.0
GPT-3.5-Turbo,C,HotelSuccess.py,Hotel,Success,35.0,0.0,16.0,13.0,0.0,1.0,1.0
GPT-3.5-Turbo,C,HRManagementSystemFail.py,HRManagementSystem,Fail,36.0,0.0,9.0,11.0,0.0,0.0,0.0
GPT-3.5-Turbo,C,HtmlUtilFail.py,HtmlUtil,Fail,27.0,0.0,1.0,4.0,0.0,0.0,0.0
GPT-3.5-Turbo,C,ImageProcessorFail.py,ImageProcessor,Fail,25.0,0.0,7.0,10.0,0.0,0.0,0.0
GPT-3.5-Turbo,C,InterpolationFail.py,Interpolation,Fail,49.0,21.0,39.0,21.0,2.0,0.0,0.0
GPT-3.5-Turbo,C,IPAddressSuccess.py,IPAddress,Success,23.0,0.0,9.0,11.0,0.0,1.0,1.0
GPT-3.5-Turbo,C,IpUtilFail.py,IpUtil,Fail,0.0,0.0,,0.0,0.0,0.0,0.0
GPT-3.5-Turbo,C,JobMarketplaceFail.py,JobMarketplace,Fail,26.0,0.0,6.0,11.0,0.0,0.0,0.0
GPT-3.5-Turbo,C,JSONProcessorFail.py,JSONProcessor,Fail,31.0,5.0,5.0,6.0,1.0,0.0,0.0
GPT-3.5-Turbo,C,KappaCalculatorFail.py,KappaCalculator,Fail,0.0,0.0,,0.0,0.0,0.0,0.0
GPT-3.5-Turbo,C,LemmatizationFail.py,Lemmatization,Fail,38.0,0.0,10.0,8.0,0.0,0.0,0.0
GPT-3.5-Turbo,C,LongestWordFail.py,LongestWord,Fail,16.0,0.0,6.0,6.0,0.0,0.0,0.0
GPT-3.5-Turbo,C,MahjongConnectFail.py,MahjongConnect,Fail,41.0,4.0,16.0,22.0,2.0,0.0,0.0
GPT-3.5-Turbo,C,ManacherFail.py,Manacher,Fail,18.0,0.0,5.0,8.0,0.0,0.0,0.0
GPT-3.5-Turbo,C,MetricsCalculator2Fail.py,MetricsCalculator2,Fail,0.0,0.0,,0.0,0.0,0.0,0.0
GPT-3.5-Turbo,C,MetricsCalculatorFail.py,MetricsCalculator,Fail,54.0,0.0,28.0,25.0,0.0,0.0,0.0
GPT-3.5-Turbo,C,MinesweeperGameFail.py,MinesweeperGame,Fail,40.0,11.0,24.0,18.0,2.0,0.0,0.0
GPT-3.5-Turbo,C,MovieBookingSystemFail.py,MovieBookingSystem,Fail,32.0,0.0,15.0,11.0,0.0,0.0,0.0
GPT-3.5-Turbo,C,MovieTicketDBFail.py,MovieTicketDB,Fail,28.0,0.0,,5.0,0.0,0.0,0.0
GPT-3.5-Turbo,C,MusicPlayerFail.py,MusicPlayer,Fail,53.0,0.0,18.0,18.0,0.0,0.0,0.0
GPT-3.5-Turbo,C,NLPDataProcessor2Fail.py,NLPDataProcessor2,Fail,16.0,0.0,1.0,3.0,0.0,0.0,0.0
GPT-3.5-Turbo,C,NLPDataProcessorFail.py,NLPDataProcessor,Fail,19.0,0.0,2.0,7.0,0.0,0.0,0.0
GPT-3.5-Turbo,C,NumberConverterSuccess.py,NumberConverter,Success,0.0,0.0,,0.0,0.0,1.0,1.0
GPT-3.5-Turbo,C,NumberWordFormatterFail.py,NumberWordFormatter,Fail,38.0,5.0,9.0,12.0,1.0,0.0,0.0
GPT-3.5-Turbo,C,NumericEntityUnescaperFail.py,NumericEntityUnescaper,Fail,8.0,5.0,1.0,4.0,1.0,0.0,0.0
GPT-3.5-Turbo,C,OrderFail.py,Order,Fail,28.0,0.0,10.0,9.0,0.0,0.0,0.0
GPT-3.5-Turbo,C,PageUtilFail.py,PageUtil,Fail,42.0,0.0,,5.0,0.0,0.0,0.0
GPT-3.5-Turbo,C,PDFHandlerFail.py,PDFHandler,Fail,21.0,0.0,4.0,6.0,0.0,0.0,0.0
GPT-3.5-Turbo,C,PersonRequestSuccess.py,PersonRequest,Success,19.0,26.0,7.0,10.0,7.0,1.0,0.8631578947368421
GPT-3.5-Turbo,C,PushBoxGameSuccess.py,PushBoxGame,Success,60.0,8.0,29.0,15.0,1.0,1.0,0.9866666666666667
GPT-3.5-Turbo,C,RegexUtilsFail.py,RegexUtils,Fail,28.0,0.0,1.0,11.0,0.0,0.0,0.0
GPT-3.5-Turbo,C,RPGCharacterFail.py,RPGCharacter,Fail,31.0,0.0,3.0,9.0,0.0,0.0,0.0
GPT-3.5-Turbo,C,ServerFail.py,Server,Fail,31.0,0.0,9.0,10.0,0.0,0.0,0.0
GPT-3.5-Turbo,C,ShoppingCartSuccess.py,ShoppingCart,Success,19.0,0.0,4.0,8.0,0.0,1.0,1.0
GPT-3.5-Turbo,C,SignInSystemFail.py,SignInSystem,Fail,31.0,0.0,12.0,13.0,0.0,0.0,0.0
GPT-3.5-Turbo,C,SnakeFail.py,Snake,Fail,38.0,6.0,8.0,9.0,3.0,0.0,0.0
GPT-3.5-Turbo,C,SplitSentenceFail.py,SplitSentence,Fail,0.0,0.0,,0.0,0.0,0.0,0.0
GPT-3.5-Turbo,C,SQLGeneratorSuccess.py,SQLGenerator,Success,31.0,0.0,3.0,9.0,0.0,1.0,1.0
GPT-3.5-Turbo,C,SQLQueryBuilderSuccess.py,SQLQueryBuilder,Success,44.0,12.0,12.0,12.0,2.0,1.0,0.9727272727272728
GPT-3.5-Turbo,C,Statistics3Fail.py,Statistics3,Fail,49.0,0.0,5.0,10.0,0.0,0.0,0.0
GPT-3.5-Turbo,C,StockPortfolioTrackerFail.py,StockPortfolioTracker,Fail,45.0,0.0,10.0,16.0,0.0,0.0,0.0
GPT-3.5-Turbo,C,StudentDatabaseProcessorSuccess.py,StudentDatabaseProcessor,Success,35.0,0.0,,5.0,0.0,1.0,1.0
GPT-3.5-Turbo,C,TextFileProcessorFail.py,TextFileProcessor,Fail,25.0,0.0,1.0,6.0,0.0,0.0,0.0
GPT-3.5-Turbo,C,ThermostatFail.py,Thermostat,Fail,41.0,0.0,13.0,15.0,0.0,0.0,0.0
GPT-3.5-Turbo,C,TicTacToeFail.py,TicTacToe,Fail,26.0,2.0,15.0,14.0,1.0,0.0,0.0
GPT-3.5-Turbo,C,TimeUtilsSuccess.py,TimeUtils,Success,26.0,0.0,,8.0,0.0,1.0,1.0
GPT-3.5-Turbo,C,TriCalculatorFail.py,TriCalculator,Fail,29.0,5.0,3.0,9.0,1.0,0.0,0.0
GPT-3.5-Turbo,C,TwentyFourPointGameFail.py,TwentyFourPointGame,Fail,18.0,5.0,1.0,5.0,1.0,0.0,0.0
GPT-3.5-Turbo,C,URLHandlerFail.py,URLHandler,Fail,18.0,0.0,,6.0,0.0,0.0,0.0
GPT-3.5-Turbo,C,UrlPathFail.py,UrlPath,Fail,13.0,0.0,,4.0,0.0,0.0,0.0
GPT-3.5-Turbo,C,UserLoginDBFail.py,UserLoginDB,Fail,26.0,0.0,2.0,6.0,0.0,0.0,0.0
GPT-3.5-Turbo,C,VectorUtilFail.py,VectorUtil,Fail,0.0,0.0,,0.0,0.0,0.0,0.0
GPT-3.5-Turbo,C,VendingMachineFail.py,VendingMachine,Fail,38.0,0.0,15.0,12.0,0.0,0.0,0.0
GPT-3.5-Turbo,C,WarehouseFail.py,Warehouse,Fail,33.0,0.0,11.0,14.0,0.0,0.0,0.0
GPT-3.5-Turbo,C,WeatherSystemFail.py,WeatherSystem,Fail,29.0,0.0,8.0,8.0,0.0,0.0,0.0
GPT-3.5-Turbo,C,Words2NumbersFail.py,Words2Numbers,Fail,48.0,11.0,21.0,13.0,2.0,0.0,0.0
GPT-3.5-Turbo,C,XMLProcessorFail.py,XMLProcessor,Fail,30.0,0.0,2.0,6.0,0.0,0.0,0.0
GPT-3.5-Turbo,C,ZipFileProcessorSuccess.py,ZipFileProcessor,Success,36.0,0.0,5.0,6.0,0.0,1.0,1.0
GPT-3.5-Turbo,I,AccessGatewayFilterFail.py,AccessGatewayFilter,Fail,30.0,5.0,13.0,12.0,1.0,0.0,0.0
GPT-3.5-Turbo,I,AreaCalculatorFail.py,AreaCalculator,Fail,21.0,0.0,,6.0,0.0,0.0,0.0
GPT-3.5-Turbo,I,ArgumentParserFail.py,ArgumentParser,Fail,52.0,0.0,23.0,14.0,0.0,0.0,0.0
GPT-3.5-Turbo,I,ArrangementCalculatorFail.py,ArrangementCalculator,Fail,0.0,0.0,,0.0,0.0,0.0,0.0
GPT-3.5-Turbo,I,AssessmentSystemSuccess.py,AssessmentSystem,Success,43.0,0.0,20.0,19.0,0.0,1.0,1.0
GPT-3.5-Turbo,I,AutomaticGuitarSimulatorFail.py,AutomaticGuitarSimulator,Fail,14.0,0.0,2.0,5.0,0.0,0.0,0.0
GPT-3.5-Turbo,I,AvgPartitionFail.py,AvgPartition,Fail,16.0,5.0,1.0,4.0,1.0,0.0,0.0
GPT-3.5-Turbo,I,BalancedBracketsSuccess.py,BalancedBrackets,Success,24.0,0.0,14.0,10.0,0.0,1.0,1.0
GPT-3.5-Turbo,I,BankAccountSuccess.py,BankAccount,Success,24.0,6.0,5.0,10.0,1.0,1.0,0.975
GPT-3.5-Turbo,I,BigNumCalculatorFail.py,BigNumCalculator,Fail,0.0,0.0,,0.0,0.0,0.0,0.0
GPT-3.5-Turbo,I,BinaryDataProcessorFail.py,BinaryDataProcessor,Fail,30.0,0.0,1.0,6.0,0.0,0.0,0.0
GPT-3.5-Turbo,I,BitStatusUtilFail.py,BitStatusUtil,Fail,0.0,0.0,,0.0,0.0,0.0,0.0
GPT-3.5-Turbo,I,BlackjackGameFail.py,BlackjackGame,Fail,44.0,0.0,18.0,13.0,0.0,0.0,0.0
GPT-3.5-Turbo,I,BookManagementDBFail.py,BookManagementDB,Fail,31.0,0.0,,7.0,0.0,0.0,0.0
GPT-3.5-Turbo,I,BookManagementFail.py,BookManagement,Fail,23.0,0.0,9.0,9.0,0.0,0.0,0.0
GPT-3.5-Turbo,I,BoyerMooreSearchFail.py,BoyerMooreSearch,Fail,29.0,8.0,14.0,11.0,4.0,0.0,0.0
GPT-3.5-Turbo,I,CalculatorFail.py,Calculator,Fail,40.0,0.0,9.0,7.0,0.0,0.0,0.0
GPT-3.5-Turbo,I,CalendarUtilFail.py,CalendarUtil,Fail,0.0,0.0,,0.0,0.0,0.0,0.0
GPT-3.5-Turbo,I,CamelCaseMapFail.py,CamelCaseMap,Fail,22.0,0.0,,8.0,0.0,0.0,0.0
GPT-3.5-Turbo,I,ChandrasekharSieveSuccess.py,ChandrasekharSieve,Success,18.0,0.0,9.0,8.0,0.0,1.0,1.0
GPT-3.5-Turbo,I,ChatFail.py,Chat,Fail,35.0,0.0,13.0,12.0,0.0,0.0,0.0
GPT-3.5-Turbo,I,ClassRegistrationSystemSuccess.py,ClassRegistrationSystem,Success,46.0,9.0,30.0,20.0,1.0,1.0,0.9804347826086957
GPT-3.5-Turbo,I,ClassroomSuccess.py,Classroom,Success,23.0,0.0,7.0,11.0,0.0,1.0,1.0
GPT-3.5-Turbo,I,CombinationCalculatorFail.py,CombinationCalculator,Fail,0.0,0.0,,0.0,0.0,0.0,0.0
GPT-3.5-Turbo,I,ComplexCalculatorFail.py,ComplexCalculator,Fail,19.0,5.0,,5.0,1.0,0.0,0.0
GPT-3.5-Turbo,I,CookiesUtilFail.py,CookiesUtil,Fail,21.0,0.0,1.0,4.0,0.0,0.0,0.0
GPT-3.5-Turbo,I,CSVProcessorSuccess.py,CSVProcessor,Success,30.0,7.0,2.0,4.0,2.0,1.0,0.9766666666666667
GPT-3.5-Turbo,I,CurrencyConverterFail.py,CurrencyConverter,Fail,32.0,0.0,6.0,8.0,0.0,0.0,0.0
GPT-3.5-Turbo,I,DatabaseProcessorSuccess.py,DatabaseProcessor,Success,39.0,0.0,3.0,7.0,0.0,1.0,1.0
GPT-3.5-Turbo,I,DataStatistics2Success.py,DataStatistics2,Success,18.0,0.0,,7.0,0.0,1.0,1.0
GPT-3.5-Turbo,I,DataStatistics4Fail.py,DataStatistics4,Fail,0.0,0.0,,0.0,0.0,0.0,0.0
GPT-3.5-Turbo,I,DataStatisticsFail.py,DataStatistics,Fail,22.0,0.0,4.0,6.0,0.0,0.0,0.0
GPT-3.5-Turbo,I,DecryptionUtilsFail.py,DecryptionUtils,Fail,37.0,0.0,18.0,13.0,0.0,0.0,0.0
GPT-3.5-Turbo,I,DiscountStrategyFail.py,DiscountStrategy,Fail,44.0,15.0,10.0,13.0,3.0,0.0,0.0
GPT-3.5-Turbo,I,DocFileHandlerFail.py,DocFileHandler,Fail,56.0,15.0,14.0,10.0,3.0,0.0,0.0
GPT-3.5-Turbo,I,EightPuzzleSuccess.py,EightPuzzle,Success,49.0,0.0,22.0,17.0,0.0,1.0,1.0
GPT-3.5-Turbo,I,EmailClientFail.py,EmailClient,Fail,39.0,0.0,8.0,11.0,0.0,0.0,0.0
GPT-3.5-Turbo,I,EncryptionUtilsFail.py,EncryptionUtils,Fail,36.0,0.0,18.0,14.0,0.0,0.0,0.0
GPT-3.5-Turbo,I,ExcelProcessorFail.py,ExcelProcessor,Fail,36.0,7.0,8.0,8.0,2.0,0.0,0.0
GPT-3.5-Turbo,I,ExpressionCalculatorFail.py,ExpressionCalculator,Fail,0.0,0.0,,0.0,0.0,0.0,0.0
GPT-3.5-Turbo,I,FitnessTrackerSuccess.py,FitnessTracker,Success,43.0,9.0,12.0,8.0,3.0,1.0,0.9790697674418605
GPT-3.5-Turbo,I,GomokuGameSuccess.py,GomokuGame,Success,54.0,26.0,51.0,20.0,1.0,1.0,0.9518518518518518
GPT-3.5-Turbo,I,HotelSuccess.py,Hotel,Success,38.0,0.0,16.0,14.0,0.0,1.0,1.0
GPT-3.5-Turbo,I,HRManagementSystemFail.py,HRManagementSystem,Fail,31.0,0.0,9.0,11.0,0.0,0.0,0.0
GPT-3.5-Turbo,I,HtmlUtilFail.py,HtmlUtil,Fail,0.0,0.0,,0.0,0.0,0.0,0.0
GPT-3.5-Turbo,I,ImageProcessorFail.py,ImageProcessor,Fail,27.0,8.0,8.0,10.0,1.0,0.0,0.0
GPT-3.5-Turbo,I,InterpolationFail.py,Interpolation,Fail,0.0,0.0,,0.0,0.0,0.0,0.0
GPT-3.5-Turbo,I,IPAddressSuccess.py,IPAddress,Success,23.0,0.0,9.0,11.0,0.0,1.0,1.0
GPT-3.5-Turbo,I,IpUtilFail.py,IpUtil,Fail,0.0,0.0,,0.0,0.0,0.0,0.0
GPT-3.5-Turbo,I,JobMarketplaceFail.py,JobMarketplace,Fail,20.0,0.0,,9.0,0.0,0.0,0.0
GPT-3.5-Turbo,I,JSONProcessorFail.py,JSONProcessor,Fail,28.0,10.0,7.0,7.0,2.0,0.0,0.0
GPT-3.5-Turbo,I,KappaCalculatorFail.py,KappaCalculator,Fail,0.0,0.0,,0.0,0.0,0.0,0.0
GPT-3.5-Turbo,I,LemmatizationFail.py,Lemmatization,Fail,33.0,0.0,7.0,6.0,0.0,0.0,0.0
GPT-3.5-Turbo,I,LongestWordFail.py,LongestWord,Fail,16.0,0.0,6.0,6.0,0.0,0.0,0.0
GPT-3.5-Turbo,I,MahjongConnectFail.py,MahjongConnect,Fail,40.0,4.0,17.0,23.0,2.0,0.0,0.0
GPT-3.5-Turbo,I,ManacherFail.py,Manacher,Fail,35.0,0.0,12.0,12.0,0.0,0.0,0.0
GPT-3.5-Turbo,I,MetricsCalculator2Fail.py,MetricsCalculator2,Fail,0.0,0.0,,0.0,0.0,0.0,0.0
GPT-3.5-Turbo,I,MetricsCalculatorFail.py,MetricsCalculator,Fail,41.0,0.0,16.0,15.0,0.0,0.0,0.0
GPT-3.5-Turbo,I,MinesweeperGameFail.py,MinesweeperGame,Fail,41.0,11.0,24.0,18.0,2.0,0.0,0.0
GPT-3.5-Turbo,I,MovieBookingSystemFail.py,MovieBookingSystem,Fail,30.0,0.0,15.0,11.0,0.0,0.0,0.0
GPT-3.5-Turbo,I,MovieTicketDBFail.py,MovieTicketDB,Fail,24.0,0.0,,5.0,0.0,0.0,0.0
GPT-3.5-Turbo,I,MusicPlayerFail.py,MusicPlayer,Fail,53.0,0.0,14.0,17.0,0.0,0.0,0.0
GPT-3.5-Turbo,I,NLPDataProcessor2Success.py,NLPDataProcessor2,Success,21.0,0.0,1.0,4.0,0.0,1.0,1.0
GPT-3.5-Turbo,I,NLPDataProcessorFail.py,NLPDataProcessor,Fail,14.0,0.0,1.0,5.0,0.0,0.0,0.0
GPT-3.5-Turbo,I,NumberConverterSuccess.py,NumberConverter,Success,0.0,0.0,,0.0,0.0,1.0,1.0
GPT-3.5-Turbo,I,NumberWordFormatterFail.py,NumberWordFormatter,Fail,52.0,0.0,13.0,14.0,0.0,0.0,0.0
GPT-3.5-Turbo,I,NumericEntityUnescaperFail.py,NumericEntityUnescaper,Fail,8.0,5.0,1.0,4.0,1.0,0.0,0.0
GPT-3.5-Turbo,I,OrderFail.py,Order,Fail,25.0,0.0,10.0,9.0,0.0,0.0,0.0
GPT-3.5-Turbo,I,PageUtilFail.py,PageUtil,Fail,35.0,0.0,,5.0,0.0,0.0,0.0
GPT-3.5-Turbo,I,PDFHandlerFail.py,PDFHandler,Fail,21.0,0.0,4.0,6.0,0.0,0.0,0.0
GPT-3.5-Turbo,I,PersonRequestSuccess.py,PersonRequest,Success,17.0,26.0,5.0,10.0,7.0,1.0,0.8470588235294118
GPT-3.5-Turbo,I,PushBoxGameSuccess.py,PushBoxGame,Success,64.0,8.0,29.0,15.0,1.0,1.0,0.9875
GPT-3.5-Turbo,I,RegexUtilsFail.py,RegexUtils,Fail,20.0,0.0,,8.0,0.0,0.0,0.0
GPT-3.5-Turbo,I,RPGCharacterFail.py,RPGCharacter,Fail,33.0,0.0,4.0,9.0,0.0,0.0,0.0
GPT-3.5-Turbo,I,ServerFail.py,Server,Fail,33.0,0.0,9.0,10.0,0.0,0.0,0.0
GPT-3.5-Turbo,I,ShoppingCartSuccess.py,ShoppingCart,Success,19.0,0.0,4.0,8.0,0.0,1.0,1.0
GPT-3.5-Turbo,I,SignInSystemSuccess.py,SignInSystem,Success,27.0,0.0,9.0,12.0,0.0,1.0,1.0
GPT-3.5-Turbo,I,SnakeFail.py,Snake,Fail,38.0,6.0,6.0,8.0,3.0,0.0,0.0
GPT-3.5-Turbo,I,SplitSentenceFail.py,SplitSentence,Fail,0.0,0.0,,0.0,0.0,0.0,0.0
GPT-3.5-Turbo,I,SQLGeneratorSuccess.py,SQLGenerator,Success,40.0,6.0,3.0,9.0,1.0,1.0,0.985
GPT-3.5-Turbo,I,SQLQueryBuilderSuccess.py,SQLQueryBuilder,Success,0.0,0.0,,0.0,0.0,1.0,1.0
GPT-3.5-Turbo,I,Statistics3Fail.py,Statistics3,Fail,0.0,0.0,,0.0,0.0,0.0,0.0
GPT-3.5-Turbo,I,StockPortfolioTrackerFail.py,StockPortfolioTracker,Fail,58.0,0.0,15.0,15.0,0.0,0.0,0.0
GPT-3.5-Turbo,I,StudentDatabaseProcessorSuccess.py,StudentDatabaseProcessor,Success,31.0,0.0,,5.0,0.0,1.0,1.0
GPT-3.5-Turbo,I,TextFileProcessorFail.py,TextFileProcessor,Fail,19.0,0.0,,5.0,0.0,0.0,0.0
GPT-3.5-Turbo,I,ThermostatFail.py,Thermostat,Fail,40.0,0.0,11.0,14.0,0.0,0.0,0.0
GPT-3.5-Turbo,I,TicTacToeSuccess.py,TicTacToe,Success,29.0,2.0,18.0,15.0,1.0,1.0,0.993103448275862
GPT-3.5-Turbo,I,TimeUtilsSuccess.py,TimeUtils,Success,25.0,0.0,,8.0,0.0,1.0,1.0
GPT-3.5-Turbo,I,TriCalculatorFail.py,TriCalculator,Fail,34.0,5.0,3.0,9.0,1.0,0.0,0.0
GPT-3.5-Turbo,I,TwentyFourPointGameFail.py,TwentyFourPointGame,Fail,18.0,5.0,2.0,6.0,1.0,0.0,0.0
GPT-3.5-Turbo,I,URLHandlerFail.py,URLHandler,Fail,19.0,0.0,,6.0,0.0,0.0,0.0
GPT-3.5-Turbo,I,UrlPathFail.py,UrlPath,Fail,13.0,0.0,,4.0,0.0,0.0,0.0
GPT-3.5-Turbo,I,UserLoginDBFail.py,UserLoginDB,Fail,25.0,0.0,3.0,7.0,0.0,0.0,0.0
GPT-3.5-Turbo,I,VectorUtilFail.py,VectorUtil,Fail,0.0,0.0,,0.0,0.0,0.0,0.0
GPT-3.5-Turbo,I,VendingMachineFail.py,VendingMachine,Fail,38.0,0.0,15.0,12.0,0.0,0.0,0.0
GPT-3.5-Turbo,I,WarehouseSuccess.py,Warehouse,Success,32.0,0.0,12.0,14.0,0.0,1.0,1.0
GPT-3.5-Turbo,I,WeatherSystemFail.py,WeatherSystem,Fail,28.0,0.0,8.0,9.0,0.0,0.0,0.0
GPT-3.5-Turbo,I,Words2NumbersFail.py,Words2Numbers,Fail,42.0,0.0,13.0,10.0,0.0,0.0,0.0
GPT-3.5-Turbo,I,XMLProcessorFail.py,XMLProcessor,Fail,20.0,0.0,1.0,4.0,0.0,0.0,0.0
GPT-3.5-Turbo,I,ZipFileProcessorSuccess.py,ZipFileProcessor,Success,35.0,0.0,5.0,6.0,0.0,1.0,1.0
GPT-4-Turbo,H,AccessGatewayFilterFail.py,AccessGatewayFilter,Fail,27.0,0.0,5.0,8.0,0.0,0.0,0.0
GPT-4-Turbo,H,AreaCalculatorSuccess.py,AreaCalculator,Success,14.0,0.0,,6.0,0.0,1.0,1.0
GPT-4-Turbo,H,ArgumentParserFail.py,ArgumentParser,Fail,40.0,6.0,18.0,12.0,1.0,0.0,0.0
GPT-4-Turbo,H,ArrangementCalculatorFail.py,ArrangementCalculator,Fail,23.0,0.0,4.0,9.0,0.0,0.0,0.0
GPT-4-Turbo,H,AssessmentSystemSuccess.py,AssessmentSystem,Success,19.0,0.0,4.0,13.0,0.0,1.0,1.0
GPT-4-Turbo,H,AutomaticGuitarSimulatorFail.py,AutomaticGuitarSimulator,Fail,15.0,0.0,3.0,7.0,0.0,0.0,0.0
GPT-4-Turbo,H,AvgPartitionSuccess.py,AvgPartition,Success,15.0,5.0,1.0,4.0,1.0,1.0,0.9666666666666667
GPT-4-Turbo,H,BalancedBracketsSuccess.py,BalancedBrackets,Success,19.0,0.0,10.0,8.0,0.0,1.0,1.0
GPT-4-Turbo,H,BankAccountSuccess.py,BankAccount,Success,20.0,0.0,3.0,8.0,0.0,1.0,1.0
GPT-4-Turbo,H,BigNumCalculatorSuccess.py,BigNumCalculator,Success,10.0,0.0,,3.0,0.0,1.0,1.0
GPT-4-Turbo,H,BinaryDataProcessorFail.py,BinaryDataProcessor,Fail,17.0,0.0,,6.0,0.0,0.0,0.0
GPT-4-Turbo,H,BitStatusUtilSuccess.py,BitStatusUtil,Success,21.0,0.0,6.0,8.0,0.0,1.0,1.0
GPT-4-Turbo,H,BlackjackGameFail.py,BlackjackGame,Fail,40.0,0.0,16.0,12.0,0.0,0.0,0.0
GPT-4-Turbo,H,BookManagementDBFail.py,BookManagementDB,Fail,42.0,0.0,,7.0,0.0,0.0,0.0
GPT-4-Turbo,H,BookManagementFail.py,BookManagement,Fail,25.0,0.0,12.0,10.0,0.0,0.0,0.0
GPT-4-Turbo,H,BoyerMooreSearchFail.py,BoyerMooreSearch,Fail,24.0,10.0,10.0,10.0,5.0,0.0,0.0
GPT-4-Turbo,H,CalculatorSuccess.py,Calculator,Success,40.0,0.0,16.0,14.0,0.0,1.0,1.0
GPT-4-Turbo,H,CalendarUtilFail.py,CalendarUtil,Fail,31.0,0.0,17.0,20.0,0.0,0.0,0.0
GPT-4-Turbo,H,CamelCaseMapSuccess.py,CamelCaseMap,Success,19.0,0.0,,8.0,0.0,1.0,1.0
GPT-4-Turbo,H,ChandrasekharSieveSuccess.py,ChandrasekharSieve,Success,15.0,0.0,6.0,7.0,0.0,1.0,1.0
GPT-4-Turbo,H,ChatFail.py,Chat,Fail,28.0,0.0,9.0,10.0,0.0,0.0,0.0
GPT-4-Turbo,H,ClassRegistrationSystemFail.py,ClassRegistrationSystem,Fail,26.0,5.0,7.0,11.0,1.0,0.0,0.0
GPT-4-Turbo,H,ClassroomFail.py,Classroom,Fail,25.0,0.0,8.0,12.0,0.0,0.0,0.0
GPT-4-Turbo,H,CombinationCalculatorFail.py,CombinationCalculator,Fail,19.0,0.0,1.0,6.0,0.0,0.0,0.0
GPT-4-Turbo,H,ComplexCalculatorSuccess.py,ComplexCalculator,Success,15.0,5.0,,5.0,1.0,1.0,0.9666666666666667
GPT-4-Turbo,H,CookiesUtilFail.py,CookiesUtil,Fail,23.0,0.0,2.0,4.0,0.0,0.0,0.0
GPT-4-Turbo,H,CSVProcessorSuccess.py,CSVProcessor,Success,24.0,12.0,1.0,4.0,3.0,1.0,0.95
GPT-4-Turbo,H,CurrencyConverterSuccess.py,CurrencyConverter,Success,25.0,0.0,4.0,9.0,0.0,1.0,1.0
GPT-4-Turbo,H,DatabaseProcessorFail.py,DatabaseProcessor,Fail,19.0,0.0,2.0,7.0,0.0,0.0,0.0
GPT-4-Turbo,H,DataStatistics2Fail.py,DataStatistics2,Fail,16.0,0.0,,7.0,0.0,0.0,0.0
GPT-4-Turbo,H,DataStatistics4Fail.py,DataStatistics4,Fail,16.0,0.0,,4.0,0.0,0.0,0.0
GPT-4-Turbo,H,DataStatisticsSuccess.py,DataStatistics,Success,15.0,0.0,2.0,5.0,0.0,1.0,1.0
GPT-4-Turbo,H,DecryptionUtilsFail.py,DecryptionUtils,Fail,42.0,0.0,19.0,14.0,0.0,0.0,0.0
GPT-4-Turbo,H,DiscountStrategySuccess.py,DiscountStrategy,Success,31.0,15.0,7.0,11.0,3.0,1.0,0.9516129032258065
GPT-4-Turbo,H,DocFileHandlerFail.py,DocFileHandler,Fail,34.0,0.0,7.0,9.0,0.0,0.0,0.0
GPT-4-Turbo,H,EightPuzzleFail.py,EightPuzzle,Fail,44.0,0.0,19.0,16.0,0.0,0.0,0.0
GPT-4-Turbo,H,EmailClientFail.py,EmailClient,Fail,28.0,0.0,8.0,11.0,0.0,0.0,0.0
GPT-4-Turbo,H,EncryptionUtilsFail.py,EncryptionUtils,Fail,37.0,0.0,20.0,14.0,0.0,0.0,0.0
GPT-4-Turbo,H,ExcelProcessorFail.py,ExcelProcessor,Fail,31.0,7.0,4.0,7.0,2.0,0.0,0.0
GPT-4-Turbo,H,ExpressionCalculatorFail.py,ExpressionCalculator,Fail,55.0,0.0,23.0,16.0,0.0,0.0,0.0
GPT-4-Turbo,H,FitnessTrackerSuccess.py,FitnessTracker,Success,32.0,7.0,8.0,7.0,2.0,1.0,0.978125
GPT-4-Turbo,H,GomokuGameFail.py,GomokuGame,Fail,29.0,0.0,21.0,14.0,0.0,0.0,0.0
GPT-4-Turbo,H,HotelSuccess.py,Hotel,Success,42.0,0.0,27.0,15.0,0.0,1.0,1.0
GPT-4-Turbo,H,HRManagementSystemFail.py,HRManagementSystem,Fail,28.0,0.0,8.0,10.0,0.0,0.0,0.0
GPT-4-Turbo,H,HtmlUtilFail.py,HtmlUtil,Fail,22.0,0.0,1.0,5.0,0.0,0.0,0.0
GPT-4-Turbo,H,ImageProcessorFail.py,ImageProcessor,Fail,19.0,0.0,4.0,10.0,0.0,0.0,0.0
GPT-4-Turbo,H,InterpolationFail.py,Interpolation,Fail,12.0,5.0,,3.0,1.0,0.0,0.0
GPT-4-Turbo,H,IPAddressSuccess.py,IPAddress,Success,21.0,0.0,9.0,10.0,0.0,1.0,1.0
GPT-4-Turbo,H,IpUtilFail.py,IpUtil,Fail,29.0,0.0,6.0,3.0,0.0,0.0,0.0
GPT-4-Turbo,H,JobMarketplaceFail.py,JobMarketplace,Fail,18.0,0.0,,10.0,0.0,0.0,0.0
GPT-4-Turbo,H,JSONProcessorFail.py,JSONProcessor,Fail,31.0,0.0,7.0,7.0,0.0,0.0,0.0
GPT-4-Turbo,H,KappaCalculatorFail.py,KappaCalculator,Fail,16.0,8.0,,2.0,4.0,0.0,0.0
GPT-4-Turbo,H,LemmatizationFail.py,Lemmatization,Fail,25.0,0.0,5.0,6.0,0.0,0.0,0.0
GPT-4-Turbo,H,LongestWordFail.py,LongestWord,Fail,17.0,0.0,5.0,7.0,0.0,0.0,0.0
GPT-4-Turbo,H,MahjongConnectFail.py,MahjongConnect,Fail,36.0,24.0,16.0,18.0,6.0,0.0,0.0
GPT-4-Turbo,H,ManacherFail.py,Manacher,Fail,19.0,0.0,7.0,9.0,0.0,0.0,0.0
GPT-4-Turbo,H,MetricsCalculator2Fail.py,MetricsCalculator2,Fail,26.0,10.0,13.0,10.0,2.0,0.0,0.0
GPT-4-Turbo,H,MetricsCalculatorFail.py,MetricsCalculator,Fail,28.0,0.0,12.0,10.0,0.0,0.0,0.0
GPT-4-Turbo,H,MinesweeperGameFail.py,MinesweeperGame,Fail,37.0,10.0,23.0,17.0,2.0,0.0,0.0
GPT-4-Turbo,H,MovieBookingSystemSuccess.py,MovieBookingSystem,Success,26.0,0.0,15.0,11.0,0.0,1.0,1.0
GPT-4-Turbo,H,MovieTicketDBSuccess.py,MovieTicketDB,Success,32.0,0.0,,5.0,0.0,1.0,1.0
GPT-4-Turbo,H,MusicPlayerSuccess.py,MusicPlayer,Success,54.0,0.0,19.0,18.0,0.0,1.0,1.0
GPT-4-Turbo,H,NLPDataProcessor2Success.py,NLPDataProcessor2,Success,18.0,0.0,2.0,5.0,0.0,1.0,1.0
GPT-4-Turbo,H,NLPDataProcessorFail.py,NLPDataProcessor,Fail,8.0,0.0,,4.0,0.0,0.0,0.0
GPT-4-Turbo,H,NumberConverterSuccess.py,NumberConverter,Success,19.0,0.0,,6.0,0.0,1.0,1.0
GPT-4-Turbo,H,NumberWordFormatterFail.py,NumberWordFormatter,Fail,29.0,0.0,6.0,9.0,0.0,0.0,0.0
GPT-4-Turbo,H,NumericEntityUnescaperSuccess.py,NumericEntityUnescaper,Success,10.0,5.0,,3.0,1.0,1.0,0.95
GPT-4-Turbo,H,OrderSuccess.py,Order,Success,25.0,5.0,9.0,9.0,1.0,1.0,0.98
GPT-4-Turbo,H,PageUtilFail.py,PageUtil,Fail,33.0,0.0,,5.0,0.0,0.0,0.0
GPT-4-Turbo,H,PDFHandlerFail.py,PDFHandler,Fail,23.0,0.0,6.0,7.0,0.0,0.0,0.0
GPT-4-Turbo,H,PersonRequestSuccess.py,PersonRequest,Success,17.0,26.0,5.0,10.0,7.0,1.0,0.8470588235294118
GPT-4-Turbo,H,PushBoxGameFail.py,PushBoxGame,Fail,37.0,0.0,20.0,13.0,0.0,0.0,0.0
GPT-4-Turbo,H,RegexUtilsSuccess.py,RegexUtils,Success,25.0,0.0,,10.0,0.0,1.0,1.0
GPT-4-Turbo,H,RPGCharacterSuccess.py,RPGCharacter,Success,32.0,0.0,4.0,10.0,0.0,1.0,1.0
GPT-4-Turbo,H,ServerFail.py,Server,Fail,32.0,0.0,9.0,10.0,0.0,0.0,0.0
GPT-4-Turbo,H,ShoppingCartSuccess.py,ShoppingCart,Success,21.0,0.0,7.0,9.0,0.0,1.0,1.0
GPT-4-Turbo,H,SignInSystemSuccess.py,SignInSystem,Success,21.0,0.0,4.0,9.0,0.0,1.0,1.0
GPT-4-Turbo,H,SnakeFail.py,Snake,Fail,37.0,6.0,10.0,11.0,3.0,0.0,0.0
GPT-4-Turbo,H,SplitSentenceFail.py,SplitSentence,Fail,0.0,0.0,,0.0,0.0,0.0,0.0
GPT-4-Turbo,H,SQLGeneratorSuccess.py,SQLGenerator,Success,31.0,0.0,3.0,9.0,0.0,1.0,1.0
GPT-4-Turbo,H,SQLQueryBuilderSuccess.py,SQLQueryBuilder,Success,26.0,12.0,3.0,7.0,2.0,1.0,0.9538461538461538
GPT-4-Turbo,H,Statistics3Fail.py,Statistics3,Fail,34.0,0.0,,8.0,0.0,0.0,0.0
GPT-4-Turbo,H,StockPortfolioTrackerFail.py,StockPortfolioTracker,Fail,40.0,5.0,14.0,16.0,1.0,0.0,0.0
GPT-4-Turbo,H,StudentDatabaseProcessorSuccess.py,StudentDatabaseProcessor,Success,44.0,0.0,,5.0,0.0,1.0,1.0
GPT-4-Turbo,H,TextFileProcessorFail.py,TextFileProcessor,Fail,23.0,0.0,,5.0,0.0,0.0,0.0
GPT-4-Turbo,H,ThermostatFail.py,Thermostat,Fail,40.0,0.0,13.0,16.0,0.0,0.0,0.0
GPT-4-Turbo,H,TicTacToeSuccess.py,TicTacToe,Success,27.0,2.0,14.0,13.0,1.0,1.0,0.9925925925925926
GPT-4-Turbo,H,TimeUtilsFail.py,TimeUtils,Fail,22.0,0.0,,8.0,0.0,0.0,0.0
GPT-4-Turbo,H,TriCalculatorFail.py,TriCalculator,Fail,29.0,15.0,4.0,9.0,3.0,0.0,0.0
GPT-4-Turbo,H,TwentyFourPointGameFail.py,TwentyFourPointGame,Fail,15.0,5.0,1.0,5.0,1.0,0.0,0.0
GPT-4-Turbo,H,URLHandlerFail.py,URLHandler,Fail,14.0,0.0,,6.0,0.0,0.0,0.0
GPT-4-Turbo,H,UrlPathFail.py,UrlPath,Fail,14.0,0.0,,4.0,0.0,0.0,0.0
GPT-4-Turbo,H,UserLoginDBFail.py,UserLoginDB,Fail,19.0,0.0,,6.0,0.0,0.0,0.0
GPT-4-Turbo,H,VectorUtilSuccess.py,VectorUtil,Success,20.0,0.0,,4.0,0.0,1.0,1.0
GPT-4-Turbo,H,VendingMachineFail.py,VendingMachine,Fail,27.0,0.0,7.0,11.0,0.0,0.0,0.0
GPT-4-Turbo,H,WarehouseSuccess.py,Warehouse,Success,33.0,0.0,12.0,14.0,0.0,1.0,1.0
GPT-4-Turbo,H,WeatherSystemFail.py,WeatherSystem,Fail,19.0,0.0,1.0,6.0,0.0,0.0,0.0
GPT-4-Turbo,H,Words2NumbersFail.py,Words2Numbers,Fail,35.0,20.0,12.0,12.0,1.0,0.0,0.0
GPT-4-Turbo,H,XMLProcessorFail.py,XMLProcessor,Fail,23.0,0.0,2.0,6.0,0.0,0.0,0.0
GPT-4-Turbo,H,ZipFileProcessorSuccess.py,ZipFileProcessor,Success,35.0,0.0,5.0,6.0,0.0,1.0,1.0
GPT-4-Turbo,C,AccessGatewayFilterFail.py,AccessGatewayFilter,Fail,32.0,5.0,5.0,8.0,1.0,0.0,0.0
GPT-4-Turbo,C,AreaCalculatorSuccess.py,AreaCalculator,Success,19.0,0.0,,6.0,0.0,1.0,1.0
GPT-4-Turbo,C,ArgumentParserFail.py,ArgumentParser,Fail,40.0,9.0,21.0,13.0,1.0,0.0,0.0
GPT-4-Turbo,C,ArrangementCalculatorFail.py,ArrangementCalculator,Fail,29.0,0.0,7.0,11.0,0.0,0.0,0.0
GPT-4-Turbo,C,AssessmentSystemSuccess.py,AssessmentSystem,Success,48.0,0.0,22.0,19.0,0.0,1.0,1.0
GPT-4-Turbo,C,AutomaticGuitarSimulatorFail.py,AutomaticGuitarSimulator,Fail,16.0,0.0,3.0,7.0,0.0,0.0,0.0
GPT-4-Turbo,C,AvgPartitionSuccess.py,AvgPartition,Success,16.0,5.0,3.0,6.0,1.0,1.0,0.96875
GPT-4-Turbo,C,BalancedBracketsSuccess.py,BalancedBrackets,Success,19.0,0.0,11.0,9.0,0.0,1.0,1.0
GPT-4-Turbo,C,BankAccountFail.py,BankAccount,Fail,25.0,0.0,7.0,8.0,0.0,0.0,0.0
GPT-4-Turbo,C,BigNumCalculatorSuccess.py,BigNumCalculator,Success,19.0,0.0,,3.0,0.0,1.0,1.0
GPT-4-Turbo,C,BinaryDataProcessorFail.py,BinaryDataProcessor,Fail,28.0,0.0,1.0,7.0,0.0,0.0,0.0
GPT-4-Turbo,C,BitStatusUtilSuccess.py,BitStatusUtil,Success,25.0,0.0,13.0,15.0,0.0,1.0,1.0
GPT-4-Turbo,C,BlackjackGameFail.py,BlackjackGame,Fail,40.0,0.0,16.0,12.0,0.0,0.0,0.0
GPT-4-Turbo,C,BookManagementDBFail.py,BookManagementDB,Fail,46.0,0.0,3.0,7.0,0.0,0.0,0.0
GPT-4-Turbo,C,BookManagementFail.py,BookManagement,Fail,25.0,0.0,10.0,9.0,0.0,0.0,0.0
GPT-4-Turbo,C,BoyerMooreSearchSuccess.py,BoyerMooreSearch,Success,30.0,6.0,17.0,14.0,3.0,1.0,0.98
GPT-4-Turbo,C,CalculatorSuccess.py,Calculator,Success,48.0,0.0,20.0,15.0,0.0,1.0,1.0
GPT-4-Turbo,C,CalendarUtilFail.py,CalendarUtil,Fail,0.0,0.0,,0.0,0.0,0.0,0.0
GPT-4-Turbo,C,CamelCaseMapFail.py,CamelCaseMap,Fail,29.0,0.0,4.0,10.0,0.0,0.0,0.0
GPT-4-Turbo,C,ChandrasekharSieveSuccess.py,ChandrasekharSieve,Success,13.0,0.0,3.0,6.0,0.0,1.0,1.0
GPT-4-Turbo,C,ChatFail.py,Chat,Fail,24.0,0.0,7.0,9.0,0.0,0.0,0.0
GPT-4-Turbo,C,ClassRegistrationSystemSuccess.py,ClassRegistrationSystem,Success,37.0,0.0,19.0,16.0,0.0,1.0,1.0
GPT-4-Turbo,C,ClassroomFail.py,Classroom,Fail,30.0,0.0,12.0,16.0,0.0,0.0,0.0
GPT-4-Turbo,C,CombinationCalculatorFail.py,CombinationCalculator,Fail,34.0,31.0,6.0,12.0,8.0,0.0,0.0
GPT-4-Turbo,C,ComplexCalculatorSuccess.py,ComplexCalculator,Success,18.0,5.0,2.0,6.0,1.0,1.0,0.9722222222222222
GPT-4-Turbo,C,CookiesUtilFail.py,CookiesUtil,Fail,20.0,0.0,1.0,4.0,0.0,0.0,0.0
GPT-4-Turbo,C,CSVProcessorSuccess.py,CSVProcessor,Success,30.0,7.0,2.0,4.0,2.0,1.0,0.9766666666666667
GPT-4-Turbo,C,CurrencyConverterSuccess.py,CurrencyConverter,Success,32.0,0.0,7.0,10.0,0.0,1.0,1.0
GPT-4-Turbo,C,DatabaseProcessorSuccess.py,DatabaseProcessor,Success,44.0,0.0,3.0,7.0,0.0,1.0,1.0
GPT-4-Turbo,C,DataStatistics2Fail.py,DataStatistics2,Fail,16.0,0.0,,7.0,0.0,0.0,0.0
GPT-4-Turbo,C,DataStatistics4Fail.py,DataStatistics4,Fail,18.0,0.0,1.0,5.0,0.0,0.0,0.0
GPT-4-Turbo,C,DataStatisticsSuccess.py,DataStatistics,Success,22.0,0.0,4.0,6.0,0.0,1.0,1.0
GPT-4-Turbo,C,DecryptionUtilsFail.py,DecryptionUtils,Fail,55.0,13.0,31.0,21.0,1.0,0.0,0.0
GPT-4-Turbo,C,DiscountStrategyFail.py,DiscountStrategy,Fail,34.0,15.0,7.0,11.0,3.0,0.0,0.0
GPT-4-Turbo,C,DocFileHandlerFail.py,DocFileHandler,Fail,60.0,0.0,11.0,11.0,0.0,0.0,0.0
GPT-4-Turbo,C,EightPuzzleFail.py,EightPuzzle,Fail,54.0,13.0,33.0,23.0,2.0,0.0,0.0
GPT-4-Turbo,C,EmailClientFail.py,EmailClient,Fail,33.0,0.0,9.0,12.0,0.0,0.0,0.0
GPT-4-Turbo,C,EncryptionUtilsFail.py,EncryptionUtils,Fail,35.0,0.0,12.0,10.0,0.0,0.0,0.0
GPT-4-Turbo,C,ExcelProcessorFail.py,ExcelProcessor,Fail,27.0,7.0,6.0,8.0,2.0,0.0,0.0
GPT-4-Turbo,C,ExpressionCalculatorFail.py,ExpressionCalculator,Fail,70.0,15.0,32.0,20.0,2.0,0.0,0.0
GPT-4-Turbo,C,FitnessTrackerFail.py,FitnessTracker,Fail,36.0,9.0,11.0,9.0,3.0,0.0,0.0
GPT-4-Turbo,C,GomokuGameSuccess.py,GomokuGame,Success,34.0,5.0,25.0,21.0,1.0,1.0,0.9852941176470589
GPT-4-Turbo,C,HotelSuccess.py,Hotel,Success,51.0,0.0,36.0,18.0,0.0,1.0,1.0
GPT-4-Turbo,C,HRManagementSystemFail.py,HRManagementSystem,Fail,33.0,0.0,8.0,10.0,0.0,0.0,0.0
GPT-4-Turbo,C,HtmlUtilFail.py,HtmlUtil,Fail,27.0,2.0,1.0,5.0,1.0,0.0,0.0
GPT-4-Turbo,C,ImageProcessorFail.py,ImageProcessor,Fail,31.0,6.0,9.0,10.0,1.0,0.0,0.0
GPT-4-Turbo,C,InterpolationFail.py,Interpolation,Fail,24.0,5.0,7.0,6.0,1.0,0.0,0.0
GPT-4-Turbo,C,IPAddressSuccess.py,IPAddress,Success,26.0,0.0,11.0,11.0,0.0,1.0,1.0
GPT-4-Turbo,C,IpUtilFail.py,IpUtil,Fail,23.0,5.0,6.0,6.0,1.0,0.0,0.0
GPT-4-Turbo,C,JobMarketplaceFail.py,JobMarketplace,Fail,36.0,0.0,8.0,13.0,0.0,0.0,0.0
GPT-4-Turbo,C,JSONProcessorFail.py,JSONProcessor,Fail,29.0,0.0,6.0,6.0,0.0,0.0,0.0
GPT-4-Turbo,C,KappaCalculatorFail.py,KappaCalculator,Fail,16.0,12.0,,2.0,6.0,0.0,0.0
GPT-4-Turbo,C,LemmatizationFail.py,Lemmatization,Fail,28.0,0.0,5.0,6.0,0.0,0.0,0.0
GPT-4-Turbo,C,LongestWordFail.py,LongestWord,Fail,14.0,0.0,1.0,5.0,0.0,0.0,0.0
GPT-4-Turbo,C,MahjongConnectFail.py,MahjongConnect,Fail,42.0,14.0,16.0,20.0,4.0,0.0,0.0
GPT-4-Turbo,C,ManacherFail.py,Manacher,Fail,24.0,0.0,7.0,9.0,0.0,0.0,0.0
GPT-4-Turbo,C,MetricsCalculator2Fail.py,MetricsCalculator2,Fail,28.0,5.0,9.0,10.0,1.0,0.0,0.0
GPT-4-Turbo,C,MetricsCalculatorFail.py,MetricsCalculator,Fail,47.0,0.0,23.0,21.0,0.0,0.0,0.0
GPT-4-Turbo,C,MinesweeperGameFail.py,MinesweeperGame,Fail,37.0,10.0,22.0,16.0,2.0,0.0,0.0
GPT-4-Turbo,C,MovieBookingSystemFail.py,MovieBookingSystem,Fail,30.0,0.0,17.0,12.0,0.0,0.0,0.0
GPT-4-Turbo,C,MovieTicketDBSuccess.py,MovieTicketDB,Success,28.0,0.0,,5.0,0.0,1.0,1.0
GPT-4-Turbo,C,MusicPlayerSuccess.py,MusicPlayer,Success,51.0,0.0,16.0,19.0,0.0,1.0,1.0
GPT-4-Turbo,C,NLPDataProcessor2Success.py,NLPDataProcessor2,Success,22.0,0.0,1.0,4.0,0.0,1.0,1.0
GPT-4-Turbo,C,NLPDataProcessorFail.py,NLPDataProcessor,Fail,12.0,0.0,1.0,5.0,0.0,0.0,0.0
GPT-4-Turbo,C,NumberConverterFail.py,NumberConverter,Fail,24.0,0.0,1.0,7.0,0.0,0.0,0.0
GPT-4-Turbo,C,NumberWordFormatterFail.py,NumberWordFormatter,Fail,69.0,6.0,30.0,21.0,1.0,0.0,0.0
GPT-4-Turbo,C,NumericEntityUnescaperFail.py,NumericEntityUnescaper,Fail,16.0,5.0,4.0,7.0,1.0,0.0,0.0
GPT-4-Turbo,C,OrderFail.py,Order,Fail,30.0,0.0,12.0,10.0,0.0,0.0,0.0
GPT-4-Turbo,C,PageUtilFail.py,PageUtil,Fail,36.0,0.0,2.0,7.0,0.0,0.0,0.0
GPT-4-Turbo,C,PDFHandlerFail.py,PDFHandler,Fail,22.0,0.0,6.0,7.0,0.0,0.0,0.0
GPT-4-Turbo,C,PersonRequestFail.py,PersonRequest,Fail,21.0,26.0,8.0,10.0,7.0,0.0,0.0
GPT-4-Turbo,C,PushBoxGameSuccess.py,PushBoxGame,Success,67.0,6.0,27.0,16.0,1.0,1.0,0.991044776119403
GPT-4-Turbo,C,RegexUtilsFail.py,RegexUtils,Fail,29.0,0.0,2.0,11.0,0.0,0.0,0.0
GPT-4-Turbo,C,RPGCharacterFail.py,RPGCharacter,Fail,32.0,0.0,4.0,10.0,0.0,0.0,0.0
GPT-4-Turbo,C,ServerFail.py,Server,Fail,40.0,0.0,13.0,12.0,0.0,0.0,0.0
GPT-4-Turbo,C,ShoppingCartSuccess.py,ShoppingCart,Success,25.0,0.0,9.0,9.0,0.0,1.0,1.0
GPT-4-Turbo,C,SignInSystemSuccess.py,SignInSystem,Success,31.0,0.0,12.0,13.0,0.0,1.0,1.0
GPT-4-Turbo,C,SnakeFail.py,Snake,Fail,41.0,6.0,13.0,13.0,3.0,0.0,0.0
GPT-4-Turbo,C,SplitSentenceFail.py,SplitSentence,Fail,0.0,0.0,,0.0,0.0,0.0,0.0
GPT-4-Turbo,C,SQLGeneratorSuccess.py,SQLGenerator,Success,27.0,0.0,4.0,9.0,0.0,1.0,1.0
GPT-4-Turbo,C,SQLQueryBuilderFail.py,SQLQueryBuilder,Fail,39.0,6.0,11.0,12.0,1.0,0.0,0.0
GPT-4-Turbo,C,Statistics3Fail.py,Statistics3,Fail,47.0,10.0,3.0,10.0,2.0,0.0,0.0
GPT-4-Turbo,C,StockPortfolioTrackerFail.py,StockPortfolioTracker,Fail,46.0,0.0,17.0,16.0,0.0,0.0,0.0
GPT-4-Turbo,C,StudentDatabaseProcessorSuccess.py,StudentDatabaseProcessor,Success,40.0,0.0,,5.0,0.0,1.0,1.0
GPT-4-Turbo,C,TextFileProcessorFail.py,TextFileProcessor,Fail,24.0,0.0,1.0,5.0,0.0,0.0,0.0
GPT-4-Turbo,C,ThermostatFail.py,Thermostat,Fail,44.0,0.0,14.0,16.0,0.0,0.0,0.0
GPT-4-Turbo,C,TicTacToeSuccess.py,TicTacToe,Success,31.0,2.0,21.0,19.0,1.0,1.0,0.9935483870967742
GPT-4-Turbo,C,TimeUtilsSuccess.py,TimeUtils,Success,25.0,0.0,,8.0,0.0,1.0,1.0
GPT-4-Turbo,C,TriCalculatorFail.py,TriCalculator,Fail,27.0,10.0,3.0,8.0,2.0,0.0,0.0
GPT-4-Turbo,C,TwentyFourPointGameFail.py,TwentyFourPointGame,Fail,25.0,5.0,4.0,6.0,1.0,0.0,0.0
GPT-4-Turbo,C,URLHandlerFail.py,URLHandler,Fail,23.0,0.0,3.0,8.0,0.0,0.0,0.0
GPT-4-Turbo,C,UrlPathFail.py,UrlPath,Fail,14.0,0.0,,5.0,0.0,0.0,0.0
GPT-4-Turbo,C,UserLoginDBFail.py,UserLoginDB,Fail,23.0,0.0,2.0,6.0,0.0,0.0,0.0
GPT-4-Turbo,C,VectorUtilFail.py,VectorUtil,Fail,26.0,0.0,1.0,5.0,0.0,0.0,0.0
GPT-4-Turbo,C,VendingMachineFail.py,VendingMachine,Fail,35.0,0.0,12.0,12.0,0.0,0.0,0.0
GPT-4-Turbo,C,WarehouseFail.py,Warehouse,Fail,38.0,0.0,12.0,14.0,0.0,0.0,0.0
GPT-4-Turbo,C,WeatherSystemFail.py,WeatherSystem,Fail,27.0,0.0,9.0,9.0,0.0,0.0,0.0
GPT-4-Turbo,C,Words2NumbersFail.py,Words2Numbers,Fail,38.0,20.0,14.0,15.0,1.0,0.0,0.0
GPT-4-Turbo,C,XMLProcessorFail.py,XMLProcessor,Fail,30.0,0.0,6.0,8.0,0.0,0.0,0.0
GPT-4-Turbo,C,ZipFileProcessorSuccess.py,ZipFileProcessor,Success,41.0,0.0,8.0,7.0,0.0,1.0,1.0
GPT-4-Turbo,I,AccessGatewayFilterFail.py,AccessGatewayFilter,Fail,29.0,5.0,8.0,9.0,1.0,0.0,0.0
GPT-4-Turbo,I,AreaCalculatorSuccess.py,AreaCalculator,Success,14.0,0.0,,6.0,0.0,1.0,1.0
GPT-4-Turbo,I,ArgumentParserFail.py,ArgumentParser,Fail,41.0,0.0,15.0,11.0,0.0,0.0,0.0
GPT-4-Turbo,I,ArrangementCalculatorFail.py,ArrangementCalculator,Fail,31.0,0.0,9.0,13.0,0.0,0.0,0.0
GPT-4-Turbo,I,AssessmentSystemSuccess.py,AssessmentSystem,Success,45.0,0.0,20.0,19.0,0.0,1.0,1.0
GPT-4-Turbo,I,AutomaticGuitarSimulatorFail.py,AutomaticGuitarSimulator,Fail,16.0,0.0,4.0,8.0,0.0,0.0,0.0
GPT-4-Turbo,I,AvgPartitionSuccess.py,AvgPartition,Success,20.0,5.0,4.0,5.0,1.0,1.0,0.975
GPT-4-Turbo,I,BalancedBracketsSuccess.py,BalancedBrackets,Success,20.0,0.0,11.0,9.0,0.0,1.0,1.0
GPT-4-Turbo,I,BankAccountSuccess.py,BankAccount,Success,28.0,6.0,8.0,8.0,1.0,1.0,0.9785714285714285
GPT-4-Turbo,I,BigNumCalculatorFail.py,BigNumCalculator,Fail,9.0,0.0,,3.0,0.0,0.0,0.0
GPT-4-Turbo,I,BinaryDataProcessorFail.py,BinaryDataProcessor,Fail,23.0,0.0,,6.0,0.0,0.0,0.0
GPT-4-Turbo,I,BitStatusUtilFail.py,BitStatusUtil,Fail,25.0,6.0,13.0,14.0,1.0,0.0,0.0
GPT-4-Turbo,I,BlackjackGameFail.py,BlackjackGame,Fail,43.0,6.0,19.0,12.0,1.0,0.0,0.0
GPT-4-Turbo,I,BookManagementDBFail.py,BookManagementDB,Fail,50.0,0.0,,7.0,0.0,0.0,0.0
GPT-4-Turbo,I,BookManagementSuccess.py,BookManagement,Success,25.0,0.0,12.0,10.0,0.0,1.0,1.0
GPT-4-Turbo,I,BoyerMooreSearchFail.py,BoyerMooreSearch,Fail,26.0,12.0,13.0,11.0,6.0,0.0,0.0
GPT-4-Turbo,I,CalculatorFail.py,Calculator,Fail,41.0,0.0,11.0,8.0,0.0,0.0,0.0
GPT-4-Turbo,I,CalendarUtilFail.py,CalendarUtil,Fail,0.0,0.0,,0.0,0.0,0.0,0.0
GPT-4-Turbo,I,CamelCaseMapFail.py,CamelCaseMap,Fail,24.0,0.0,1.0,9.0,0.0,0.0,0.0
GPT-4-Turbo,I,ChandrasekharSieveSuccess.py,ChandrasekharSieve,Success,14.0,0.0,6.0,7.0,0.0,1.0,1.0
GPT-4-Turbo,I,ChatFail.py,Chat,Fail,32.0,0.0,11.0,11.0,0.0,0.0,0.0
GPT-4-Turbo,I,ClassRegistrationSystemFail.py,ClassRegistrationSystem,Fail,38.0,0.0,13.0,15.0,0.0,0.0,0.0
GPT-4-Turbo,I,ClassroomFail.py,Classroom,Fail,28.0,0.0,10.0,14.0,0.0,0.0,0.0
GPT-4-Turbo,I,CombinationCalculatorFail.py,CombinationCalculator,Fail,44.0,21.0,4.0,15.0,6.0,0.0,0.0
GPT-4-Turbo,I,ComplexCalculatorFail.py,ComplexCalculator,Fail,12.0,20.0,,5.0,4.0,0.0,0.0
GPT-4-Turbo,I,CookiesUtilFail.py,CookiesUtil,Fail,21.0,0.0,1.0,4.0,0.0,0.0,0.0
GPT-4-Turbo,I,CSVProcessorSuccess.py,CSVProcessor,Success,30.0,7.0,2.0,4.0,2.0,1.0,0.9766666666666667
GPT-4-Turbo,I,CurrencyConverterSuccess.py,CurrencyConverter,Success,33.0,0.0,8.0,11.0,0.0,1.0,1.0
GPT-4-Turbo,I,DatabaseProcessorFail.py,DatabaseProcessor,Fail,43.0,0.0,3.0,7.0,0.0,0.0,0.0
GPT-4-Turbo,I,DataStatistics2Fail.py,DataStatistics2,Fail,16.0,0.0,,7.0,0.0,0.0,0.0
GPT-4-Turbo,I,DataStatistics4Fail.py,DataStatistics4,Fail,22.0,0.0,,4.0,0.0,0.0,0.0
GPT-4-Turbo,I,DataStatisticsFail.py,DataStatistics,Fail,16.0,0.0,2.0,5.0,0.0,0.0,0.0
GPT-4-Turbo,I,DecryptionUtilsFail.py,DecryptionUtils,Fail,48.0,10.0,28.0,17.0,2.0,0.0,0.0
GPT-4-Turbo,I,DiscountStrategySuccess.py,DiscountStrategy,Success,32.0,20.0,8.0,11.0,4.0,1.0,0.9375
GPT-4-Turbo,I,DocFileHandlerFail.py,DocFileHandler,Fail,0.0,0.0,,0.0,0.0,0.0,0.0
GPT-4-Turbo,I,EightPuzzleFail.py,EightPuzzle,Fail,50.0,5.0,30.0,21.0,1.0,0.0,0.0
GPT-4-Turbo,I,EmailClientFail.py,EmailClient,Fail,33.0,0.0,6.0,10.0,0.0,0.0,0.0
GPT-4-Turbo,I,EncryptionUtilsFail.py,EncryptionUtils,Fail,38.0,0.0,15.0,12.0,0.0,0.0,0.0
GPT-4-Turbo,I,ExcelProcessorFail.py,ExcelProcessor,Fail,30.0,7.0,6.0,8.0,2.0,0.0,0.0
GPT-4-Turbo,I,ExpressionCalculatorFail.py,ExpressionCalculator,Fail,81.0,25.0,37.0,24.0,4.0,0.0,0.0
GPT-4-Turbo,I,FitnessTrackerSuccess.py,FitnessTracker,Success,34.0,7.0,13.0,9.0,2.0,1.0,0.9794117647058823
GPT-4-Turbo,I,GomokuGameSuccess.py,GomokuGame,Success,38.0,16.0,37.0,30.0,1.0,1.0,0.9578947368421052
GPT-4-Turbo,I,HotelSuccess.py,Hotel,Success,44.0,0.0,30.0,15.0,0.0,1.0,1.0
GPT-4-Turbo,I,HRManagementSystemFail.py,HRManagementSystem,Fail,28.0,0.0,8.0,10.0,0.0,0.0,0.0
GPT-4-Turbo,I,HtmlUtilFail.py,HtmlUtil,Fail,33.0,5.0,5.0,7.0,1.0,0.0,0.0
GPT-4-Turbo,I,ImageProcessorFail.py,ImageProcessor,Fail,47.0,0.0,17.0,10.0,0.0,0.0,0.0
GPT-4-Turbo,I,InterpolationFail.py,Interpolation,Fail,15.0,5.0,,3.0,1.0,0.0,0.0
GPT-4-Turbo,I,IPAddressSuccess.py,IPAddress,Success,26.0,0.0,11.0,11.0,0.0,1.0,1.0
GPT-4-Turbo,I,IpUtilFail.py,IpUtil,Fail,34.0,0.0,9.0,3.0,0.0,0.0,0.0
GPT-4-Turbo,I,JobMarketplaceFail.py,JobMarketplace,Fail,36.0,0.0,8.0,13.0,0.0,0.0,0.0
GPT-4-Turbo,I,JSONProcessorFail.py,JSONProcessor,Fail,37.0,0.0,7.0,6.0,0.0,0.0,0.0
GPT-4-Turbo,I,KappaCalculatorFail.py,KappaCalculator,Fail,15.0,10.0,,2.0,5.0,0.0,0.0
GPT-4-Turbo,I,LemmatizationFail.py,Lemmatization,Fail,29.0,0.0,6.0,6.0,0.0,0.0,0.0
GPT-4-Turbo,I,LongestWordFail.py,LongestWord,Fail,17.0,0.0,5.0,7.0,0.0,0.0,0.0
GPT-4-Turbo,I,MahjongConnectFail.py,MahjongConnect,Fail,48.0,14.0,29.0,27.0,4.0,0.0,0.0
GPT-4-Turbo,I,ManacherFail.py,Manacher,Fail,23.0,0.0,9.0,10.0,0.0,0.0,0.0
GPT-4-Turbo,I,MetricsCalculator2Fail.py,MetricsCalculator2,Fail,32.0,5.0,17.0,12.0,1.0,0.0,0.0
GPT-4-Turbo,I,MetricsCalculatorFail.py,MetricsCalculator,Fail,40.0,0.0,16.0,10.0,0.0,0.0,0.0
GPT-4-Turbo,I,MinesweeperGameFail.py,MinesweeperGame,Fail,38.0,5.0,22.0,15.0,1.0,0.0,0.0
GPT-4-Turbo,I,MovieBookingSystemSuccess.py,MovieBookingSystem,Success,28.0,0.0,15.0,11.0,0.0,1.0,1.0
GPT-4-Turbo,I,MovieTicketDBSuccess.py,MovieTicketDB,Success,33.0,0.0,,5.0,0.0,1.0,1.0
GPT-4-Turbo,I,MusicPlayerFail.py,MusicPlayer,Fail,70.0,6.0,20.0,18.0,1.0,0.0,0.0
GPT-4-Turbo,I,NLPDataProcessor2Success.py,NLPDataProcessor2,Success,20.0,0.0,1.0,4.0,0.0,1.0,1.0
GPT-4-Turbo,I,NLPDataProcessorFail.py,NLPDataProcessor,Fail,14.0,0.0,1.0,5.0,0.0,0.0,0.0
GPT-4-Turbo,I,NumberConverterFail.py,NumberConverter,Fail,18.0,0.0,,6.0,0.0,0.0,0.0
GPT-4-Turbo,I,NumberWordFormatterFail.py,NumberWordFormatter,Fail,48.0,0.0,18.0,16.0,0.0,0.0,0.0
GPT-4-Turbo,I,NumericEntityUnescaperSuccess.py,NumericEntityUnescaper,Success,14.0,10.0,2.0,4.0,2.0,1.0,0.9285714285714286
GPT-4-Turbo,I,OrderFail.py,Order,Fail,29.0,0.0,14.0,10.0,0.0,0.0,0.0
GPT-4-Turbo,I,PageUtilSuccess.py,PageUtil,Success,37.0,0.0,4.0,9.0,0.0,1.0,1.0
GPT-4-Turbo,I,PDFHandlerFail.py,PDFHandler,Fail,23.0,0.0,6.0,7.0,0.0,0.0,0.0
GPT-4-Turbo,I,PersonRequestSuccess.py,PersonRequest,Success,21.0,26.0,8.0,10.0,7.0,1.0,0.8761904761904762
GPT-4-Turbo,I,PushBoxGameSuccess.py,PushBoxGame,Success,50.0,0.0,20.0,14.0,0.0,1.0,1.0
GPT-4-Turbo,I,RegexUtilsSuccess.py,RegexUtils,Success,26.0,0.0,,10.0,0.0,1.0,1.0
GPT-4-Turbo,I,RPGCharacterFail.py,RPGCharacter,Fail,34.0,0.0,5.0,10.0,0.0,0.0,0.0
GPT-4-Turbo,I,ServerFail.py,Server,Fail,39.0,0.0,10.0,10.0,0.0,0.0,0.0
GPT-4-Turbo,I,ShoppingCartSuccess.py,ShoppingCart,Success,25.0,0.0,9.0,9.0,0.0,1.0,1.0
GPT-4-Turbo,I,SignInSystemSuccess.py,SignInSystem,Success,24.0,0.0,7.0,11.0,0.0,1.0,1.0
GPT-4-Turbo,I,SnakeFail.py,Snake,Fail,39.0,6.0,10.0,11.0,3.0,0.0,0.0
GPT-4-Turbo,I,SplitSentenceFail.py,SplitSentence,Fail,0.0,0.0,,0.0,0.0,0.0,0.0
GPT-4-Turbo,I,SQLGeneratorFail.py,SQLGenerator,Fail,31.0,0.0,3.0,9.0,0.0,0.0,0.0
GPT-4-Turbo,I,SQLQueryBuilderFail.py,SQLQueryBuilder,Fail,31.0,12.0,5.0,8.0,2.0,0.0,0.0
GPT-4-Turbo,I,Statistics3Fail.py,Statistics3,Fail,50.0,0.0,6.0,11.0,0.0,0.0,0.0
GPT-4-Turbo,I,StockPortfolioTrackerFail.py,StockPortfolioTracker,Fail,41.0,0.0,8.0,13.0,0.0,0.0,0.0
GPT-4-Turbo,I,StudentDatabaseProcessorSuccess.py,StudentDatabaseProcessor,Success,44.0,0.0,,5.0,0.0,1.0,1.0
GPT-4-Turbo,I,TextFileProcessorFail.py,TextFileProcessor,Fail,25.0,0.0,1.0,5.0,0.0,0.0,0.0
GPT-4-Turbo,I,ThermostatFail.py,Thermostat,Fail,41.0,0.0,12.0,16.0,0.0,0.0,0.0
GPT-4-Turbo,I,TicTacToeSuccess.py,TicTacToe,Success,31.0,2.0,21.0,19.0,1.0,1.0,0.9935483870967742
GPT-4-Turbo,I,TimeUtilsSuccess.py,TimeUtils,Success,25.0,0.0,,8.0,0.0,1.0,1.0
GPT-4-Turbo,I,TriCalculatorFail.py,TriCalculator,Fail,41.0,5.0,6.0,11.0,1.0,0.0,0.0
GPT-4-Turbo,I,TwentyFourPointGameFail.py,TwentyFourPointGame,Fail,28.0,10.0,9.0,9.0,2.0,0.0,0.0
GPT-4-Turbo,I,URLHandlerFail.py,URLHandler,Fail,19.0,0.0,,6.0,0.0,0.0,0.0
GPT-4-Turbo,I,UrlPathFail.py,UrlPath,Fail,14.0,5.0,1.0,6.0,1.0,0.0,0.0
GPT-4-Turbo,I,UserLoginDBFail.py,UserLoginDB,Fail,22.0,0.0,,5.0,0.0,0.0,0.0
GPT-4-Turbo,I,VectorUtilFail.py,VectorUtil,Fail,25.0,0.0,,4.0,0.0,0.0,0.0
GPT-4-Turbo,I,VendingMachineFail.py,VendingMachine,Fail,36.0,0.0,12.0,12.0,0.0,0.0,0.0
GPT-4-Turbo,I,WarehouseSuccess.py,Warehouse,Success,38.0,0.0,14.0,15.0,0.0,1.0,1.0
GPT-4-Turbo,I,WeatherSystemFail.py,WeatherSystem,Fail,27.0,0.0,10.0,11.0,0.0,0.0,0.0
GPT-4-Turbo,I,Words2NumbersFail.py,Words2Numbers,Fail,51.0,30.0,39.0,21.0,2.0,0.0,0.0
GPT-4-Turbo,I,XMLProcessorFail.py,XMLProcessor,Fail,32.0,0.0,6.0,8.0,0.0,0.0,0.0
GPT-4-Turbo,I,ZipFileProcessorSuccess.py,ZipFileProcessor,Success,44.0,0.0,9.0,8.0,0.0,1.0,1.0
GroundTruth,GT,AccessGatewayFilter.py,AccessGatewayFilter,Success,36.0,15.0,9.0,11.0,3.0,1.0,0.9583333333333334
GroundTruth,GT,AreaCalculator.py,AreaCalculator,Success,14.0,0.0,,6.0,0.0,1.0,1.0
GroundTruth,GT,ArgumentParser.py,ArgumentParser,Success,36.0,0.0,16.0,12.0,0.0,1.0,1.0
GroundTruth,GT,ArrangementCalculator.py,ArrangementCalculator,Success,34.0,0.0,8.0,13.0,0.0,1.0,1.0
GroundTruth,GT,AssessmentSystem.py,AssessmentSystem,Success,40.0,0.0,21.0,20.0,0.0,1.0,1.0
GroundTruth,GT,AutomaticGuitarSimulator.py,AutomaticGuitarSimulator,Success,24.0,0.0,14.0,8.0,0.0,1.0,1.0
GroundTruth,GT,AvgPartition.py,AvgPartition,Success,15.0,5.0,1.0,4.0,1.0,1.0,0.9666666666666667
GroundTruth,GT,BalancedBrackets.py,BalancedBrackets,Success,27.0,35.0,27.0,14.0,6.0,1.0,0.8703703703703703
GroundTruth,GT,BankAccount.py,BankAccount,Success,20.0,0.0,3.0,8.0,0.0,1.0,1.0
GroundTruth,GT,BigNumCalculator.py,BigNumCalculator,Success,62.0,10.0,20.0,16.0,1.0,1.0,0.9838709677419355
GroundTruth,GT,BinaryDataProcessor.py,BinaryDataProcessor,Success,31.0,0.0,2.0,7.0,0.0,1.0,1.0
GroundTruth,GT,BitStatusUtil.py,BitStatusUtil,Success,22.0,0.0,6.0,8.0,0.0,1.0,1.0
GroundTruth,GT,BlackjackGame.py,BlackjackGame,Success,48.0,12.0,21.0,14.0,2.0,1.0,0.975
GroundTruth,GT,BookManagement.py,BookManagement,Success,20.0,0.0,6.0,10.0,0.0,1.0,1.0
GroundTruth,GT,BookManagementDB.py,BookManagementDB,Success,43.0,0.0,,7.0,0.0,1.0,1.0
GroundTruth,GT,BoyerMooreSearch.py,BoyerMooreSearch,Success,24.0,6.0,10.0,10.0,3.0,1.0,0.975
GroundTruth,GT,Calculator.py,Calculator,Success,61.0,16.0,28.0,18.0,1.0,1.0,0.9737704918032787
GroundTruth,GT,CalendarUtil.py,CalendarUtil,Success,39.0,0.0,16.0,18.0,0.0,1.0,1.0
GroundTruth,GT,CamelCaseMap.py,CamelCaseMap,Success,21.0,0.0,1.0,9.0,0.0,1.0,1.0
GroundTruth,GT,ChandrasekharSieve.py,ChandrasekharSieve,Success,22.0,0.0,10.0,9.0,0.0,1.0,1.0
GroundTruth,GT,Chat.py,Chat,Success,33.0,0.0,7.0,10.0,0.0,1.0,1.0
GroundTruth,GT,ClassRegistrationSystem.py,ClassRegistrationSystem,Success,35.0,0.0,13.0,14.0,0.0,1.0,1.0
GroundTruth,GT,Classroom.py,Classroom,Success,30.0,0.0,12.0,14.0,0.0,1.0,1.0
GroundTruth,GT,CombinationCalculator.py,CombinationCalculator,Success,33.0,10.0,8.0,14.0,5.0,1.0,0.9696969696969697
GroundTruth,GT,ComplexCalculator.py,ComplexCalculator,Success,25.0,5.0,,5.0,1.0,1.0,0.98
GroundTruth,GT,CookiesUtil.py,CookiesUtil,Success,24.0,5.0,2.0,5.0,1.0,1.0,0.9791666666666666
GroundTruth,GT,CSVProcessor.py,CSVProcessor,Success,26.0,12.0,2.0,5.0,3.0,1.0,0.9538461538461538
GroundTruth,GT,CurrencyConverter.py,CurrencyConverter,Success,30.0,0.0,5.0,10.0,0.0,1.0,1.0
GroundTruth,GT,DatabaseProcessor.py,DatabaseProcessor,Success,37.0,0.0,3.0,7.0,0.0,1.0,1.0
GroundTruth,GT,DataStatistics.py,DataStatistics,Success,18.0,0.0,2.0,5.0,0.0,1.0,1.0
GroundTruth,GT,DataStatistics2.py,DataStatistics2,Success,16.0,0.0,,7.0,0.0,1.0,1.0
GroundTruth,GT,DataStatistics4.py,DataStatistics4,Success,33.0,0.0,3.0,7.0,0.0,1.0,1.0
GroundTruth,GT,DecryptionUtils.py,DecryptionUtils,Success,54.0,0.0,29.0,19.0,0.0,1.0,1.0
GroundTruth,GT,DiscountStrategy.py,DiscountStrategy,Success,28.0,15.0,7.0,11.0,3.0,1.0,0.9464285714285714
GroundTruth,GT,DocFileHandler.py,DocFileHandler,Success,51.0,15.0,7.0,9.0,3.0,1.0,0.9705882352941176
GroundTruth,GT,EightPuzzle.py,EightPuzzle,Success,46.0,0.0,22.0,17.0,0.0,1.0,1.0
GroundTruth,GT,EmailClient.py,EmailClient,Success,46.0,0.0,11.0,15.0,0.0,1.0,1.0
GroundTruth,GT,EncryptionUtils.py,EncryptionUtils,Success,44.0,0.0,25.0,16.0,0.0,1.0,1.0
GroundTruth,GT,ExcelProcessor.py,ExcelProcessor,Success,41.0,17.0,10.0,10.0,4.0,1.0,0.9585365853658536
GroundTruth,GT,ExpressionCalculator.py,ExpressionCalculator,Success,92.0,14.0,51.0,31.0,1.0,1.0,0.9847826086956522
GroundTruth,GT,FitnessTracker.py,FitnessTracker,Success,36.0,9.0,10.0,8.0,3.0,1.0,0.975
GroundTruth,GT,GomokuGame.py,GomokuGame,Success,33.0,0.0,24.0,15.0,0.0,1.0,1.0
GroundTruth,GT,Hotel.py,Hotel,Success,35.0,0.0,14.0,12.0,0.0,1.0,1.0
GroundTruth,GT,HRManagementSystem.py,HRManagementSystem,Success,46.0,0.0,21.0,16.0,0.0,1.0,1.0
GroundTruth,GT,HtmlUtil.py,HtmlUtil,Success,64.0,12.0,26.0,19.0,1.0,1.0,0.98125
GroundTruth,GT,ImageProcessor.py,ImageProcessor,Success,19.0,0.0,4.0,10.0,0.0,1.0,1.0
GroundTruth,GT,Interpolation.py,Interpolation,Success,33.0,5.0,21.0,11.0,1.0,1.0,0.9848484848484849
GroundTruth,GT,IPAddress.py,IPAddress,Success,24.0,0.0,11.0,12.0,0.0,1.0,1.0
GroundTruth,GT,IpUtil.py,IpUtil,Success,23.0,0.0,3.0,3.0,0.0,1.0,1.0
GroundTruth,GT,JobMarketplace.py,JobMarketplace,Success,32.0,0.0,10.0,15.0,0.0,1.0,1.0
GroundTruth,GT,JSONProcessor.py,JSONProcessor,Success,29.0,10.0,7.0,7.0,2.0,1.0,0.9655172413793104
GroundTruth,GT,KappaCalculator.py,KappaCalculator,Success,36.0,26.0,5.0,6.0,10.0,1.0,0.9277777777777778
GroundTruth,GT,Lemmatization.py,Lemmatization,Success,36.0,0.0,7.0,7.0,0.0,1.0,1.0
GroundTruth,GT,LongestWord.py,LongestWord,Success,16.0,0.0,4.0,6.0,0.0,1.0,1.0
GroundTruth,GT,MahjongConnect.py,MahjongConnect,Success,50.0,10.0,24.0,23.0,3.0,1.0,0.98
GroundTruth,GT,Manacher.py,Manacher,Success,24.0,0.0,9.0,11.0,0.0,1.0,1.0
GroundTruth,GT,MetricsCalculator.py,MetricsCalculator,Success,39.0,0.0,14.0,16.0,0.0,1.0,1.0
GroundTruth,GT,MetricsCalculator2.py,MetricsCalculator2,Success,82.0,103.0,62.0,27.0,13.0,1.0,0.874390243902439
GroundTruth,GT,MinesweeperGame.py,MinesweeperGame,Success,57.0,85.0,76.0,52.0,7.0,1.0,0.8508771929824561
GroundTruth,GT,MovieBookingSystem.py,MovieBookingSystem,Success,32.0,0.0,15.0,11.0,0.0,1.0,1.0
GroundTruth,GT,MovieTicketDB.py,MovieTicketDB,Success,34.0,0.0,,5.0,0.0,1.0,1.0
GroundTruth,GT,MusicPlayer.py,MusicPlayer,Success,55.0,0.0,22.0,20.0,0.0,1.0,1.0
GroundTruth,GT,NLPDataProcessor.py,NLPDataProcessor,Success,17.0,0.0,6.0,6.0,0.0,1.0,1.0
GroundTruth,GT,NLPDataProcessor2.py,NLPDataProcessor2,Success,21.0,0.0,2.0,5.0,0.0,1.0,1.0
GroundTruth,GT,NumberConverter.py,NumberConverter,Success,25.0,0.0,,6.0,0.0,1.0,1.0
GroundTruth,GT,NumberWordFormatter.py,NumberWordFormatter,Success,53.0,5.0,18.0,14.0,1.0,1.0,0.9905660377358491
GroundTruth,GT,NumericEntityUnescaper.py,NumericEntityUnescaper,Success,34.0,27.0,28.0,15.0,3.0,1.0,0.9205882352941176
GroundTruth,GT,Order.py,Order,Success,26.0,0.0,9.0,9.0,0.0,1.0,1.0
GroundTruth,GT,PageUtil.py,PageUtil,Success,39.0,0.0,4.0,9.0,0.0,1.0,1.0
GroundTruth,GT,PDFHandler.py,PDFHandler,Success,21.0,0.0,6.0,7.0,0.0,1.0,1.0
GroundTruth,GT,PersonRequest.py,PersonRequest,Success,21.0,36.0,6.0,10.0,9.0,1.0,0.8285714285714285
GroundTruth,GT,PushBoxGame.py,PushBoxGame,Success,53.0,0.0,23.0,14.0,0.0,1.0,1.0
GroundTruth,GT,RegexUtils.py,RegexUtils,Success,32.0,0.0,2.0,11.0,0.0,1.0,1.0
GroundTruth,GT,RPGCharacter.py,RPGCharacter,Success,34.0,0.0,6.0,10.0,0.0,1.0,1.0
GroundTruth,GT,Server.py,Server,Success,38.0,0.0,13.0,16.0,0.0,1.0,1.0
GroundTruth,GT,ShoppingCart.py,ShoppingCart,Success,17.0,5.0,4.0,7.0,1.0,1.0,0.9705882352941176
GroundTruth,GT,SignInSystem.py,SignInSystem,Success,34.0,0.0,14.0,13.0,0.0,1.0,1.0
GroundTruth,GT,Snake.py,Snake,Success,38.0,6.0,7.0,10.0,3.0,1.0,0.9842105263157894
GroundTruth,GT,SplitSentence.py,SplitSentence,Success,17.0,5.0,3.0,5.0,1.0,1.0,0.9705882352941176
GroundTruth,GT,SQLGenerator.py,SQLGenerator,Success,30.0,0.0,3.0,9.0,0.0,1.0,1.0
GroundTruth,GT,SQLQueryBuilder.py,SQLQueryBuilder,Success,27.0,12.0,4.0,8.0,2.0,1.0,0.9555555555555555
GroundTruth,GT,Statistics3.py,Statistics3,Success,60.0,0.0,11.0,17.0,0.0,1.0,1.0
GroundTruth,GT,StockPortfolioTracker.py,StockPortfolioTracker,Success,44.0,0.0,15.0,18.0,0.0,1.0,1.0
GroundTruth,GT,StudentDatabaseProcessor.py,StudentDatabaseProcessor,Success,45.0,0.0,,5.0,0.0,1.0,1.0
GroundTruth,GT,TextFileProcessor.py,TextFileProcessor,Success,19.0,0.0,,6.0,0.0,1.0,1.0
GroundTruth,GT,Thermostat.py,Thermostat,Success,47.0,0.0,18.0,16.0,0.0,1.0,1.0
GroundTruth,GT,TicTacToe.py,TicTacToe,Success,28.0,2.0,15.0,14.0,1.0,1.0,0.9928571428571429
GroundTruth,GT,TimeUtils.py,TimeUtils,Success,27.0,20.0,,8.0,4.0,1.0,0.9259259259259259
GroundTruth,GT,TriCalculator.py,TriCalculator,Success,39.0,5.0,8.0,11.0,1.0,1.0,0.9871794871794872
GroundTruth,GT,TwentyFourPointGame.py,TwentyFourPointGame,Success,37.0,10.0,16.0,15.0,2.0,1.0,0.972972972972973
GroundTruth,GT,URLHandler.py,URLHandler,Success,45.0,0.0,18.0,16.0,0.0,1.0,1.0
GroundTruth,GT,UrlPath.py,UrlPath,Success,23.0,0.0,9.0,9.0,0.0,1.0,1.0
GroundTruth,GT,UserLoginDB.py,UserLoginDB,Success,27.0,0.0,2.0,7.0,0.0,1.0,1.0
GroundTruth,GT,VectorUtil.py,VectorUtil,Success,36.0,0.0,4.0,8.0,0.0,1.0,1.0
GroundTruth,GT,VendingMachine.py,VendingMachine,Success,35.0,0.0,13.0,13.0,0.0,1.0,1.0
GroundTruth,GT,Warehouse.py,Warehouse,Success,33.0,0.0,11.0,13.0,0.0,1.0,1.0
GroundTruth,GT,WeatherSystem.py,WeatherSystem,Success,26.0,0.0,7.0,8.0,0.0,1.0,1.0
GroundTruth,GT,Words2Numbers.py,Words2Numbers,Success,61.0,14.0,42.0,20.0,1.0,1.0,0.9770491803278688
GroundTruth,GT,XMLProcessor.py,XMLProcessor,Success,27.0,10.0,3.0,6.0,2.0,1.0,0.962962962962963
GroundTruth,GT,ZipFileProcessor.py,ZipFileProcessor,Success,32.0,20.0,5.0,6.0,4.0,1.0,0.9375
incoder,H,AccessGatewayFilterFail.py,AccessGatewayFilter,Fail,13.0,10.0,,6.0,2.0,0.0,0.0
incoder,H,AreaCalculatorFail.py,AreaCalculator,Fail,18.0,0.0,,6.0,0.0,0.0,0.0
incoder,H,ArgumentParserFail.py,ArgumentParser,Fail,40.0,15.0,16.0,15.0,1.0,0.0,0.0
incoder,H,ArrangementCalculatorFail.py,ArrangementCalculator,Fail,0.0,0.0,,0.0,0.0,0.0,0.0
incoder,H,AssessmentSystemSuccess.py,AssessmentSystem,Success,57.0,0.0,23.0,22.0,0.0,1.0,1.0
incoder,H,AutomaticGuitarSimulatorFail.py,AutomaticGuitarSimulator,Fail,14.0,0.0,4.0,6.0,0.0,0.0,0.0
incoder,H,AvgPartitionFail.py,AvgPartition,Fail,15.0,10.0,1.0,4.0,2.0,0.0,0.0
incoder,H,BalancedBracketsFail.py,BalancedBrackets,Fail,40.0,8.0,21.0,13.0,1.0,0.0,0.0
incoder,H,BankAccountFail.py,BankAccount,Fail,23.0,0.0,3.0,8.0,0.0,0.0,0.0
incoder,H,BigNumCalculatorFail.py,BigNumCalculator,Fail,23.0,20.0,13.0,11.0,4.0,0.0,0.0
incoder,H,BinaryDataProcessorFail.py,BinaryDataProcessor,Fail,222.0,0.0,,5.0,0.0,0.0,0.0
incoder,H,BitStatusUtilFail.py,BitStatusUtil,Fail,22.0,28.0,9.0,13.0,5.0,0.0,0.0
incoder,H,BlackjackGameFail.py,BlackjackGame,Fail,0.0,0.0,,0.0,0.0,0.0,0.0
incoder,H,BookManagementDBFail.py,BookManagementDB,Fail,84.0,0.0,,11.0,0.0,0.0,0.0
incoder,H,BookManagementFail.py,BookManagement,Fail,26.0,10.0,8.0,9.0,2.0,0.0,0.0
incoder,H,BoyerMooreSearchFail.py,BoyerMooreSearch,Fail,65.0,46.0,21.0,31.0,23.0,0.0,0.0
incoder,H,CalculatorFail.py,Calculator,Fail,223.0,5.0,,4.0,1.0,0.0,0.0
incoder,H,CalendarUtilFail.py,CalendarUtil,Fail,0.0,0.0,,0.0,0.0,0.0,0.0
incoder,H,CamelCaseMapFail.py,CamelCaseMap,Fail,0.0,0.0,,0.0,0.0,0.0,0.0
incoder,H,ChandrasekharSieveFail.py,ChandrasekharSieve,Fail,62.0,0.0,6.0,7.0,0.0,0.0,0.0
incoder,H,ChatFail.py,Chat,Fail,43.0,0.0,13.0,14.0,0.0,0.0,0.0
incoder,H,ClassRegistrationSystemFail.py,ClassRegistrationSystem,Fail,37.0,0.0,11.0,14.0,0.0,0.0,0.0
incoder,H,ClassroomFail.py,Classroom,Fail,22.0,0.0,6.0,9.0,0.0,0.0,0.0
incoder,H,CombinationCalculatorFail.py,CombinationCalculator,Fail,0.0,0.0,,0.0,0.0,0.0,0.0
incoder,H,ComplexCalculatorFail.py,ComplexCalculator,Fail,0.0,0.0,,0.0,0.0,0.0,0.0
incoder,H,CookiesUtilFail.py,CookiesUtil,Fail,18.0,0.0,,4.0,0.0,0.0,0.0
incoder,H,CSVProcessorFail.py,CSVProcessor,Fail,31.0,18.0,1.0,5.0,4.0,0.0,0.0
incoder,H,CurrencyConverterFail.py,CurrencyConverter,Fail,32.0,0.0,2.0,7.0,0.0,0.0,0.0
incoder,H,DatabaseProcessorFail.py,DatabaseProcessor,Fail,16.0,0.0,,5.0,0.0,0.0,0.0
incoder,H,DataStatistics2Fail.py,DataStatistics2,Fail,60.0,60.0,7.0,17.0,10.0,0.0,0.0
incoder,H,DataStatistics4Fail.py,DataStatistics4,Fail,13.0,15.0,,8.0,3.0,0.0,0.0
incoder,H,DataStatisticsFail.py,DataStatistics,Fail,20.0,5.0,5.0,6.0,1.0,0.0,0.0
incoder,H,DecryptionUtilsFail.py,DecryptionUtils,Fail,18.0,0.0,3.0,7.0,0.0,0.0,0.0
incoder,H,DiscountStrategyFail.py,DiscountStrategy,Fail,0.0,0.0,,0.0,0.0,0.0,0.0
incoder,H,DocFileHandlerFail.py,DocFileHandler,Fail,37.0,0.0,,9.0,0.0,0.0,0.0
incoder,H,EightPuzzleFail.py,EightPuzzle,Fail,50.0,50.0,16.0,15.0,4.0,0.0,0.0
incoder,H,EmailClientFail.py,EmailClient,Fail,51.0,0.0,14.0,19.0,0.0,0.0,0.0
incoder,H,EncryptionUtilsFail.py,EncryptionUtils,Fail,18.0,0.0,3.0,7.0,0.0,0.0,0.0
incoder,H,ExcelProcessorFail.py,ExcelProcessor,Fail,21.0,17.0,,4.0,4.0,0.0,0.0
incoder,H,ExpressionCalculatorFail.py,ExpressionCalculator,Fail,94.0,0.0,1.0,8.0,0.0,0.0,0.0
incoder,H,FitnessTrackerFail.py,FitnessTracker,Fail,24.0,12.0,6.0,7.0,3.0,0.0,0.0
incoder,H,GomokuGameFail.py,GomokuGame,Fail,45.0,11.0,39.0,27.0,1.0,0.0,0.0
incoder,H,HotelSuccess.py,Hotel,Success,49.0,23.0,9.0,13.0,2.0,1.0,0.9530612244897959
incoder,H,HRManagementSystemFail.py,HRManagementSystem,Fail,0.0,0.0,,0.0,0.0,0.0,0.0
incoder,H,HtmlUtilFail.py,HtmlUtil,Fail,29.0,0.0,2.0,6.0,0.0,0.0,0.0
incoder,H,ImageProcessorFail.py,ImageProcessor,Fail,15.0,0.0,,7.0,0.0,0.0,0.0
incoder,H,InterpolationFail.py,Interpolation,Fail,0.0,0.0,,0.0,0.0,0.0,0.0
incoder,H,IPAddressFail.py,IPAddress,Fail,22.0,0.0,5.0,7.0,0.0,0.0,0.0
incoder,H,IpUtilFail.py,IpUtil,Fail,0.0,0.0,,0.0,0.0,0.0,0.0
incoder,H,JobMarketplaceFail.py,JobMarketplace,Fail,55.0,15.0,33.0,24.0,1.0,0.0,0.0
incoder,H,JSONProcessorFail.py,JSONProcessor,Fail,37.0,5.0,7.0,5.0,1.0,0.0,0.0
incoder,H,KappaCalculatorFail.py,KappaCalculator,Fail,4.0,11.0,,2.0,4.0,0.0,0.0
incoder,H,LemmatizationFail.py,Lemmatization,Fail,23.0,6.0,2.0,6.0,1.0,0.0,0.0
incoder,H,LongestWordFail.py,LongestWord,Fail,237.0,0.0,,3.0,0.0,0.0,0.0
incoder,H,MahjongConnectFail.py,MahjongConnect,Fail,111.0,31.0,74.0,83.0,5.0,0.0,0.0
incoder,H,ManacherFail.py,Manacher,Fail,19.0,0.0,4.0,5.0,0.0,0.0,0.0
incoder,H,MetricsCalculator2Fail.py,MetricsCalculator2,Fail,11.0,5.0,,5.0,1.0,0.0,0.0
incoder,H,MetricsCalculatorFail.py,MetricsCalculator,Fail,87.0,0.0,39.0,21.0,0.0,0.0,0.0
incoder,H,MinesweeperGameFail.py,MinesweeperGame,Fail,88.0,15.0,62.0,41.0,3.0,0.0,0.0
incoder,H,MovieBookingSystemFail.py,MovieBookingSystem,Fail,24.0,0.0,9.0,10.0,0.0,0.0,0.0
incoder,H,MovieTicketDBFail.py,MovieTicketDB,Fail,42.0,0.0,,6.0,0.0,0.0,0.0
incoder,H,MusicPlayerFail.py,MusicPlayer,Fail,0.0,0.0,,0.0,0.0,0.0,0.0
incoder,H,NLPDataProcessor2Fail.py,NLPDataProcessor2,Fail,20.0,0.0,9.0,9.0,0.0,0.0,0.0
incoder,H,NLPDataProcessorFail.py,NLPDataProcessor,Fail,12.0,0.0,,4.0,0.0,0.0,0.0
incoder,H,NumberConverterFail.py,NumberConverter,Fail,21.0,5.0,,11.0,1.0,0.0,0.0
incoder,H,NumberWordFormatterFail.py,NumberWordFormatter,Fail,0.0,0.0,,0.0,0.0,0.0,0.0
incoder,H,NumericEntityUnescaperFail.py,NumericEntityUnescaper,Fail,0.0,0.0,,0.0,0.0,0.0,0.0
incoder,H,OrderFail.py,Order,Fail,27.0,0.0,5.0,7.0,0.0,0.0,0.0
incoder,H,PageUtilFail.py,PageUtil,Fail,35.0,0.0,4.0,7.0,0.0,0.0,0.0
incoder,H,PDFHandlerFail.py,PDFHandler,Fail,16.0,0.0,2.0,5.0,0.0,0.0,0.0
incoder,H,PersonRequestFail.py,PersonRequest,Fail,20.0,26.0,6.0,7.0,7.0,0.0,0.0
incoder,H,PushBoxGameFail.py,PushBoxGame,Fail,62.0,5.0,27.0,18.0,1.0,0.0,0.0
incoder,H,RegexUtilsFail.py,RegexUtils,Fail,58.0,27.0,,20.0,4.0,0.0,0.0
incoder,H,RPGCharacterFail.py,RPGCharacter,Fail,0.0,0.0,,0.0,0.0,0.0,0.0
incoder,H,ServerFail.py,Server,Fail,44.0,0.0,11.0,11.0,0.0,0.0,0.0
incoder,H,ShoppingCartSuccess.py,ShoppingCart,Success,19.0,0.0,2.0,7.0,0.0,1.0,1.0
incoder,H,SignInSystemFail.py,SignInSystem,Fail,33.0,0.0,6.0,12.0,0.0,0.0,0.0
incoder,H,SnakeFail.py,Snake,Fail,0.0,0.0,,0.0,0.0,0.0,0.0
incoder,H,SplitSentenceFail.py,SplitSentence,Fail,0.0,0.0,,0.0,0.0,0.0,0.0
incoder,H,SQLGeneratorFail.py,SQLGenerator,Fail,29.0,14.0,2.0,11.0,2.0,0.0,0.0
incoder,H,SQLQueryBuilderFail.py,SQLQueryBuilder,Fail,0.0,0.0,,0.0,0.0,0.0,0.0
incoder,H,Statistics3Fail.py,Statistics3,Fail,65.0,85.0,19.0,23.0,13.0,0.0,0.0
incoder,H,StockPortfolioTrackerFail.py,StockPortfolioTracker,Fail,41.0,0.0,3.0,12.0,0.0,0.0,0.0
incoder,H,StudentDatabaseProcessorFail.py,StudentDatabaseProcessor,Fail,28.0,0.0,,5.0,0.0,0.0,0.0
incoder,H,TextFileProcessorFail.py,TextFileProcessor,Fail,19.0,0.0,1.0,5.0,0.0,0.0,0.0
incoder,H,ThermostatFail.py,Thermostat,Fail,50.0,0.0,13.0,20.0,0.0,0.0,0.0
incoder,H,TicTacToeFail.py,TicTacToe,Fail,23.0,2.0,13.0,11.0,1.0,0.0,0.0
incoder,H,TimeUtilsFail.py,TimeUtils,Fail,32.0,0.0,,8.0,0.0,0.0,0.0
incoder,H,TriCalculatorFail.py,TriCalculator,Fail,24.0,20.0,,8.0,2.0,0.0,0.0
incoder,H,TwentyFourPointGameFail.py,TwentyFourPointGame,Fail,187.0,5.0,1.0,6.0,1.0,0.0,0.0
incoder,H,URLHandlerFail.py,URLHandler,Fail,18.0,0.0,,6.0,0.0,0.0,0.0
incoder,H,UrlPathFail.py,UrlPath,Fail,0.0,0.0,,0.0,0.0,0.0,0.0
incoder,H,UserLoginDBFail.py,UserLoginDB,Fail,30.0,0.0,2.0,7.0,0.0,0.0,0.0
incoder,H,VectorUtilFail.py,VectorUtil,Fail,0.0,0.0,,0.0,0.0,0.0,0.0
incoder,H,VendingMachineFail.py,VendingMachine,Fail,39.0,0.0,7.0,11.0,0.0,0.0,0.0
incoder,H,WarehouseFail.py,Warehouse,Fail,48.0,0.0,16.0,15.0,0.0,0.0,0.0
incoder,H,WeatherSystemFail.py,WeatherSystem,Fail,21.0,0.0,,5.0,0.0,0.0,0.0
incoder,H,Words2NumbersFail.py,Words2Numbers,Fail,67.0,17.0,24.0,17.0,3.0,0.0,0.0
incoder,H,XMLProcessorFail.py,XMLProcessor,Fail,22.0,0.0,1.0,6.0,0.0,0.0,0.0
incoder,H,ZipFileProcessorFail.py,ZipFileProcessor,Fail,19.0,0.0,1.0,6.0,0.0,0.0,0.0
incoder,C,AccessGatewayFilterFail.py,AccessGatewayFilter,Fail,25.0,5.0,8.0,8.0,1.0,0.0,0.0
incoder,C,AreaCalculatorFail.py,AreaCalculator,Fail,19.0,0.0,,6.0,0.0,0.0,0.0
incoder,C,ArgumentParserFail.py,ArgumentParser,Fail,0.0,0.0,,0.0,0.0,0.0,0.0
incoder,C,ArrangementCalculatorFail.py,ArrangementCalculator,Fail,26.0,10.0,8.0,11.0,2.0,0.0,0.0
incoder,C,AssessmentSystemSuccess.py,AssessmentSystem,Success,35.0,5.0,8.0,13.0,1.0,1.0,0.9857142857142858
incoder,C,AutomaticGuitarSimulatorFail.py,AutomaticGuitarSimulator,Fail,11.0,5.0,,3.0,1.0,0.0,0.0
incoder,C,AvgPartitionFail.py,AvgPartition,Fail,16.0,5.0,,3.0,1.0,0.0,0.0
incoder,C,BalancedBracketsFail.py,BalancedBrackets,Fail,30.0,0.0,7.0,6.0,0.0,0.0,0.0
incoder,C,BankAccountFail.py,BankAccount,Fail,22.0,0.0,5.0,7.0,0.0,0.0,0.0
incoder,C,BigNumCalculatorFail.py,BigNumCalculator,Fail,14.0,25.0,2.0,5.0,5.0,0.0,0.0
incoder,C,BinaryDataProcessorFail.py,BinaryDataProcessor,Fail,27.0,0.0,5.0,7.0,0.0,0.0,0.0
incoder,C,BitStatusUtilFail.py,BitStatusUtil,Fail,21.0,26.0,10.0,12.0,5.0,0.0,0.0
incoder,C,BlackjackGameFail.py,BlackjackGame,Fail,335.0,146.0,162.0,9.0,1.0,0.0,0.0
incoder,C,BookManagementDBFail.py,BookManagementDB,Fail,38.0,0.0,1.0,8.0,0.0,0.0,0.0
incoder,C,BookManagementFail.py,BookManagement,Fail,498.0,0.0,6.0,8.0,0.0,0.0,0.0
incoder,C,BoyerMooreSearchFail.py,BoyerMooreSearch,Fail,293.0,10.0,7.0,7.0,5.0,0.0,0.0
incoder,C,CalculatorFail.py,Calculator,Fail,32.0,0.0,5.0,7.0,0.0,0.0,0.0
incoder,C,CalendarUtilFail.py,CalendarUtil,Fail,0.0,0.0,,0.0,0.0,0.0,0.0
incoder,C,CamelCaseMapFail.py,CamelCaseMap,Fail,24.0,10.0,2.0,10.0,2.0,0.0,0.0
incoder,C,ChandrasekharSieveFail.py,ChandrasekharSieve,Fail,37.0,0.0,7.0,8.0,0.0,0.0,0.0
incoder,C,ChatFail.py,Chat,Fail,28.0,0.0,6.0,9.0,0.0,0.0,0.0
incoder,C,ClassRegistrationSystemFail.py,ClassRegistrationSystem,Fail,31.0,0.0,7.0,11.0,0.0,0.0,0.0
incoder,C,ClassroomFail.py,Classroom,Fail,33.0,5.0,13.0,14.0,1.0,0.0,0.0
incoder,C,CombinationCalculatorFail.py,CombinationCalculator,Fail,32.0,23.0,3.0,8.0,9.0,0.0,0.0
incoder,C,ComplexCalculatorFail.py,ComplexCalculator,Fail,9.0,20.0,,5.0,4.0,0.0,0.0
incoder,C,CookiesUtilFail.py,CookiesUtil,Fail,19.0,0.0,,4.0,0.0,0.0,0.0
incoder,C,CSVProcessorFail.py,CSVProcessor,Fail,34.0,7.0,2.0,6.0,2.0,0.0,0.0
incoder,C,CurrencyConverterFail.py,CurrencyConverter,Fail,28.0,5.0,3.0,7.0,1.0,0.0,0.0
incoder,C,DatabaseProcessorFail.py,DatabaseProcessor,Fail,15.0,0.0,,5.0,0.0,0.0,0.0
incoder,C,DataStatistics2Fail.py,DataStatistics2,Fail,26.0,10.0,2.0,9.0,2.0,0.0,0.0
incoder,C,DataStatistics4Fail.py,DataStatistics4,Fail,10.0,20.0,,4.0,4.0,0.0,0.0
incoder,C,DataStatisticsFail.py,DataStatistics,Fail,17.0,0.0,2.0,4.0,0.0,0.0,0.0
incoder,C,DecryptionUtilsFail.py,DecryptionUtils,Fail,15.0,0.0,2.0,6.0,0.0,0.0,0.0
incoder,C,DiscountStrategyFail.py,DiscountStrategy,Fail,178.0,30.0,1.0,7.0,6.0,0.0,0.0
incoder,C,DocFileHandlerFail.py,DocFileHandler,Fail,0.0,0.0,,0.0,0.0,0.0,0.0
incoder,C,EightPuzzleFail.py,EightPuzzle,Fail,39.0,0.0,20.0,19.0,0.0,0.0,0.0
incoder,C,EmailClientFail.py,EmailClient,Fail,28.0,0.0,4.0,9.0,0.0,0.0,0.0
incoder,C,EncryptionUtilsFail.py,EncryptionUtils,Fail,247.0,0.0,2.0,6.0,0.0,0.0,0.0
incoder,C,ExcelProcessorFail.py,ExcelProcessor,Fail,0.0,0.0,,0.0,0.0,0.0,0.0
incoder,C,ExpressionCalculatorFail.py,ExpressionCalculator,Fail,30.0,15.0,4.0,9.0,3.0,0.0,0.0
incoder,C,FitnessTrackerFail.py,FitnessTracker,Fail,25.0,12.0,2.0,5.0,3.0,0.0,0.0
incoder,C,GomokuGameFail.py,GomokuGame,Fail,271.0,341.0,372.0,248.0,2.0,0.0,0.0
incoder,C,HotelSuccess.py,Hotel,Success,30.0,0.0,6.0,8.0,0.0,1.0,1.0
incoder,C,HRManagementSystemFail.py,HRManagementSystem,Fail,0.0,0.0,,0.0,0.0,0.0,0.0
incoder,C,HtmlUtilFail.py,HtmlUtil,Fail,36.0,2.0,3.0,7.0,1.0,0.0,0.0
incoder,C,ImageProcessorFail.py,ImageProcessor,Fail,15.0,0.0,,6.0,0.0,0.0,0.0
incoder,C,InterpolationFail.py,Interpolation,Fail,0.0,0.0,,0.0,0.0,0.0,0.0
incoder,C,IPAddressFail.py,IPAddress,Fail,25.0,0.0,7.0,8.0,0.0,0.0,0.0
incoder,C,IpUtilFail.py,IpUtil,Fail,277.0,15.0,,3.0,3.0,0.0,0.0
incoder,C,JobMarketplaceFail.py,JobMarketplace,Fail,28.0,0.0,6.0,11.0,0.0,0.0,0.0
incoder,C,JSONProcessorFail.py,JSONProcessor,Fail,26.0,0.0,4.0,4.0,0.0,0.0,0.0
incoder,C,KappaCalculatorFail.py,KappaCalculator,Fail,4.0,16.0,,2.0,5.0,0.0,0.0
incoder,C,LemmatizationFail.py,Lemmatization,Fail,421.0,1.0,,4.0,1.0,0.0,0.0
incoder,C,LongestWordFail.py,LongestWord,Fail,17.0,0.0,3.0,5.0,0.0,0.0,0.0
incoder,C,MahjongConnectFail.py,MahjongConnect,Fail,0.0,0.0,,0.0,0.0,0.0,0.0
incoder,C,ManacherFail.py,Manacher,Fail,20.0,0.0,5.0,7.0,0.0,0.0,0.0
incoder,C,MetricsCalculator2Fail.py,MetricsCalculator2,Fail,8.0,10.0,,3.0,2.0,0.0,0.0
incoder,C,MetricsCalculatorFail.py,MetricsCalculator,Fail,80.0,25.0,32.0,21.0,5.0,0.0,0.0
incoder,C,MinesweeperGameFail.py,MinesweeperGame,Fail,60.0,25.0,12.0,12.0,5.0,0.0,0.0
incoder,C,MovieBookingSystemFail.py,MovieBookingSystem,Fail,25.0,0.0,9.0,10.0,0.0,0.0,0.0
incoder,C,MovieTicketDBFail.py,MovieTicketDB,Fail,30.0,0.0,,5.0,0.0,0.0,0.0
incoder,C,MusicPlayerSuccess.py,MusicPlayer,Success,43.0,0.0,10.0,15.0,0.0,1.0,1.0
incoder,C,NLPDataProcessor2Fail.py,NLPDataProcessor2,Fail,30.0,0.0,12.0,9.0,0.0,0.0,0.0
incoder,C,NLPDataProcessorFail.py,NLPDataProcessor,Fail,13.0,0.0,1.0,5.0,0.0,0.0,0.0
incoder,C,NumberConverterFail.py,NumberConverter,Fail,0.0,0.0,,0.0,0.0,0.0,0.0
incoder,C,NumberWordFormatterFail.py,NumberWordFormatter,Fail,0.0,0.0,,0.0,0.0,0.0,0.0
incoder,C,NumericEntityUnescaperFail.py,NumericEntityUnescaper,Fail,11.0,10.0,2.0,5.0,2.0,0.0,0.0
incoder,C,OrderFail.py,Order,Fail,31.0,0.0,7.0,9.0,0.0,0.0,0.0
incoder,C,PageUtilFail.py,PageUtil,Fail,42.0,0.0,5.0,8.0,0.0,0.0,0.0
incoder,C,PDFHandlerFail.py,PDFHandler,Fail,19.0,0.0,4.0,6.0,0.0,0.0,0.0
incoder,C,PersonRequestFail.py,PersonRequest,Fail,22.0,21.0,8.0,18.0,6.0,0.0,0.0
incoder,C,PushBoxGameFail.py,PushBoxGame,Fail,93.0,0.0,26.0,18.0,0.0,0.0,0.0
incoder,C,RegexUtilsFail.py,RegexUtils,Fail,35.0,0.0,1.0,11.0,0.0,0.0,0.0
incoder,C,RPGCharacterFail.py,RPGCharacter,Fail,0.0,0.0,,0.0,0.0,0.0,0.0
incoder,C,ServerFail.py,Server,Fail,32.0,0.0,9.0,10.0,0.0,0.0,0.0
incoder,C,ShoppingCartFail.py,ShoppingCart,Fail,12.0,0.0,1.0,6.0,0.0,0.0,0.0
incoder,C,SignInSystemFail.py,SignInSystem,Fail,28.0,0.0,9.0,11.0,0.0,0.0,0.0
incoder,C,SnakeFail.py,Snake,Fail,52.0,11.0,6.0,6.0,4.0,0.0,0.0
incoder,C,SplitSentenceFail.py,SplitSentence,Fail,0.0,0.0,,0.0,0.0,0.0,0.0
incoder,C,SQLGeneratorFail.py,SQLGenerator,Fail,26.0,0.0,3.0,10.0,0.0,0.0,0.0
incoder,C,SQLQueryBuilderFail.py,SQLQueryBuilder,Fail,6.0,20.0,,4.0,4.0,0.0,0.0
incoder,C,Statistics3Fail.py,Statistics3,Fail,45.0,55.0,10.0,13.0,11.0,0.0,0.0
incoder,C,StockPortfolioTrackerFail.py,StockPortfolioTracker,Fail,56.0,10.0,15.0,18.0,2.0,0.0,0.0
incoder,C,StudentDatabaseProcessorFail.py,StudentDatabaseProcessor,Fail,21.0,0.0,,5.0,0.0,0.0,0.0
incoder,C,TextFileProcessorFail.py,TextFileProcessor,Fail,19.0,0.0,,5.0,0.0,0.0,0.0
incoder,C,ThermostatFail.py,Thermostat,Fail,38.0,0.0,6.0,12.0,0.0,0.0,0.0
incoder,C,TicTacToeFail.py,TicTacToe,Fail,28.0,7.0,17.0,12.0,2.0,0.0,0.0
incoder,C,TimeUtilsFail.py,TimeUtils,Fail,0.0,0.0,,0.0,0.0,0.0,0.0
incoder,C,TriCalculatorFail.py,TriCalculator,Fail,16.0,5.0,1.0,7.0,1.0,0.0,0.0
incoder,C,TwentyFourPointGameFail.py,TwentyFourPointGame,Fail,21.0,10.0,2.0,7.0,2.0,0.0,0.0
incoder,C,URLHandlerFail.py,URLHandler,Fail,23.0,0.0,4.0,8.0,0.0,0.0,0.0
incoder,C,UrlPathFail.py,UrlPath,Fail,12.0,5.0,,4.0,1.0,0.0,0.0
incoder,C,UserLoginDBFail.py,UserLoginDB,Fail,19.0,0.0,,5.0,0.0,0.0,0.0
incoder,C,VectorUtilFail.py,VectorUtil,Fail,12.0,20.0,1.0,5.0,4.0,0.0,0.0
incoder,C,VendingMachineFail.py,VendingMachine,Fail,27.0,0.0,4.0,8.0,0.0,0.0,0.0
incoder,C,WarehouseFail.py,Warehouse,Fail,42.0,0.0,10.0,13.0,0.0,0.0,0.0
incoder,C,WeatherSystemFail.py,WeatherSystem,Fail,24.0,5.0,2.0,6.0,1.0,0.0,0.0
incoder,C,Words2NumbersFail.py,Words2Numbers,Fail,184.0,0.0,14.0,31.0,0.0,0.0,0.0
incoder,C,XMLProcessorFail.py,XMLProcessor,Fail,25.0,5.0,1.0,6.0,1.0,0.0,0.0
incoder,C,ZipFileProcessorSuccess.py,ZipFileProcessor,Success,23.0,0.0,1.0,6.0,0.0,1.0,1.0
incoder,I,AccessGatewayFilterFail.py,AccessGatewayFilter,Fail,13.0,10.0,,5.0,2.0,0.0,0.0
incoder,I,AreaCalculatorFail.py,AreaCalculator,Fail,19.0,0.0,,6.0,0.0,0.0,0.0
incoder,I,ArgumentParserFail.py,ArgumentParser,Fail,37.0,0.0,11.0,10.0,0.0,0.0,0.0
incoder,I,ArrangementCalculatorFail.py,ArrangementCalculator,Fail,10.0,10.0,,6.0,2.0,0.0,0.0
incoder,I,AssessmentSystemSuccess.py,AssessmentSystem,Success,51.0,15.0,18.0,19.0,3.0,1.0,0.9705882352941176
incoder,I,AutomaticGuitarSimulatorFail.py,AutomaticGuitarSimulator,Fail,209.0,6.0,,3.0,2.0,0.0,0.0
incoder,I,AvgPartitionFail.py,AvgPartition,Fail,13.0,10.0,,3.0,2.0,0.0,0.0
incoder,I,BalancedBracketsFail.py,BalancedBrackets,Fail,30.0,0.0,7.0,7.0,0.0,0.0,0.0
incoder,I,BankAccountSuccess.py,BankAccount,Success,28.0,6.0,8.0,8.0,1.0,1.0,0.9785714285714285
incoder,I,BigNumCalculatorFail.py,BigNumCalculator,Fail,21.0,20.0,11.0,10.0,4.0,0.0,0.0
incoder,I,BinaryDataProcessorFail.py,BinaryDataProcessor,Fail,248.0,0.0,,5.0,0.0,0.0,0.0
incoder,I,BitStatusUtilFail.py,BitStatusUtil,Fail,25.0,26.0,11.0,14.0,5.0,0.0,0.0
incoder,I,BlackjackGameFail.py,BlackjackGame,Fail,33.0,0.0,11.0,9.0,0.0,0.0,0.0
incoder,I,BookManagementDBFail.py,BookManagementDB,Fail,50.0,0.0,,7.0,0.0,0.0,0.0
incoder,I,BookManagementFail.py,BookManagement,Fail,29.0,0.0,9.0,9.0,0.0,0.0,0.0
incoder,I,BoyerMooreSearchFail.py,BoyerMooreSearch,Fail,30.0,8.0,9.0,11.0,4.0,0.0,0.0
incoder,I,CalculatorFail.py,Calculator,Fail,246.0,1.0,,4.0,1.0,0.0,0.0
incoder,I,CalendarUtilFail.py,CalendarUtil,Fail,0.0,0.0,,0.0,0.0,0.0,0.0
incoder,I,CamelCaseMapFail.py,CamelCaseMap,Fail,31.0,11.0,6.0,11.0,2.0,0.0,0.0
incoder,I,ChandrasekharSieveFail.py,ChandrasekharSieve,Fail,39.0,0.0,6.0,7.0,0.0,0.0,0.0
incoder,I,ChatFail.py,Chat,Fail,28.0,0.0,9.0,10.0,0.0,0.0,0.0
incoder,I,ClassRegistrationSystemFail.py,ClassRegistrationSystem,Fail,33.0,0.0,10.0,11.0,0.0,0.0,0.0
incoder,I,ClassroomFail.py,Classroom,Fail,23.0,0.0,6.0,9.0,0.0,0.0,0.0
incoder,I,CombinationCalculatorFail.py,CombinationCalculator,Fail,12.0,11.0,,6.0,4.0,0.0,0.0
incoder,I,ComplexCalculatorFail.py,ComplexCalculator,Fail,8.0,20.0,,5.0,4.0,0.0,0.0
incoder,I,CookiesUtilFail.py,CookiesUtil,Fail,20.0,0.0,,4.0,0.0,0.0,0.0
incoder,I,CSVProcessorFail.py,CSVProcessor,Fail,25.0,12.0,2.0,6.0,3.0,0.0,0.0
incoder,I,CurrencyConverterFail.py,CurrencyConverter,Fail,31.0,5.0,2.0,7.0,1.0,0.0,0.0
incoder,I,DatabaseProcessorFail.py,DatabaseProcessor,Fail,21.0,0.0,,5.0,0.0,0.0,0.0
incoder,I,DataStatistics2Fail.py,DataStatistics2,Fail,37.0,15.0,9.0,14.0,3.0,0.0,0.0
incoder,I,DataStatistics4Fail.py,DataStatistics4,Fail,6.0,20.0,,4.0,4.0,0.0,0.0
incoder,I,DataStatisticsFail.py,DataStatistics,Fail,17.0,0.0,2.0,4.0,0.0,0.0,0.0
incoder,I,DecryptionUtilsFail.py,DecryptionUtils,Fail,27.0,0.0,12.0,10.0,0.0,0.0,0.0
incoder,I,DiscountStrategyFail.py,DiscountStrategy,Fail,15.0,30.0,1.0,7.0,6.0,0.0,0.0
incoder,I,DocFileHandlerFail.py,DocFileHandler,Fail,0.0,0.0,,0.0,0.0,0.0,0.0
incoder,I,EightPuzzleFail.py,EightPuzzle,Fail,46.0,21.0,39.0,19.0,3.0,0.0,0.0
incoder,I,EmailClientFail.py,EmailClient,Fail,30.0,0.0,4.0,10.0,0.0,0.0,0.0
incoder,I,EncryptionUtilsFail.py,EncryptionUtils,Fail,18.0,0.0,3.0,7.0,0.0,0.0,0.0
incoder,I,ExcelProcessorFail.py,ExcelProcessor,Fail,30.0,7.0,2.0,6.0,2.0,0.0,0.0
incoder,I,ExpressionCalculatorFail.py,ExpressionCalculator,Fail,233.0,1085.0,1.0,8.0,217.0,0.0,0.0
incoder,I,FitnessTrackerFail.py,FitnessTracker,Fail,32.0,9.0,15.0,11.0,3.0,0.0,0.0
incoder,I,GomokuGameFail.py,GomokuGame,Fail,0.0,0.0,,0.0,0.0,0.0,0.0
incoder,I,HotelSuccess.py,Hotel,Success,31.0,0.0,6.0,8.0,0.0,1.0,1.0
incoder,I,HRManagementSystemFail.py,HRManagementSystem,Fail,0.0,0.0,,0.0,0.0,0.0,0.0
incoder,I,HtmlUtilFail.py,HtmlUtil,Fail,0.0,0.0,,0.0,0.0,0.0,0.0
incoder,I,ImageProcessorFail.py,ImageProcessor,Fail,14.0,0.0,,6.0,0.0,0.0,0.0
incoder,I,InterpolationFail.py,Interpolation,Fail,0.0,0.0,,0.0,0.0,0.0,0.0
incoder,I,IPAddressFail.py,IPAddress,Fail,24.0,0.0,8.0,9.0,0.0,0.0,0.0
incoder,I,IpUtilFail.py,IpUtil,Fail,0.0,0.0,,0.0,0.0,0.0,0.0
incoder,I,JobMarketplaceFail.py,JobMarketplace,Fail,42.0,0.0,19.0,17.0,0.0,0.0,0.0
incoder,I,JSONProcessorFail.py,JSONProcessor,Fail,23.0,0.0,4.0,7.0,0.0,0.0,0.0
incoder,I,KappaCalculatorFail.py,KappaCalculator,Fail,4.0,16.0,,2.0,5.0,0.0,0.0
incoder,I,LemmatizationFail.py,Lemmatization,Fail,216.0,0.0,,4.0,0.0,0.0,0.0
incoder,I,LongestWordFail.py,LongestWord,Fail,17.0,0.0,3.0,5.0,0.0,0.0,0.0
incoder,I,MahjongConnectFail.py,MahjongConnect,Fail,50.0,4.0,21.0,38.0,2.0,0.0,0.0
incoder,I,ManacherFail.py,Manacher,Fail,20.0,0.0,4.0,5.0,0.0,0.0,0.0
incoder,I,MetricsCalculator2Fail.py,MetricsCalculator2,Fail,7.0,10.0,,3.0,2.0,0.0,0.0
incoder,I,MetricsCalculatorFail.py,MetricsCalculator,Fail,23.0,30.0,,6.0,6.0,0.0,0.0
incoder,I,MinesweeperGameFail.py,MinesweeperGame,Fail,56.0,15.0,38.0,29.0,3.0,0.0,0.0
incoder,I,MovieBookingSystemFail.py,MovieBookingSystem,Fail,25.0,0.0,9.0,10.0,0.0,0.0,0.0
incoder,I,MovieTicketDBSuccess.py,MovieTicketDB,Success,37.0,0.0,,5.0,0.0,1.0,1.0
incoder,I,MusicPlayerFail.py,MusicPlayer,Fail,42.0,0.0,11.0,15.0,0.0,0.0,0.0
incoder,I,NLPDataProcessor2Fail.py,NLPDataProcessor2,Fail,18.0,0.0,1.0,4.0,0.0,0.0,0.0
incoder,I,NLPDataProcessorFail.py,NLPDataProcessor,Fail,17.0,0.0,6.0,6.0,0.0,0.0,0.0
incoder,I,NumberConverterFail.py,NumberConverter,Fail,7.0,30.0,,6.0,6.0,0.0,0.0
incoder,I,NumberWordFormatterFail.py,NumberWordFormatter,Fail,271.0,109.0,139.0,131.0,3.0,0.0,0.0
incoder,I,NumericEntityUnescaperFail.py,NumericEntityUnescaper,Fail,6.0,10.0,1.0,4.0,2.0,0.0,0.0
incoder,I,OrderFail.py,Order,Fail,32.0,0.0,8.0,9.0,0.0,0.0,0.0
incoder,I,PageUtilFail.py,PageUtil,Fail,220.0,5.0,6.0,10.0,1.0,0.0,0.0
incoder,I,PDFHandlerFail.py,PDFHandler,Fail,16.0,0.0,2.0,5.0,0.0,0.0,0.0
incoder,I,PersonRequestFail.py,PersonRequest,Fail,17.0,26.0,4.0,8.0,7.0,0.0,0.0
incoder,I,PushBoxGameFail.py,PushBoxGame,Fail,51.0,0.0,19.0,16.0,0.0,0.0,0.0
incoder,I,RegexUtilsFail.py,RegexUtils,Fail,32.0,0.0,,10.0,0.0,0.0,0.0
incoder,I,RPGCharacterFail.py,RPGCharacter,Fail,0.0,0.0,,0.0,0.0,0.0,0.0
incoder,I,ServerFail.py,Server,Fail,35.0,0.0,11.0,11.0,0.0,0.0,0.0
incoder,I,ShoppingCartSuccess.py,ShoppingCart,Success,14.0,0.0,1.0,6.0,0.0,1.0,1.0
incoder,I,SignInSystemFail.py,SignInSystem,Fail,31.0,0.0,12.0,13.0,0.0,0.0,0.0
incoder,I,SnakeFail.py,Snake,Fail,30.0,6.0,2.0,6.0,3.0,0.0,0.0
incoder,I,SplitSentenceFail.py,SplitSentence,Fail,0.0,0.0,,0.0,0.0,0.0,0.0
incoder,I,SQLGeneratorFail.py,SQLGenerator,Fail,25.0,0.0,3.0,10.0,0.0,0.0,0.0
incoder,I,SQLQueryBuilderFail.py,SQLQueryBuilder,Fail,5.0,20.0,,4.0,4.0,0.0,0.0
incoder,I,Statistics3Fail.py,Statistics3,Fail,54.0,65.0,17.0,17.0,13.0,0.0,0.0
incoder,I,StockPortfolioTrackerFail.py,StockPortfolioTracker,Fail,36.0,0.0,7.0,15.0,0.0,0.0,0.0
incoder,I,StudentDatabaseProcessorFail.py,StudentDatabaseProcessor,Fail,29.0,0.0,,5.0,0.0,0.0,0.0
incoder,I,TextFileProcessorFail.py,TextFileProcessor,Fail,25.0,5.0,4.0,7.0,1.0,0.0,0.0
incoder,I,ThermostatFail.py,Thermostat,Fail,31.0,0.0,6.0,12.0,0.0,0.0,0.0
incoder,I,TicTacToeFail.py,TicTacToe,Fail,0.0,0.0,,0.0,0.0,0.0,0.0
incoder,I,TimeUtilsFail.py,TimeUtils,Fail,22.0,0.0,,8.0,0.0,0.0,0.0
incoder,I,TriCalculatorFail.py,TriCalculator,Fail,21.0,5.0,,6.0,1.0,0.0,0.0
incoder,I,TwentyFourPointGameFail.py,TwentyFourPointGame,Fail,0.0,0.0,,0.0,0.0,0.0,0.0
incoder,I,URLHandlerFail.py,URLHandler,Fail,19.0,0.0,,6.0,0.0,0.0,0.0
incoder,I,UrlPathFail.py,UrlPath,Fail,12.0,5.0,,4.0,1.0,0.0,0.0
incoder,I,UserLoginDBFail.py,UserLoginDB,Fail,21.0,0.0,,5.0,0.0,0.0,0.0
incoder,I,VectorUtilFail.py,VectorUtil,Fail,8.0,20.0,,4.0,4.0,0.0,0.0
incoder,I,VendingMachineFail.py,VendingMachine,Fail,39.0,0.0,12.0,11.0,0.0,0.0,0.0
incoder,I,WarehouseFail.py,Warehouse,Fail,46.0,0.0,15.0,14.0,0.0,0.0,0.0
incoder,I,WeatherSystemFail.py,WeatherSystem,Fail,24.0,0.0,,5.0,0.0,0.0,0.0
incoder,I,Words2NumbersFail.py,Words2Numbers,Fail,89.0,30.0,28.0,25.0,6.0,0.0,0.0
incoder,I,XMLProcessorFail.py,XMLProcessor,Fail,23.0,0.0,1.0,6.0,0.0,0.0,0.0
incoder,I,ZipFileProcessorSuccess.py,ZipFileProcessor,Success,21.0,0.0,1.0,6.0,0.0,1.0,1.0
instruct-codegen-16B,H,AccessGatewayFilterFail.py,AccessGatewayFilter,Fail,0.0,0.0,,0.0,0.0,0.0,0.0
instruct-codegen-16B,H,AreaCalculatorFail.py,AreaCalculator,Fail,13.0,0.0,,6.0,0.0,0.0,0.0
instruct-codegen-16B,H,ArgumentParserFail.py,ArgumentParser,Fail,9.0,0.0,,5.0,0.0,0.0,0.0
instruct-codegen-16B,H,ArrangementCalculatorFail.py,ArrangementCalculator,Fail,12.0,0.0,,6.0,0.0,0.0,0.0
instruct-codegen-16B,H,AssessmentSystemSuccess.py,AssessmentSystem,Success,9.0,0.0,,7.0,0.0,1.0,1.0
instruct-codegen-16B,H,AutomaticGuitarSimulatorFail.py,AutomaticGuitarSimulator,Fail,5.0,0.0,,3.0,0.0,0.0,0.0
instruct-codegen-16B,H,AvgPartitionFail.py,AvgPartition,Fail,6.0,5.0,,3.0,1.0,0.0,0.0
instruct-codegen-16B,H,BalancedBracketsFail.py,BalancedBrackets,Fail,8.0,0.0,,3.0,0.0,0.0,0.0
instruct-codegen-16B,H,BankAccountFail.py,BankAccount,Fail,7.0,0.0,,5.0,0.0,0.0,0.0
instruct-codegen-16B,H,BigNumCalculatorFail.py,BigNumCalculator,Fail,7.0,0.0,,3.0,0.0,0.0,0.0
instruct-codegen-16B,H,BinaryDataProcessorFail.py,BinaryDataProcessor,Fail,8.0,0.0,,5.0,0.0,0.0,0.0
instruct-codegen-16B,H,BitStatusUtilFail.py,BitStatusUtil,Fail,9.0,0.0,,4.0,0.0,0.0,0.0
instruct-codegen-16B,H,BlackjackGameFail.py,BlackjackGame,Fail,0.0,0.0,,0.0,0.0,0.0,0.0
instruct-codegen-16B,H,BookManagementDBFail.py,BookManagementDB,Fail,29.0,0.0,,7.0,0.0,0.0,0.0
instruct-codegen-16B,H,BookManagementFail.py,BookManagement,Fail,7.0,0.0,,5.0,0.0,0.0,0.0
instruct-codegen-16B,H,BoyerMooreSearchFail.py,BoyerMooreSearch,Fail,7.0,6.0,,4.0,3.0,0.0,0.0
instruct-codegen-16B,H,CalculatorFail.py,Calculator,Fail,12.0,0.0,,4.0,0.0,0.0,0.0
instruct-codegen-16B,H,CalendarUtilFail.py,CalendarUtil,Fail,0.0,0.0,,0.0,0.0,0.0,0.0
instruct-codegen-16B,H,CamelCaseMapFail.py,CamelCaseMap,Fail,11.0,0.0,,8.0,0.0,0.0,0.0
instruct-codegen-16B,H,ChandrasekharSieveFail.py,ChandrasekharSieve,Fail,6.0,0.0,,3.0,0.0,0.0,0.0
instruct-codegen-16B,H,ChatFail.py,Chat,Fail,8.0,0.0,,5.0,0.0,0.0,0.0
instruct-codegen-16B,H,ClassRegistrationSystemFail.py,ClassRegistrationSystem,Fail,0.0,0.0,,0.0,0.0,0.0,0.0
instruct-codegen-16B,H,ClassroomSuccess.py,Classroom,Success,9.0,0.0,,5.0,0.0,1.0,1.0
instruct-codegen-16B,H,CombinationCalculatorFail.py,CombinationCalculator,Fail,0.0,0.0,,0.0,0.0,0.0,0.0
instruct-codegen-16B,H,ComplexCalculatorFail.py,ComplexCalculator,Fail,11.0,5.0,,5.0,1.0,0.0,0.0
instruct-codegen-16B,H,CookiesUtilFail.py,CookiesUtil,Fail,0.0,0.0,,0.0,0.0,0.0,0.0
instruct-codegen-16B,H,CSVProcessorFail.py,CSVProcessor,Fail,6.0,7.0,,4.0,2.0,0.0,0.0
instruct-codegen-16B,H,CurrencyConverterFail.py,CurrencyConverter,Fail,15.0,0.0,,5.0,0.0,0.0,0.0
instruct-codegen-16B,H,DatabaseProcessorFail.py,DatabaseProcessor,Fail,8.0,0.0,,5.0,0.0,0.0,0.0
instruct-codegen-16B,H,DataStatistics2Fail.py,DataStatistics2,Fail,15.0,0.0,,7.0,0.0,0.0,0.0
instruct-codegen-16B,H,DataStatistics4Fail.py,DataStatistics4,Fail,0.0,0.0,,0.0,0.0,0.0,0.0
instruct-codegen-16B,H,DataStatisticsFail.py,DataStatistics,Fail,5.0,0.0,,3.0,0.0,0.0,0.0
instruct-codegen-16B,H,DecryptionUtilsFail.py,DecryptionUtils,Fail,6.0,0.0,,4.0,0.0,0.0,0.0
instruct-codegen-16B,H,DiscountStrategyFail.py,DiscountStrategy,Fail,14.0,15.0,,6.0,3.0,0.0,0.0
instruct-codegen-16B,H,DocFileHandlerFail.py,DocFileHandler,Fail,11.0,0.0,,6.0,0.0,0.0,0.0
instruct-codegen-16B,H,EightPuzzleFail.py,EightPuzzle,Fail,8.0,0.0,,5.0,0.0,0.0,0.0
instruct-codegen-16B,H,EmailClientFail.py,EmailClient,Fail,11.0,0.0,,6.0,0.0,0.0,0.0
instruct-codegen-16B,H,EncryptionUtilsFail.py,EncryptionUtils,Fail,6.0,0.0,,4.0,0.0,0.0,0.0
instruct-codegen-16B,H,ExcelProcessorFail.py,ExcelProcessor,Fail,37.0,7.0,15.0,13.0,2.0,0.0,0.0
instruct-codegen-16B,H,ExpressionCalculatorFail.py,ExpressionCalculator,Fail,13.0,0.0,,7.0,0.0,0.0,0.0
instruct-codegen-16B,H,FitnessTrackerFail.py,FitnessTracker,Fail,13.0,7.0,,4.0,2.0,0.0,0.0
instruct-codegen-16B,H,GomokuGameFail.py,GomokuGame,Fail,8.0,0.0,,4.0,0.0,0.0,0.0
instruct-codegen-16B,H,HotelSuccess.py,Hotel,Success,9.0,0.0,,5.0,0.0,1.0,1.0
instruct-codegen-16B,H,HRManagementSystemFail.py,HRManagementSystem,Fail,0.0,0.0,,0.0,0.0,0.0,0.0
instruct-codegen-16B,H,HtmlUtilFail.py,HtmlUtil,Fail,0.0,0.0,,0.0,0.0,0.0,0.0
instruct-codegen-16B,H,ImageProcessorFail.py,ImageProcessor,Fail,0.0,0.0,,0.0,0.0,0.0,0.0
instruct-codegen-16B,H,InterpolationFail.py,Interpolation,Fail,0.0,0.0,,0.0,0.0,0.0,0.0
instruct-codegen-16B,H,IPAddressFail.py,IPAddress,Fail,6.0,0.0,,4.0,0.0,0.0,0.0
instruct-codegen-16B,H,IpUtilFail.py,IpUtil,Fail,0.0,0.0,,0.0,0.0,0.0,0.0
instruct-codegen-16B,H,JobMarketplaceFail.py,JobMarketplace,Fail,10.0,0.0,,7.0,0.0,0.0,0.0
instruct-codegen-16B,H,JSONProcessorFail.py,JSONProcessor,Fail,0.0,0.0,,0.0,0.0,0.0,0.0
instruct-codegen-16B,H,KappaCalculatorFail.py,KappaCalculator,Fail,0.0,0.0,,0.0,0.0,0.0,0.0
instruct-codegen-16B,H,LemmatizationFail.py,Lemmatization,Fail,0.0,0.0,,0.0,0.0,0.0,0.0
instruct-codegen-16B,H,LongestWordFail.py,LongestWord,Fail,14.0,0.0,5.0,7.0,0.0,0.0,0.0
instruct-codegen-16B,H,MahjongConnectFail.py,MahjongConnect,Fail,0.0,0.0,,0.0,0.0,0.0,0.0
instruct-codegen-16B,H,ManacherFail.py,Manacher,Fail,5.0,0.0,,3.0,0.0,0.0,0.0
instruct-codegen-16B,H,MetricsCalculator2Fail.py,MetricsCalculator2,Fail,7.0,5.0,,3.0,1.0,0.0,0.0
instruct-codegen-16B,H,MetricsCalculatorFail.py,MetricsCalculator,Fail,11.0,0.0,,6.0,0.0,0.0,0.0
instruct-codegen-16B,H,MinesweeperGameFail.py,MinesweeperGame,Fail,0.0,0.0,,0.0,0.0,0.0,0.0
instruct-codegen-16B,H,MovieBookingSystemFail.py,MovieBookingSystem,Fail,8.0,0.0,,4.0,0.0,0.0,0.0
instruct-codegen-16B,H,MovieTicketDBSuccess.py,MovieTicketDB,Success,23.0,0.0,,5.0,0.0,1.0,1.0
instruct-codegen-16B,H,MusicPlayerFail.py,MusicPlayer,Fail,13.0,0.0,,9.0,0.0,0.0,0.0
instruct-codegen-16B,H,NLPDataProcessor2Fail.py,NLPDataProcessor2,Fail,5.0,0.0,,3.0,0.0,0.0,0.0
instruct-codegen-16B,H,NLPDataProcessorFail.py,NLPDataProcessor,Fail,4.0,0.0,,3.0,0.0,0.0,0.0
instruct-codegen-16B,H,NumberConverterFail.py,NumberConverter,Fail,13.0,0.0,,6.0,0.0,0.0,0.0
instruct-codegen-16B,H,NumberWordFormatterFail.py,NumberWordFormatter,Fail,14.0,0.0,,6.0,0.0,0.0,0.0
instruct-codegen-16B,H,NumericEntityUnescaperFail.py,NumericEntityUnescaper,Fail,6.0,5.0,,3.0,1.0,0.0,0.0
instruct-codegen-16B,H,OrderFail.py,Order,Fail,8.0,0.0,,4.0,0.0,0.0,0.0
instruct-codegen-16B,H,PageUtilFail.py,PageUtil,Fail,9.0,0.0,,4.0,0.0,0.0,0.0
instruct-codegen-16B,H,PDFHandlerFail.py,PDFHandler,Fail,9.0,0.0,,4.0,0.0,0.0,0.0
instruct-codegen-16B,H,PersonRequestSuccess.py,PersonRequest,Success,8.0,11.0,,4.0,4.0,1.0,0.8625
instruct-codegen-16B,H,PushBoxGameFail.py,PushBoxGame,Fail,13.0,0.0,,4.0,0.0,0.0,0.0
instruct-codegen-16B,H,RegexUtilsFail.py,RegexUtils,Fail,25.0,5.0,,10.0,1.0,0.0,0.0
instruct-codegen-16B,H,RPGCharacterFail.py,RPGCharacter,Fail,13.0,0.0,,6.0,0.0,0.0,0.0
instruct-codegen-16B,H,ServerFail.py,Server,Fail,10.0,0.0,,6.0,0.0,0.0,0.0
instruct-codegen-16B,H,ShoppingCartFail.py,ShoppingCart,Fail,7.0,0.0,,5.0,0.0,0.0,0.0
instruct-codegen-16B,H,SignInSystemSuccess.py,SignInSystem,Success,8.0,0.0,,6.0,0.0,1.0,1.0
instruct-codegen-16B,H,SnakeFail.py,Snake,Fail,20.0,6.0,,4.0,3.0,0.0,0.0
instruct-codegen-16B,H,SplitSentenceFail.py,SplitSentence,Fail,0.0,0.0,,0.0,0.0,0.0,0.0
instruct-codegen-16B,H,SQLGeneratorFail.py,SQLGenerator,Fail,9.0,0.0,,7.0,0.0,0.0,0.0
instruct-codegen-16B,H,SQLQueryBuilderFail.py,SQLQueryBuilder,Fail,9.0,0.0,,4.0,0.0,0.0,0.0
instruct-codegen-16B,H,Statistics3Fail.py,Statistics3,Fail,16.0,0.0,,7.0,0.0,0.0,0.0
instruct-codegen-16B,H,StockPortfolioTrackerFail.py,StockPortfolioTracker,Fail,11.0,0.0,,8.0,0.0,0.0,0.0
instruct-codegen-16B,H,StudentDatabaseProcessorSuccess.py,StudentDatabaseProcessor,Success,33.0,0.0,,5.0,0.0,1.0,1.0
instruct-codegen-16B,H,TextFileProcessorFail.py,TextFileProcessor,Fail,7.0,0.0,,5.0,0.0,0.0,0.0
instruct-codegen-16B,H,ThermostatFail.py,Thermostat,Fail,12.0,0.0,,8.0,0.0,0.0,0.0
instruct-codegen-16B,H,TicTacToeFail.py,TicTacToe,Fail,7.0,2.0,,4.0,1.0,0.0,0.0
instruct-codegen-16B,H,TimeUtilsFail.py,TimeUtils,Fail,11.0,0.0,,8.0,0.0,0.0,0.0
instruct-codegen-16B,H,TriCalculatorFail.py,TriCalculator,Fail,9.0,5.0,,6.0,1.0,0.0,0.0
instruct-codegen-16B,H,TwentyFourPointGameFail.py,TwentyFourPointGame,Fail,17.0,0.0,,5.0,0.0,0.0,0.0
instruct-codegen-16B,H,URLHandlerFail.py,URLHandler,Fail,8.0,0.0,,6.0,0.0,0.0,0.0
instruct-codegen-16B,H,UrlPathFail.py,UrlPath,Fail,0.0,0.0,,0.0,0.0,0.0,0.0
instruct-codegen-16B,H,UserLoginDBFail.py,UserLoginDB,Fail,8.0,0.0,,5.0,0.0,0.0,0.0
instruct-codegen-16B,H,VectorUtilFail.py,VectorUtil,Fail,0.0,0.0,,0.0,0.0,0.0,0.0
instruct-codegen-16B,H,VendingMachineFail.py,VendingMachine,Fail,9.0,0.0,,6.0,0.0,0.0,0.0
instruct-codegen-16B,H,WarehouseFail.py,Warehouse,Fail,10.0,0.0,,7.0,0.0,0.0,0.0
instruct-codegen-16B,H,WeatherSystemFail.py,WeatherSystem,Fail,10.0,0.0,,5.0,0.0,0.0,0.0
instruct-codegen-16B,H,Words2NumbersFail.py,Words2Numbers,Fail,21.0,0.0,4.0,7.0,0.0,0.0,0.0
instruct-codegen-16B,H,XMLProcessorFail.py,XMLProcessor,Fail,21.0,0.0,1.0,6.0,0.0,0.0,0.0
instruct-codegen-16B,H,ZipFileProcessorFail.py,ZipFileProcessor,Fail,0.0,0.0,,0.0,0.0,0.0,0.0
instruct-codegen-16B,C,AccessGatewayFilterFail.py,AccessGatewayFilter,Fail,18.0,5.0,4.0,5.0,1.0,0.0,0.0
instruct-codegen-16B,C,AreaCalculatorFail.py,AreaCalculator,Fail,10.0,0.0,1.0,4.0,0.0,0.0,0.0
instruct-codegen-16B,C,ArgumentParserFail.py,ArgumentParser,Fail,29.0,0.0,11.0,10.0,0.0,0.0,0.0
instruct-codegen-16B,C,ArrangementCalculatorFail.py,ArrangementCalculator,Fail,18.0,10.0,5.0,9.0,2.0,0.0,0.0
instruct-codegen-16B,C,AssessmentSystemSuccess.py,AssessmentSystem,Success,28.0,0.0,12.0,14.0,0.0,1.0,1.0
instruct-codegen-16B,C,AutomaticGuitarSimulatorFail.py,AutomaticGuitarSimulator,Fail,17.0,0.0,6.0,7.0,0.0,0.0,0.0
instruct-codegen-16B,C,AvgPartitionFail.py,AvgPartition,Fail,16.0,5.0,1.0,4.0,1.0,0.0,0.0
instruct-codegen-16B,C,BalancedBracketsSuccess.py,BalancedBrackets,Success,16.0,0.0,8.0,8.0,0.0,1.0,1.0
instruct-codegen-16B,C,BankAccountFail.py,BankAccount,Fail,20.0,0.0,3.0,8.0,0.0,0.0,0.0
instruct-codegen-16B,C,BigNumCalculatorFail.py,BigNumCalculator,Fail,44.0,15.0,15.0,12.0,3.0,0.0,0.0
instruct-codegen-16B,C,BinaryDataProcessorFail.py,BinaryDataProcessor,Fail,21.0,0.0,1.0,5.0,0.0,0.0,0.0
instruct-codegen-16B,C,BitStatusUtilFail.py,BitStatusUtil,Fail,19.0,20.0,9.0,13.0,4.0,0.0,0.0
instruct-codegen-16B,C,BlackjackGameFail.py,BlackjackGame,Fail,44.0,0.0,15.0,11.0,0.0,0.0,0.0
instruct-codegen-16B,C,BookManagementDBFail.py,BookManagementDB,Fail,0.0,0.0,,0.0,0.0,0.0,0.0
instruct-codegen-16B,C,BookManagementFail.py,BookManagement,Fail,27.0,0.0,10.0,12.0,0.0,0.0,0.0
instruct-codegen-16B,C,BoyerMooreSearchFail.py,BoyerMooreSearch,Fail,32.0,8.0,17.0,14.0,4.0,0.0,0.0
instruct-codegen-16B,C,CalculatorFail.py,Calculator,Fail,44.0,0.0,12.0,10.0,0.0,0.0,0.0
instruct-codegen-16B,C,CalendarUtilFail.py,CalendarUtil,Fail,0.0,0.0,,0.0,0.0,0.0,0.0
instruct-codegen-16B,C,CamelCaseMapFail.py,CamelCaseMap,Fail,11.0,5.0,1.0,6.0,1.0,0.0,0.0
instruct-codegen-16B,C,ChandrasekharSieveFail.py,ChandrasekharSieve,Fail,14.0,0.0,3.0,5.0,0.0,0.0,0.0
instruct-codegen-16B,C,ChatFail.py,Chat,Fail,20.0,0.0,4.0,6.0,0.0,0.0,0.0
instruct-codegen-16B,C,ClassRegistrationSystemFail.py,ClassRegistrationSystem,Fail,16.0,5.0,2.0,7.0,1.0,0.0,0.0
instruct-codegen-16B,C,ClassroomFail.py,Classroom,Fail,8.0,0.0,1.0,3.0,0.0,0.0,0.0
instruct-codegen-16B,C,CombinationCalculatorFail.py,CombinationCalculator,Fail,43.0,25.0,12.0,17.0,8.0,0.0,0.0
instruct-codegen-16B,C,ComplexCalculatorFail.py,ComplexCalculator,Fail,12.0,20.0,,5.0,4.0,0.0,0.0
instruct-codegen-16B,C,CookiesUtilFail.py,CookiesUtil,Fail,15.0,0.0,3.0,4.0,0.0,0.0,0.0
instruct-codegen-16B,C,CSVProcessorFail.py,CSVProcessor,Fail,10.0,5.0,1.0,3.0,1.0,0.0,0.0
instruct-codegen-16B,C,CurrencyConverterSuccess.py,CurrencyConverter,Success,27.0,0.0,4.0,8.0,0.0,1.0,1.0
instruct-codegen-16B,C,DatabaseProcessorFail.py,DatabaseProcessor,Fail,20.0,0.0,,3.0,0.0,0.0,0.0
instruct-codegen-16B,C,DataStatistics2Fail.py,DataStatistics2,Fail,21.0,0.0,1.0,8.0,0.0,0.0,0.0
instruct-codegen-16B,C,DataStatistics4Fail.py,DataStatistics4,Fail,0.0,0.0,,0.0,0.0,0.0,0.0
instruct-codegen-16B,C,DataStatisticsFail.py,DataStatistics,Fail,23.0,0.0,8.0,8.0,0.0,0.0,0.0
instruct-codegen-16B,C,DecryptionUtilsFail.py,DecryptionUtils,Fail,30.0,0.0,10.0,10.0,0.0,0.0,0.0
instruct-codegen-16B,C,DiscountStrategyFail.py,DiscountStrategy,Fail,24.0,30.0,6.0,9.0,6.0,0.0,0.0
instruct-codegen-16B,C,DocFileHandlerFail.py,DocFileHandler,Fail,55.0,0.0,8.0,10.0,0.0,0.0,0.0
instruct-codegen-16B,C,EightPuzzleFail.py,EightPuzzle,Fail,50.0,0.0,15.0,13.0,0.0,0.0,0.0
instruct-codegen-16B,C,EmailClientFail.py,EmailClient,Fail,16.0,0.0,2.0,6.0,0.0,0.0,0.0
instruct-codegen-16B,C,EncryptionUtilsFail.py,EncryptionUtils,Fail,43.0,20.0,18.0,13.0,4.0,0.0,0.0
instruct-codegen-16B,C,ExcelProcessorFail.py,ExcelProcessor,Fail,34.0,12.0,6.0,8.0,3.0,0.0,0.0
instruct-codegen-16B,C,ExpressionCalculatorFail.py,ExpressionCalculator,Fail,0.0,0.0,,0.0,0.0,0.0,0.0
instruct-codegen-16B,C,FitnessTrackerFail.py,FitnessTracker,Fail,31.0,7.0,10.0,7.0,2.0,0.0,0.0
instruct-codegen-16B,C,GomokuGameFail.py,GomokuGame,Fail,77.0,55.0,79.0,34.0,2.0,0.0,0.0
instruct-codegen-16B,C,HotelSuccess.py,Hotel,Success,26.0,0.0,7.0,10.0,0.0,1.0,1.0
instruct-codegen-16B,C,HRManagementSystemFail.py,HRManagementSystem,Fail,32.0,0.0,7.0,10.0,0.0,0.0,0.0
instruct-codegen-16B,C,HtmlUtilFail.py,HtmlUtil,Fail,30.0,2.0,2.0,6.0,1.0,0.0,0.0
instruct-codegen-16B,C,ImageProcessorFail.py,ImageProcessor,Fail,11.0,0.0,,4.0,0.0,0.0,0.0
instruct-codegen-16B,C,InterpolationFail.py,Interpolation,Fail,0.0,0.0,,0.0,0.0,0.0,0.0
instruct-codegen-16B,C,IPAddressFail.py,IPAddress,Fail,13.0,0.0,1.0,5.0,0.0,0.0,0.0
instruct-codegen-16B,C,IpUtilFail.py,IpUtil,Fail,19.0,15.0,3.0,3.0,3.0,0.0,0.0
instruct-codegen-16B,C,JobMarketplaceFail.py,JobMarketplace,Fail,15.0,0.0,3.0,9.0,0.0,0.0,0.0
instruct-codegen-16B,C,JSONProcessorFail.py,JSONProcessor,Fail,24.0,0.0,6.0,6.0,0.0,0.0,0.0
instruct-codegen-16B,C,KappaCalculatorFail.py,KappaCalculator,Fail,22.0,16.0,,2.0,5.0,0.0,0.0
instruct-codegen-16B,C,LemmatizationFail.py,Lemmatization,Fail,0.0,0.0,,0.0,0.0,0.0,0.0
instruct-codegen-16B,C,LongestWordFail.py,LongestWord,Fail,15.0,0.0,4.0,6.0,0.0,0.0,0.0
instruct-codegen-16B,C,MahjongConnectFail.py,MahjongConnect,Fail,62.0,23.0,48.0,25.0,4.0,0.0,0.0
instruct-codegen-16B,C,ManacherFail.py,Manacher,Fail,57.0,20.0,34.0,18.0,2.0,0.0,0.0
instruct-codegen-16B,C,MetricsCalculator2Fail.py,MetricsCalculator2,Fail,12.0,5.0,3.0,3.0,1.0,0.0,0.0
instruct-codegen-16B,C,MetricsCalculatorFail.py,MetricsCalculator,Fail,64.0,0.0,32.0,26.0,0.0,0.0,0.0
instruct-codegen-16B,C,MinesweeperGameFail.py,MinesweeperGame,Fail,52.0,42.0,36.0,22.0,7.0,0.0,0.0
instruct-codegen-16B,C,MovieBookingSystemFail.py,MovieBookingSystem,Fail,18.0,0.0,8.0,8.0,0.0,0.0,0.0
instruct-codegen-16B,C,MovieTicketDBFail.py,MovieTicketDB,Fail,0.0,0.0,,0.0,0.0,0.0,0.0
instruct-codegen-16B,C,MusicPlayerSuccess.py,MusicPlayer,Success,31.0,0.0,10.0,13.0,0.0,1.0,1.0
instruct-codegen-16B,C,NLPDataProcessor2Fail.py,NLPDataProcessor2,Fail,0.0,0.0,,0.0,0.0,0.0,0.0
instruct-codegen-16B,C,NLPDataProcessorFail.py,NLPDataProcessor,Fail,15.0,0.0,6.0,7.0,0.0,0.0,0.0
instruct-codegen-16B,C,NumberConverterFail.py,NumberConverter,Fail,43.0,30.0,10.0,13.0,6.0,0.0,0.0
instruct-codegen-16B,C,NumberWordFormatterFail.py,NumberWordFormatter,Fail,124.0,10.0,24.0,21.0,2.0,0.0,0.0
instruct-codegen-16B,C,NumericEntityUnescaperFail.py,NumericEntityUnescaper,Fail,23.0,12.0,17.0,9.0,2.0,0.0,0.0
instruct-codegen-16B,C,OrderFail.py,Order,Fail,17.0,0.0,3.0,5.0,0.0,0.0,0.0
instruct-codegen-16B,C,PageUtilFail.py,PageUtil,Fail,38.0,0.0,3.0,6.0,0.0,0.0,0.0
instruct-codegen-16B,C,PDFHandlerFail.py,PDFHandler,Fail,16.0,0.0,2.0,5.0,0.0,0.0,0.0
instruct-codegen-16B,C,PersonRequestSuccess.py,PersonRequest,Success,20.0,31.0,6.0,10.0,8.0,1.0,0.845
instruct-codegen-16B,C,PushBoxGameFail.py,PushBoxGame,Fail,25.0,0.0,8.0,5.0,0.0,0.0,0.0
instruct-codegen-16B,C,RegexUtilsFail.py,RegexUtils,Fail,0.0,0.0,,0.0,0.0,0.0,0.0
instruct-codegen-16B,C,RPGCharacterFail.py,RPGCharacter,Fail,22.0,0.0,,5.0,0.0,0.0,0.0
instruct-codegen-16B,C,ServerFail.py,Server,Fail,25.0,1.0,6.0,9.0,1.0,0.0,0.0
instruct-codegen-16B,C,ShoppingCartFail.py,ShoppingCart,Fail,8.0,0.0,1.0,3.0,0.0,0.0,0.0
instruct-codegen-16B,C,SignInSystemFail.py,SignInSystem,Fail,25.0,0.0,9.0,10.0,0.0,0.0,0.0
instruct-codegen-16B,C,SnakeFail.py,Snake,Fail,30.0,6.0,6.0,7.0,3.0,0.0,0.0
instruct-codegen-16B,C,SplitSentenceFail.py,SplitSentence,Fail,0.0,0.0,,0.0,0.0,0.0,0.0
instruct-codegen-16B,C,SQLGeneratorFail.py,SQLGenerator,Fail,8.0,0.0,,2.0,0.0,0.0,0.0
instruct-codegen-16B,C,SQLQueryBuilderFail.py,SQLQueryBuilder,Fail,0.0,0.0,,0.0,0.0,0.0,0.0
instruct-codegen-16B,C,Statistics3Fail.py,Statistics3,Fail,0.0,0.0,,0.0,0.0,0.0,0.0
instruct-codegen-16B,C,StockPortfolioTrackerFail.py,StockPortfolioTracker,Fail,32.0,0.0,5.0,12.0,0.0,0.0,0.0
instruct-codegen-16B,C,StudentDatabaseProcessorFail.py,StudentDatabaseProcessor,Fail,14.0,0.0,,3.0,0.0,0.0,0.0
instruct-codegen-16B,C,TextFileProcessorFail.py,TextFileProcessor,Fail,15.0,0.0,,5.0,0.0,0.0,0.0
instruct-codegen-16B,C,ThermostatFail.py,Thermostat,Fail,15.0,0.0,2.0,5.0,0.0,0.0,0.0
instruct-codegen-16B,C,TicTacToeFail.py,TicTacToe,Fail,33.0,2.0,24.0,18.0,1.0,0.0,0.0
instruct-codegen-16B,C,TimeUtilsFail.py,TimeUtils,Fail,5.0,0.0,,1.0,0.0,0.0,0.0
instruct-codegen-16B,C,TriCalculatorFail.py,TriCalculator,Fail,32.0,5.0,7.0,11.0,1.0,0.0,0.0
instruct-codegen-16B,C,TwentyFourPointGameFail.py,TwentyFourPointGame,Fail,16.0,5.0,3.0,4.0,1.0,0.0,0.0
instruct-codegen-16B,C,URLHandlerFail.py,URLHandler,Fail,21.0,0.0,3.0,8.0,0.0,0.0,0.0
instruct-codegen-16B,C,UrlPathFail.py,UrlPath,Fail,5.0,0.0,,1.0,0.0,0.0,0.0
instruct-codegen-16B,C,UserLoginDBFail.py,UserLoginDB,Fail,20.0,0.0,2.0,6.0,0.0,0.0,0.0
instruct-codegen-16B,C,VectorUtilFail.py,VectorUtil,Fail,6.0,5.0,,1.0,1.0,0.0,0.0
instruct-codegen-16B,C,VendingMachineFail.py,VendingMachine,Fail,23.0,0.0,7.0,8.0,0.0,0.0,0.0
instruct-codegen-16B,C,WarehouseFail.py,Warehouse,Fail,24.0,0.0,5.0,11.0,0.0,0.0,0.0
instruct-codegen-16B,C,WeatherSystemFail.py,WeatherSystem,Fail,18.0,0.0,3.0,5.0,0.0,0.0,0.0
instruct-codegen-16B,C,Words2NumbersFail.py,Words2Numbers,Fail,48.0,28.0,27.0,15.0,2.0,0.0,0.0
instruct-codegen-16B,C,XMLProcessorFail.py,XMLProcessor,Fail,5.0,0.0,,1.0,0.0,0.0,0.0
instruct-codegen-16B,C,ZipFileProcessorFail.py,ZipFileProcessor,Fail,11.0,5.0,1.0,2.0,1.0,0.0,0.0
instruct-codegen-16B,I,AccessGatewayFilterFail.py,AccessGatewayFilter,Fail,35.0,5.0,8.0,10.0,1.0,0.0,0.0
instruct-codegen-16B,I,AreaCalculatorFail.py,AreaCalculator,Fail,14.0,0.0,,6.0,0.0,0.0,0.0
instruct-codegen-16B,I,ArgumentParserFail.py,ArgumentParser,Fail,27.0,5.0,8.0,10.0,1.0,0.0,0.0
instruct-codegen-16B,I,ArrangementCalculatorFail.py,ArrangementCalculator,Fail,23.0,10.0,6.0,10.0,2.0,0.0,0.0
instruct-codegen-16B,I,AssessmentSystemSuccess.py,AssessmentSystem,Success,40.0,0.0,15.0,17.0,0.0,1.0,1.0
instruct-codegen-16B,I,AutomaticGuitarSimulatorFail.py,AutomaticGuitarSimulator,Fail,14.0,0.0,5.0,6.0,0.0,0.0,0.0
instruct-codegen-16B,I,AvgPartitionFail.py,AvgPartition,Fail,15.0,5.0,1.0,4.0,1.0,0.0,0.0
instruct-codegen-16B,I,BalancedBracketsFail.py,BalancedBrackets,Fail,18.0,5.0,8.0,7.0,1.0,0.0,0.0
instruct-codegen-16B,I,BankAccountSuccess.py,BankAccount,Success,25.0,6.0,5.0,10.0,1.0,1.0,0.976
instruct-codegen-16B,I,BigNumCalculatorFail.py,BigNumCalculator,Fail,54.0,15.0,27.0,17.0,3.0,0.0,0.0
instruct-codegen-16B,I,BinaryDataProcessorSuccess.py,BinaryDataProcessor,Success,15.0,0.0,,6.0,0.0,1.0,1.0
instruct-codegen-16B,I,BitStatusUtilFail.py,BitStatusUtil,Fail,24.0,32.0,14.0,18.0,6.0,0.0,0.0
instruct-codegen-16B,I,BlackjackGameFail.py,BlackjackGame,Fail,38.0,0.0,13.0,11.0,0.0,0.0,0.0
instruct-codegen-16B,I,BookManagementDBFail.py,BookManagementDB,Fail,0.0,0.0,,0.0,0.0,0.0,0.0
instruct-codegen-16B,I,BookManagementFail.py,BookManagement,Fail,24.0,0.0,9.0,9.0,0.0,0.0,0.0
instruct-codegen-16B,I,BoyerMooreSearchFail.py,BoyerMooreSearch,Fail,31.0,10.0,13.0,13.0,5.0,0.0,0.0
instruct-codegen-16B,I,CalculatorFail.py,Calculator,Fail,32.0,5.0,7.0,7.0,1.0,0.0,0.0
instruct-codegen-16B,I,CalendarUtilFail.py,CalendarUtil,Fail,0.0,0.0,,0.0,0.0,0.0,0.0
instruct-codegen-16B,I,CamelCaseMapFail.py,CamelCaseMap,Fail,15.0,0.0,1.0,8.0,0.0,0.0,0.0
instruct-codegen-16B,I,ChandrasekharSieveFail.py,ChandrasekharSieve,Fail,14.0,0.0,3.0,5.0,0.0,0.0,0.0
instruct-codegen-16B,I,ChatFail.py,Chat,Fail,30.0,0.0,9.0,10.0,0.0,0.0,0.0
instruct-codegen-16B,I,ClassRegistrationSystemFail.py,ClassRegistrationSystem,Fail,37.0,5.0,16.0,14.0,1.0,0.0,0.0
instruct-codegen-16B,I,ClassroomFail.py,Classroom,Fail,11.0,0.0,2.0,5.0,0.0,0.0,0.0
instruct-codegen-16B,I,CombinationCalculatorFail.py,CombinationCalculator,Fail,0.0,0.0,,0.0,0.0,0.0,0.0
instruct-codegen-16B,I,ComplexCalculatorFail.py,ComplexCalculator,Fail,12.0,20.0,,5.0,4.0,0.0,0.0
instruct-codegen-16B,I,CookiesUtilFail.py,CookiesUtil,Fail,8.0,0.0,,4.0,0.0,0.0,0.0
instruct-codegen-16B,I,CSVProcessorFail.py,CSVProcessor,Fail,34.0,12.0,11.0,9.0,3.0,0.0,0.0
instruct-codegen-16B,I,CurrencyConverterSuccess.py,CurrencyConverter,Success,27.0,0.0,3.0,8.0,0.0,1.0,1.0
instruct-codegen-16B,I,DatabaseProcessorFail.py,DatabaseProcessor,Fail,0.0,0.0,,0.0,0.0,0.0,0.0
instruct-codegen-16B,I,DataStatistics2Fail.py,DataStatistics2,Fail,18.0,0.0,,7.0,0.0,0.0,0.0
instruct-codegen-16B,I,DataStatistics4Fail.py,DataStatistics4,Fail,6.0,20.0,,4.0,4.0,0.0,0.0
instruct-codegen-16B,I,DataStatisticsSuccess.py,DataStatistics,Success,17.0,0.0,3.0,6.0,0.0,1.0,1.0
instruct-codegen-16B,I,DecryptionUtilsFail.py,DecryptionUtils,Fail,45.0,0.0,27.0,15.0,0.0,0.0,0.0
instruct-codegen-16B,I,DiscountStrategyFail.py,DiscountStrategy,Fail,29.0,30.0,8.0,11.0,6.0,0.0,0.0
instruct-codegen-16B,I,DocFileHandlerFail.py,DocFileHandler,Fail,0.0,0.0,,0.0,0.0,0.0,0.0
instruct-codegen-16B,I,EightPuzzleFail.py,EightPuzzle,Fail,100.0,31.0,63.0,31.0,1.0,0.0,0.0
instruct-codegen-16B,I,EmailClientFail.py,EmailClient,Fail,23.0,0.0,5.0,10.0,0.0,0.0,0.0
instruct-codegen-16B,I,EncryptionUtilsFail.py,EncryptionUtils,Fail,37.0,10.0,15.0,11.0,2.0,0.0,0.0
instruct-codegen-16B,I,ExcelProcessorFail.py,ExcelProcessor,Fail,33.0,7.0,6.0,8.0,2.0,0.0,0.0
instruct-codegen-16B,I,ExpressionCalculatorFail.py,ExpressionCalculator,Fail,0.0,0.0,,0.0,0.0,0.0,0.0
instruct-codegen-16B,I,FitnessTrackerFail.py,FitnessTracker,Fail,25.0,7.0,9.0,6.0,2.0,0.0,0.0
instruct-codegen-16B,I,GomokuGameFail.py,GomokuGame,Fail,43.0,14.0,37.0,25.0,1.0,0.0,0.0
instruct-codegen-16B,I,HotelSuccess.py,Hotel,Success,20.0,0.0,4.0,7.0,0.0,1.0,1.0
instruct-codegen-16B,I,HRManagementSystemFail.py,HRManagementSystem,Fail,33.0,0.0,8.0,10.0,0.0,0.0,0.0
instruct-codegen-16B,I,HtmlUtilFail.py,HtmlUtil,Fail,31.0,2.0,2.0,6.0,1.0,0.0,0.0
instruct-codegen-16B,I,ImageProcessorFail.py,ImageProcessor,Fail,15.0,0.0,,6.0,0.0,0.0,0.0
instruct-codegen-16B,I,InterpolationFail.py,Interpolation,Fail,32.0,15.0,8.0,9.0,3.0,0.0,0.0
instruct-codegen-16B,I,IPAddressFail.py,IPAddress,Fail,26.0,0.0,10.0,10.0,0.0,0.0,0.0
instruct-codegen-16B,I,IpUtilFail.py,IpUtil,Fail,21.0,15.0,5.0,4.0,3.0,0.0,0.0
instruct-codegen-16B,I,JobMarketplaceFail.py,JobMarketplace,Fail,0.0,0.0,,0.0,0.0,0.0,0.0
instruct-codegen-16B,I,JSONProcessorFail.py,JSONProcessor,Fail,23.0,0.0,6.0,6.0,0.0,0.0,0.0
instruct-codegen-16B,I,KappaCalculatorFail.py,KappaCalculator,Fail,0.0,0.0,,0.0,0.0,0.0,0.0
instruct-codegen-16B,I,LemmatizationFail.py,Lemmatization,Fail,25.0,0.0,7.0,6.0,0.0,0.0,0.0
instruct-codegen-16B,I,LongestWordSuccess.py,LongestWord,Success,10.0,0.0,,3.0,0.0,1.0,1.0
instruct-codegen-16B,I,MahjongConnectFail.py,MahjongConnect,Fail,0.0,0.0,,0.0,0.0,0.0,0.0
instruct-codegen-16B,I,ManacherFail.py,Manacher,Fail,42.0,7.0,21.0,11.0,1.0,0.0,0.0
instruct-codegen-16B,I,MetricsCalculator2Fail.py,MetricsCalculator2,Fail,19.0,10.0,4.0,7.0,2.0,0.0,0.0
instruct-codegen-16B,I,MetricsCalculatorFail.py,MetricsCalculator,Fail,28.0,10.0,6.0,12.0,2.0,0.0,0.0
instruct-codegen-16B,I,MinesweeperGameFail.py,MinesweeperGame,Fail,39.0,25.0,26.0,20.0,5.0,0.0,0.0
instruct-codegen-16B,I,MovieBookingSystemFail.py,MovieBookingSystem,Fail,26.0,0.0,10.0,10.0,0.0,0.0,0.0
instruct-codegen-16B,I,MovieTicketDBFail.py,MovieTicketDB,Fail,0.0,0.0,,0.0,0.0,0.0,0.0
instruct-codegen-16B,I,MusicPlayerFail.py,MusicPlayer,Fail,47.0,0.0,17.0,17.0,0.0,0.0,0.0
instruct-codegen-16B,I,NLPDataProcessor2Success.py,NLPDataProcessor2,Success,22.0,0.0,8.0,7.0,0.0,1.0,1.0
instruct-codegen-16B,I,NLPDataProcessorFail.py,NLPDataProcessor,Fail,12.0,0.0,1.0,5.0,0.0,0.0,0.0
instruct-codegen-16B,I,NumberConverterFail.py,NumberConverter,Fail,40.0,25.0,6.0,12.0,5.0,0.0,0.0
instruct-codegen-16B,I,NumberWordFormatterFail.py,NumberWordFormatter,Fail,55.0,2.0,19.0,14.0,1.0,0.0,0.0
instruct-codegen-16B,I,NumericEntityUnescaperFail.py,NumericEntityUnescaper,Fail,21.0,8.0,9.0,6.0,4.0,0.0,0.0
instruct-codegen-16B,I,OrderFail.py,Order,Fail,18.0,0.0,3.0,6.0,0.0,0.0,0.0
instruct-codegen-16B,I,PageUtilFail.py,PageUtil,Fail,41.0,0.0,3.0,6.0,0.0,0.0,0.0
instruct-codegen-16B,I,PDFHandlerFail.py,PDFHandler,Fail,16.0,0.0,2.0,5.0,0.0,0.0,0.0
instruct-codegen-16B,I,PersonRequestSuccess.py,PersonRequest,Success,17.0,26.0,5.0,10.0,7.0,1.0,0.8470588235294118
instruct-codegen-16B,I,PushBoxGameFail.py,PushBoxGame,Fail,27.0,0.0,9.0,6.0,0.0,0.0,0.0
instruct-codegen-16B,I,RegexUtilsFail.py,RegexUtils,Fail,18.0,0.0,,8.0,0.0,0.0,0.0
instruct-codegen-16B,I,RPGCharacterFail.py,RPGCharacter,Fail,27.0,0.0,2.0,8.0,0.0,0.0,0.0
instruct-codegen-16B,I,ServerFail.py,Server,Fail,31.0,0.0,9.0,11.0,0.0,0.0,0.0
instruct-codegen-16B,I,ShoppingCartSuccess.py,ShoppingCart,Success,23.0,5.0,7.0,9.0,1.0,1.0,0.9782608695652174
instruct-codegen-16B,I,SignInSystemFail.py,SignInSystem,Fail,26.0,0.0,9.0,10.0,0.0,0.0,0.0
instruct-codegen-16B,I,SnakeFail.py,Snake,Fail,34.0,6.0,7.0,8.0,3.0,0.0,0.0
instruct-codegen-16B,I,SplitSentenceFail.py,SplitSentence,Fail,0.0,0.0,,0.0,0.0,0.0,0.0
instruct-codegen-16B,I,SQLGeneratorFail.py,SQLGenerator,Fail,10.0,0.0,,4.0,0.0,0.0,0.0
instruct-codegen-16B,I,SQLQueryBuilderFail.py,SQLQueryBuilder,Fail,9.0,5.0,3.0,3.0,1.0,0.0,0.0
instruct-codegen-16B,I,Statistics3Fail.py,Statistics3,Fail,0.0,0.0,,0.0,0.0,0.0,0.0
instruct-codegen-16B,I,StockPortfolioTrackerFail.py,StockPortfolioTracker,Fail,0.0,0.0,,0.0,0.0,0.0,0.0
instruct-codegen-16B,I,StudentDatabaseProcessorFail.py,StudentDatabaseProcessor,Fail,13.0,0.0,,4.0,0.0,0.0,0.0
instruct-codegen-16B,I,TextFileProcessorFail.py,TextFileProcessor,Fail,21.0,0.0,,6.0,0.0,0.0,0.0
instruct-codegen-16B,I,ThermostatFail.py,Thermostat,Fail,15.0,0.0,,6.0,0.0,0.0,0.0
instruct-codegen-16B,I,TicTacToeFail.py,TicTacToe,Fail,31.0,2.0,24.0,18.0,1.0,0.0,0.0
instruct-codegen-16B,I,TimeUtilsSuccess.py,TimeUtils,Success,25.0,5.0,,8.0,1.0,1.0,0.98
instruct-codegen-16B,I,TriCalculatorFail.py,TriCalculator,Fail,32.0,5.0,4.0,9.0,1.0,0.0,0.0
instruct-codegen-16B,I,TwentyFourPointGameFail.py,TwentyFourPointGame,Fail,21.0,0.0,3.0,8.0,0.0,0.0,0.0
instruct-codegen-16B,I,URLHandlerFail.py,URLHandler,Fail,19.0,0.0,1.0,7.0,0.0,0.0,0.0
instruct-codegen-16B,I,UrlPathFail.py,UrlPath,Fail,13.0,10.0,1.0,5.0,2.0,0.0,0.0
instruct-codegen-16B,I,UserLoginDBFail.py,UserLoginDB,Fail,19.0,0.0,2.0,7.0,0.0,0.0,0.0
instruct-codegen-16B,I,VectorUtilFail.py,VectorUtil,Fail,20.0,20.0,4.0,7.0,4.0,0.0,0.0
instruct-codegen-16B,I,VendingMachineFail.py,VendingMachine,Fail,26.0,0.0,7.0,9.0,0.0,0.0,0.0
instruct-codegen-16B,I,WarehouseFail.py,Warehouse,Fail,0.0,0.0,,0.0,0.0,0.0,0.0
instruct-codegen-16B,I,WeatherSystemFail.py,WeatherSystem,Fail,29.0,0.0,6.0,8.0,0.0,0.0,0.0
instruct-codegen-16B,I,Words2NumbersFail.py,Words2Numbers,Fail,30.0,0.0,11.0,9.0,0.0,0.0,0.0
instruct-codegen-16B,I,XMLProcessorFail.py,XMLProcessor,Fail,18.0,0.0,,4.0,0.0,0.0,0.0
instruct-codegen-16B,I,ZipFileProcessorFail.py,ZipFileProcessor,Fail,33.0,20.0,5.0,6.0,4.0,0.0,0.0
PolyCoder-2.7B,H,AccessGatewayFilterFail.py,AccessGatewayFilter,Fail,0.0,0.0,,0.0,0.0,0.0,0.0
PolyCoder-2.7B,H,AreaCalculatorFail.py,AreaCalculator,Fail,0.0,0.0,,0.0,0.0,0.0,0.0
PolyCoder-2.7B,H,ArgumentParserFail.py,ArgumentParser,Fail,0.0,0.0,,0.0,0.0,0.0,0.0
PolyCoder-2.7B,H,ArrangementCalculatorFail.py,ArrangementCalculator,Fail,0.0,0.0,,0.0,0.0,0.0,0.0
PolyCoder-2.7B,H,AssessmentSystemFail.py,AssessmentSystem,Fail,0.0,0.0,,0.0,0.0,0.0,0.0
PolyCoder-2.7B,H,AutomaticGuitarSimulatorFail.py,AutomaticGuitarSimulator,Fail,0.0,0.0,,0.0,0.0,0.0,0.0
PolyCoder-2.7B,H,AvgPartitionFail.py,AvgPartition,Fail,0.0,0.0,,0.0,0.0,0.0,0.0
PolyCoder-2.7B,H,BalancedBracketsFail.py,BalancedBrackets,Fail,0.0,0.0,,0.0,0.0,0.0,0.0
PolyCoder-2.7B,H,BankAccountFail.py,BankAccount,Fail,0.0,0.0,,0.0,0.0,0.0,0.0
PolyCoder-2.7B,H,BigNumCalculatorFail.py,BigNumCalculator,Fail,0.0,0.0,,0.0,0.0,0.0,0.0
PolyCoder-2.7B,H,BinaryDataProcessorFail.py,BinaryDataProcessor,Fail,0.0,0.0,,0.0,0.0,0.0,0.0
PolyCoder-2.7B,H,BitStatusUtilFail.py,BitStatusUtil,Fail,0.0,0.0,,0.0,0.0,0.0,0.0
PolyCoder-2.7B,H,BlackjackGameFail.py,BlackjackGame,Fail,0.0,0.0,,0.0,0.0,0.0,0.0
PolyCoder-2.7B,H,BookManagementDBFail.py,BookManagementDB,Fail,0.0,0.0,,0.0,0.0,0.0,0.0
PolyCoder-2.7B,H,BookManagementFail.py,BookManagement,Fail,0.0,0.0,,0.0,0.0,0.0,0.0
PolyCoder-2.7B,H,BoyerMooreSearchFail.py,BoyerMooreSearch,Fail,0.0,0.0,,0.0,0.0,0.0,0.0
PolyCoder-2.7B,H,CalculatorFail.py,Calculator,Fail,0.0,0.0,,0.0,0.0,0.0,0.0
PolyCoder-2.7B,H,CalendarUtilFail.py,CalendarUtil,Fail,0.0,0.0,,0.0,0.0,0.0,0.0
PolyCoder-2.7B,H,CamelCaseMapFail.py,CamelCaseMap,Fail,0.0,0.0,,0.0,0.0,0.0,0.0
PolyCoder-2.7B,H,ChandrasekharSieveFail.py,ChandrasekharSieve,Fail,23.0,0.0,,11.0,0.0,0.0,0.0
PolyCoder-2.7B,H,ChatFail.py,Chat,Fail,0.0,0.0,,0.0,0.0,0.0,0.0
PolyCoder-2.7B,H,ClassRegistrationSystemFail.py,ClassRegistrationSystem,Fail,0.0,0.0,,0.0,0.0,0.0,0.0
PolyCoder-2.7B,H,ClassroomFail.py,Classroom,Fail,0.0,0.0,,0.0,0.0,0.0,0.0
PolyCoder-2.7B,H,CombinationCalculatorFail.py,CombinationCalculator,Fail,0.0,0.0,,0.0,0.0,0.0,0.0
PolyCoder-2.7B,H,ComplexCalculatorFail.py,ComplexCalculator,Fail,0.0,0.0,,0.0,0.0,0.0,0.0
PolyCoder-2.7B,H,CookiesUtilFail.py,CookiesUtil,Fail,0.0,0.0,,0.0,0.0,0.0,0.0
PolyCoder-2.7B,H,CSVProcessorFail.py,CSVProcessor,Fail,0.0,0.0,,0.0,0.0,0.0,0.0
PolyCoder-2.7B,H,CurrencyConverterFail.py,CurrencyConverter,Fail,0.0,0.0,,0.0,0.0,0.0,0.0
PolyCoder-2.7B,H,DatabaseProcessorFail.py,DatabaseProcessor,Fail,0.0,0.0,,0.0,0.0,0.0,0.0
PolyCoder-2.7B,H,DataStatistics2Fail.py,DataStatistics2,Fail,0.0,0.0,,0.0,0.0,0.0,0.0
PolyCoder-2.7B,H,DataStatistics4Fail.py,DataStatistics4,Fail,0.0,0.0,,0.0,0.0,0.0,0.0
PolyCoder-2.7B,H,DataStatisticsFail.py,DataStatistics,Fail,0.0,0.0,,0.0,0.0,0.0,0.0
PolyCoder-2.7B,H,DecryptionUtilsFail.py,DecryptionUtils,Fail,0.0,0.0,,0.0,0.0,0.0,0.0
PolyCoder-2.7B,H,DiscountStrategyFail.py,DiscountStrategy,Fail,0.0,0.0,,0.0,0.0,0.0,0.0
PolyCoder-2.7B,H,DocFileHandlerFail.py,DocFileHandler,Fail,0.0,0.0,,0.0,0.0,0.0,0.0
PolyCoder-2.7B,H,EightPuzzleFail.py,EightPuzzle,Fail,0.0,0.0,,0.0,0.0,0.0,0.0
PolyCoder-2.7B,H,EmailClientFail.py,EmailClient,Fail,0.0,0.0,,0.0,0.0,0.0,0.0
PolyCoder-2.7B,H,EncryptionUtilsFail.py,EncryptionUtils,Fail,0.0,0.0,,0.0,0.0,0.0,0.0
PolyCoder-2.7B,H,ExcelProcessorFail.py,ExcelProcessor,Fail,0.0,0.0,,0.0,0.0,0.0,0.0
PolyCoder-2.7B,H,ExpressionCalculatorFail.py,ExpressionCalculator,Fail,0.0,0.0,,0.0,0.0,0.0,0.0
PolyCoder-2.7B,H,FitnessTrackerFail.py,FitnessTracker,Fail,0.0,0.0,,0.0,0.0,0.0,0.0
PolyCoder-2.7B,H,GomokuGameFail.py,GomokuGame,Fail,0.0,0.0,,0.0,0.0,0.0,0.0
PolyCoder-2.7B,H,HotelFail.py,Hotel,Fail,0.0,0.0,,0.0,0.0,0.0,0.0
PolyCoder-2.7B,H,HRManagementSystemFail.py,HRManagementSystem,Fail,0.0,0.0,,0.0,0.0,0.0,0.0
PolyCoder-2.7B,H,HtmlUtilFail.py,HtmlUtil,Fail,0.0,0.0,,0.0,0.0,0.0,0.0
PolyCoder-2.7B,H,ImageProcessorFail.py,ImageProcessor,Fail,0.0,0.0,,0.0,0.0,0.0,0.0
PolyCoder-2.7B,H,InterpolationFail.py,Interpolation,Fail,0.0,0.0,,0.0,0.0,0.0,0.0
PolyCoder-2.7B,H,IPAddressFail.py,IPAddress,Fail,0.0,0.0,,0.0,0.0,0.0,0.0
PolyCoder-2.7B,H,IpUtilFail.py,IpUtil,Fail,0.0,0.0,,0.0,0.0,0.0,0.0
PolyCoder-2.7B,H,JobMarketplaceFail.py,JobMarketplace,Fail,0.0,0.0,,0.0,0.0,0.0,0.0
PolyCoder-2.7B,H,JSONProcessorFail.py,JSONProcessor,Fail,0.0,0.0,,0.0,0.0,0.0,0.0
PolyCoder-2.7B,H,KappaCalculatorFail.py,KappaCalculator,Fail,0.0,0.0,,0.0,0.0,0.0,0.0
PolyCoder-2.7B,H,LemmatizationFail.py,Lemmatization,Fail,0.0,0.0,,0.0,0.0,0.0,0.0
PolyCoder-2.7B,H,LongestWordFail.py,LongestWord,Fail,57.0,10.0,23.0,26.0,2.0,0.0,0.0
PolyCoder-2.7B,H,MahjongConnectFail.py,MahjongConnect,Fail,0.0,0.0,,0.0,0.0,0.0,0.0
PolyCoder-2.7B,H,ManacherFail.py,Manacher,Fail,0.0,0.0,,0.0,0.0,0.0,0.0
PolyCoder-2.7B,H,MetricsCalculator2Fail.py,MetricsCalculator2,Fail,0.0,0.0,,0.0,0.0,0.0,0.0
PolyCoder-2.7B,H,MetricsCalculatorFail.py,MetricsCalculator,Fail,0.0,0.0,,0.0,0.0,0.0,0.0
PolyCoder-2.7B,H,MinesweeperGameFail.py,MinesweeperGame,Fail,0.0,0.0,,0.0,0.0,0.0,0.0
PolyCoder-2.7B,H,MovieBookingSystemFail.py,MovieBookingSystem,Fail,0.0,0.0,,0.0,0.0,0.0,0.0
PolyCoder-2.7B,H,MovieTicketDBFail.py,MovieTicketDB,Fail,0.0,0.0,,0.0,0.0,0.0,0.0
PolyCoder-2.7B,H,MusicPlayerSuccess.py,MusicPlayer,Success,0.0,0.0,,0.0,0.0,1.0,1.0
PolyCoder-2.7B,H,NLPDataProcessor2Fail.py,NLPDataProcessor2,Fail,0.0,0.0,,0.0,0.0,0.0,0.0
PolyCoder-2.7B,H,NLPDataProcessorFail.py,NLPDataProcessor,Fail,0.0,0.0,,0.0,0.0,0.0,0.0
PolyCoder-2.7B,H,NumberConverterFail.py,NumberConverter,Fail,0.0,0.0,,0.0,0.0,0.0,0.0
PolyCoder-2.7B,H,NumberWordFormatterFail.py,NumberWordFormatter,Fail,0.0,0.0,,0.0,0.0,0.0,0.0
PolyCoder-2.7B,H,NumericEntityUnescaperFail.py,NumericEntityUnescaper,Fail,0.0,0.0,,0.0,0.0,0.0,0.0
PolyCoder-2.7B,H,OrderFail.py,Order,Fail,0.0,0.0,,0.0,0.0,0.0,0.0
PolyCoder-2.7B,H,PageUtilFail.py,PageUtil,Fail,0.0,0.0,,0.0,0.0,0.0,0.0
PolyCoder-2.7B,H,PDFHandlerFail.py,PDFHandler,Fail,0.0,0.0,,0.0,0.0,0.0,0.0
PolyCoder-2.7B,H,PersonRequestFail.py,PersonRequest,Fail,0.0,0.0,,0.0,0.0,0.0,0.0
PolyCoder-2.7B,H,PushBoxGameFail.py,PushBoxGame,Fail,0.0,0.0,,0.0,0.0,0.0,0.0
PolyCoder-2.7B,H,RegexUtilsFail.py,RegexUtils,Fail,0.0,0.0,,0.0,0.0,0.0,0.0
PolyCoder-2.7B,H,RPGCharacterFail.py,RPGCharacter,Fail,0.0,0.0,,0.0,0.0,0.0,0.0
PolyCoder-2.7B,H,ServerFail.py,Server,Fail,0.0,0.0,,0.0,0.0,0.0,0.0
PolyCoder-2.7B,H,ShoppingCartFail.py,ShoppingCart,Fail,0.0,0.0,,0.0,0.0,0.0,0.0
PolyCoder-2.7B,H,SignInSystemFail.py,SignInSystem,Fail,0.0,0.0,,0.0,0.0,0.0,0.0
PolyCoder-2.7B,H,SnakeFail.py,Snake,Fail,0.0,0.0,,0.0,0.0,0.0,0.0
PolyCoder-2.7B,H,SplitSentenceFail.py,SplitSentence,Fail,0.0,0.0,,0.0,0.0,0.0,0.0
PolyCoder-2.7B,H,SQLGeneratorFail.py,SQLGenerator,Fail,0.0,0.0,,0.0,0.0,0.0,0.0
PolyCoder-2.7B,H,SQLQueryBuilderFail.py,SQLQueryBuilder,Fail,0.0,0.0,,0.0,0.0,0.0,0.0
PolyCoder-2.7B,H,Statistics3Fail.py,Statistics3,Fail,0.0,0.0,,0.0,0.0,0.0,0.0
PolyCoder-2.7B,H,StockPortfolioTrackerFail.py,StockPortfolioTracker,Fail,0.0,0.0,,0.0,0.0,0.0,0.0
PolyCoder-2.7B,H,StudentDatabaseProcessorFail.py,StudentDatabaseProcessor,Fail,0.0,0.0,,0.0,0.0,0.0,0.0
PolyCoder-2.7B,H,TextFileProcessorFail.py,TextFileProcessor,Fail,0.0,0.0,,0.0,0.0,0.0,0.0
PolyCoder-2.7B,H,ThermostatFail.py,Thermostat,Fail,0.0,0.0,,0.0,0.0,0.0,0.0
PolyCoder-2.7B,H,TicTacToeFail.py,TicTacToe,Fail,0.0,0.0,,0.0,0.0,0.0,0.0
PolyCoder-2.7B,H,TimeUtilsFail.py,TimeUtils,Fail,0.0,0.0,,0.0,0.0,0.0,0.0
PolyCoder-2.7B,H,TriCalculatorFail.py,TriCalculator,Fail,0.0,0.0,,0.0,0.0,0.0,0.0
PolyCoder-2.7B,H,TwentyFourPointGameFail.py,TwentyFourPointGame,Fail,0.0,0.0,,0.0,0.0,0.0,0.0
PolyCoder-2.7B,H,URLHandlerFail.py,URLHandler,Fail,0.0,0.0,,0.0,0.0,0.0,0.0
PolyCoder-2.7B,H,UrlPathFail.py,UrlPath,Fail,17.0,0.0,,12.0,0.0,0.0,0.0
PolyCoder-2.7B,H,UserLoginDBFail.py,UserLoginDB,Fail,0.0,0.0,,0.0,0.0,0.0,0.0
PolyCoder-2.7B,H,VectorUtilFail.py,VectorUtil,Fail,0.0,0.0,,0.0,0.0,0.0,0.0
PolyCoder-2.7B,H,VendingMachineFail.py,VendingMachine,Fail,0.0,0.0,,0.0,0.0,0.0,0.0
PolyCoder-2.7B,H,WarehouseFail.py,Warehouse,Fail,0.0,0.0,,0.0,0.0,0.0,0.0
PolyCoder-2.7B,H,WeatherSystemFail.py,WeatherSystem,Fail,0.0,0.0,,0.0,0.0,0.0,0.0
PolyCoder-2.7B,H,Words2NumbersFail.py,Words2Numbers,Fail,0.0,0.0,,0.0,0.0,0.0,0.0
PolyCoder-2.7B,H,XMLProcessorFail.py,XMLProcessor,Fail,0.0,0.0,,0.0,0.0,0.0,0.0
PolyCoder-2.7B,H,ZipFileProcessorFail.py,ZipFileProcessor,Fail,0.0,0.0,,0.0,0.0,0.0,0.0
PolyCoder-2.7B,C,AccessGatewayFilterFail.py,AccessGatewayFilter,Fail,19.0,10.0,5.0,7.0,2.0,0.0,0.0
PolyCoder-2.7B,C,AreaCalculatorFail.py,AreaCalculator,Fail,14.0,0.0,,6.0,0.0,0.0,0.0
PolyCoder-2.7B,C,ArgumentParserFail.py,ArgumentParser,Fail,124.0,30.0,48.0,45.0,3.0,0.0,0.0
PolyCoder-2.7B,C,ArrangementCalculatorFail.py,ArrangementCalculator,Fail,19.0,20.0,2.0,8.0,4.0,0.0,0.0
PolyCoder-2.7B,C,AssessmentSystemSuccess.py,AssessmentSystem,Success,18.0,0.0,2.0,8.0,0.0,1.0,1.0
PolyCoder-2.7B,C,AutomaticGuitarSimulatorFail.py,AutomaticGuitarSimulator,Fail,12.0,5.0,3.0,5.0,1.0,0.0,0.0
PolyCoder-2.7B,C,AvgPartitionFail.py,AvgPartition,Fail,16.0,5.0,3.0,5.0,1.0,0.0,0.0
PolyCoder-2.7B,C,BalancedBracketsFail.py,BalancedBrackets,Fail,0.0,0.0,,0.0,0.0,0.0,0.0
PolyCoder-2.7B,C,BankAccountFail.py,BankAccount,Fail,19.0,0.0,3.0,8.0,0.0,0.0,0.0
PolyCoder-2.7B,C,BigNumCalculatorFail.py,BigNumCalculator,Fail,7.0,15.0,,3.0,3.0,0.0,0.0
PolyCoder-2.7B,C,BinaryDataProcessorFail.py,BinaryDataProcessor,Fail,12.0,0.0,,5.0,0.0,0.0,0.0
PolyCoder-2.7B,C,BitStatusUtilFail.py,BitStatusUtil,Fail,25.0,30.0,8.0,12.0,6.0,0.0,0.0
PolyCoder-2.7B,C,BlackjackGameFail.py,BlackjackGame,Fail,31.0,5.0,11.0,8.0,1.0,0.0,0.0
PolyCoder-2.7B,C,BookManagementDBFail.py,BookManagementDB,Fail,27.0,0.0,1.0,8.0,0.0,0.0,0.0
PolyCoder-2.7B,C,BookManagementFail.py,BookManagement,Fail,70.0,0.0,3.0,8.0,0.0,0.0,0.0
PolyCoder-2.7B,C,BoyerMooreSearchFail.py,BoyerMooreSearch,Fail,0.0,0.0,,0.0,0.0,0.0,0.0
PolyCoder-2.7B,C,CalculatorFail.py,Calculator,Fail,32.0,0.0,8.0,11.0,0.0,0.0,0.0
PolyCoder-2.7B,C,CalendarUtilFail.py,CalendarUtil,Fail,0.0,0.0,,0.0,0.0,0.0,0.0
PolyCoder-2.7B,C,CamelCaseMapFail.py,CamelCaseMap,Fail,21.0,5.0,2.0,9.0,1.0,0.0,0.0
PolyCoder-2.7B,C,ChandrasekharSieveFail.py,ChandrasekharSieve,Fail,11.0,0.0,1.0,4.0,0.0,0.0,0.0
PolyCoder-2.7B,C,ChatFail.py,Chat,Fail,25.0,5.0,5.0,10.0,1.0,0.0,0.0
PolyCoder-2.7B,C,ClassRegistrationSystemFail.py,ClassRegistrationSystem,Fail,18.0,0.0,1.0,7.0,0.0,0.0,0.0
PolyCoder-2.7B,C,ClassroomFail.py,Classroom,Fail,25.0,5.0,5.0,7.0,1.0,0.0,0.0
PolyCoder-2.7B,C,CombinationCalculatorFail.py,CombinationCalculator,Fail,0.0,0.0,,0.0,0.0,0.0,0.0
PolyCoder-2.7B,C,ComplexCalculatorFail.py,ComplexCalculator,Fail,12.0,20.0,,5.0,4.0,0.0,0.0
PolyCoder-2.7B,C,CookiesUtilFail.py,CookiesUtil,Fail,27.0,0.0,7.0,9.0,0.0,0.0,0.0
PolyCoder-2.7B,C,CSVProcessorFail.py,CSVProcessor,Fail,10.0,7.0,,4.0,2.0,0.0,0.0
PolyCoder-2.7B,C,CurrencyConverterFail.py,CurrencyConverter,Fail,19.0,5.0,,5.0,1.0,0.0,0.0
PolyCoder-2.7B,C,DatabaseProcessorFail.py,DatabaseProcessor,Fail,13.0,0.0,,5.0,0.0,0.0,0.0
PolyCoder-2.7B,C,DataStatistics2Fail.py,DataStatistics2,Fail,16.0,0.0,,7.0,0.0,0.0,0.0
PolyCoder-2.7B,C,DataStatistics4Fail.py,DataStatistics4,Fail,10.0,20.0,,4.0,4.0,0.0,0.0
PolyCoder-2.7B,C,DataStatisticsFail.py,DataStatistics,Fail,8.0,0.0,,3.0,0.0,0.0,0.0
PolyCoder-2.7B,C,DecryptionUtilsFail.py,DecryptionUtils,Fail,9.0,0.0,,4.0,0.0,0.0,0.0
PolyCoder-2.7B,C,DiscountStrategyFail.py,DiscountStrategy,Fail,22.0,30.0,2.0,8.0,6.0,0.0,0.0
PolyCoder-2.7B,C,DocFileHandlerFail.py,DocFileHandler,Fail,21.0,0.0,3.0,7.0,0.0,0.0,0.0
PolyCoder-2.7B,C,EightPuzzleFail.py,EightPuzzle,Fail,37.0,1.0,20.0,13.0,1.0,0.0,0.0
PolyCoder-2.7B,C,EmailClientFail.py,EmailClient,Fail,24.0,0.0,3.0,8.0,0.0,0.0,0.0
PolyCoder-2.7B,C,EncryptionUtilsFail.py,EncryptionUtils,Fail,21.0,0.0,,10.0,0.0,0.0,0.0
PolyCoder-2.7B,C,ExcelProcessorFail.py,ExcelProcessor,Fail,10.0,7.0,,4.0,2.0,0.0,0.0
PolyCoder-2.7B,C,ExpressionCalculatorFail.py,ExpressionCalculator,Fail,0.0,0.0,,0.0,0.0,0.0,0.0
PolyCoder-2.7B,C,FitnessTrackerFail.py,FitnessTracker,Fail,100.0,37.0,42.0,45.0,3.0,0.0,0.0
PolyCoder-2.7B,C,GomokuGameFail.py,GomokuGame,Fail,27.0,0.0,11.0,9.0,0.0,0.0,0.0
PolyCoder-2.7B,C,HotelSuccess.py,Hotel,Success,37.0,5.0,13.0,14.0,1.0,1.0,0.9864864864864865
PolyCoder-2.7B,C,HRManagementSystemFail.py,HRManagementSystem,Fail,0.0,0.0,,0.0,0.0,0.0,0.0
PolyCoder-2.7B,C,HtmlUtilFail.py,HtmlUtil,Fail,40.0,2.0,,4.0,1.0,0.0,0.0
PolyCoder-2.7B,C,ImageProcessorFail.py,ImageProcessor,Fail,14.0,0.0,,6.0,0.0,0.0,0.0
PolyCoder-2.7B,C,InterpolationFail.py,Interpolation,Fail,0.0,0.0,,0.0,0.0,0.0,0.0
PolyCoder-2.7B,C,IPAddressFail.py,IPAddress,Fail,9.0,0.0,,4.0,0.0,0.0,0.0
PolyCoder-2.7B,C,IpUtilFail.py,IpUtil,Fail,16.0,25.0,2.0,3.0,5.0,0.0,0.0
PolyCoder-2.7B,C,JobMarketplaceFail.py,JobMarketplace,Fail,16.0,0.0,,7.0,0.0,0.0,0.0
PolyCoder-2.7B,C,JSONProcessorFail.py,JSONProcessor,Fail,22.0,0.0,2.0,4.0,0.0,0.0,0.0
PolyCoder-2.7B,C,KappaCalculatorFail.py,KappaCalculator,Fail,29.0,21.0,10.0,12.0,6.0,0.0,0.0
PolyCoder-2.7B,C,LemmatizationFail.py,Lemmatization,Fail,117.0,0.0,3.0,6.0,0.0,0.0,0.0
PolyCoder-2.7B,C,LongestWordFail.py,LongestWord,Fail,18.0,2.0,5.0,7.0,1.0,0.0,0.0
PolyCoder-2.7B,C,MahjongConnectFail.py,MahjongConnect,Fail,20.0,24.0,3.0,8.0,6.0,0.0,0.0
PolyCoder-2.7B,C,ManacherFail.py,Manacher,Fail,104.0,39.0,49.0,52.0,1.0,0.0,0.0
PolyCoder-2.7B,C,MetricsCalculator2Fail.py,MetricsCalculator2,Fail,19.0,10.0,6.0,5.0,2.0,0.0,0.0
PolyCoder-2.7B,C,MetricsCalculatorFail.py,MetricsCalculator,Fail,30.0,25.0,,6.0,5.0,0.0,0.0
PolyCoder-2.7B,C,MinesweeperGameFail.py,MinesweeperGame,Fail,0.0,0.0,,0.0,0.0,0.0,0.0
PolyCoder-2.7B,C,MovieBookingSystemFail.py,MovieBookingSystem,Fail,11.0,10.0,,4.0,2.0,0.0,0.0
PolyCoder-2.7B,C,MovieTicketDBFail.py,MovieTicketDB,Fail,0.0,0.0,,0.0,0.0,0.0,0.0
PolyCoder-2.7B,C,MusicPlayerFail.py,MusicPlayer,Fail,29.0,0.0,3.0,11.0,0.0,0.0,0.0
PolyCoder-2.7B,C,NLPDataProcessor2Fail.py,NLPDataProcessor2,Fail,20.0,0.0,5.0,6.0,0.0,0.0,0.0
PolyCoder-2.7B,C,NLPDataProcessorFail.py,NLPDataProcessor,Fail,13.0,0.0,4.0,6.0,0.0,0.0,0.0
PolyCoder-2.7B,C,NumberConverterFail.py,NumberConverter,Fail,13.0,30.0,,6.0,6.0,0.0,0.0
PolyCoder-2.7B,C,NumberWordFormatterFail.py,NumberWordFormatter,Fail,0.0,0.0,,0.0,0.0,0.0,0.0
PolyCoder-2.7B,C,NumericEntityUnescaperFail.py,NumericEntityUnescaper,Fail,7.0,10.0,1.0,4.0,2.0,0.0,0.0
PolyCoder-2.7B,C,OrderFail.py,Order,Fail,17.0,0.0,2.0,5.0,0.0,0.0,0.0
PolyCoder-2.7B,C,PageUtilFail.py,PageUtil,Fail,27.0,5.0,,4.0,1.0,0.0,0.0
PolyCoder-2.7B,C,PDFHandlerFail.py,PDFHandler,Fail,17.0,0.0,9.0,8.0,0.0,0.0,0.0
PolyCoder-2.7B,C,PersonRequestFail.py,PersonRequest,Fail,22.0,26.0,6.0,7.0,7.0,0.0,0.0
PolyCoder-2.7B,C,PushBoxGameFail.py,PushBoxGame,Fail,0.0,0.0,,0.0,0.0,0.0,0.0
PolyCoder-2.7B,C,RegexUtilsFail.py,RegexUtils,Fail,0.0,0.0,,0.0,0.0,0.0,0.0
PolyCoder-2.7B,C,RPGCharacterFail.py,RPGCharacter,Fail,0.0,0.0,,0.0,0.0,0.0,0.0
PolyCoder-2.7B,C,ServerFail.py,Server,Fail,33.0,3.0,9.0,11.0,2.0,0.0,0.0
PolyCoder-2.7B,C,ShoppingCartFail.py,ShoppingCart,Fail,0.0,0.0,,0.0,0.0,0.0,0.0
PolyCoder-2.7B,C,SignInSystemFail.py,SignInSystem,Fail,21.0,2.0,4.0,8.0,1.0,0.0,0.0
PolyCoder-2.7B,C,SnakeFail.py,Snake,Fail,30.0,6.0,2.0,6.0,3.0,0.0,0.0
PolyCoder-2.7B,C,SplitSentenceFail.py,SplitSentence,Fail,0.0,0.0,,0.0,0.0,0.0,0.0
PolyCoder-2.7B,C,SQLGeneratorFail.py,SQLGenerator,Fail,0.0,0.0,,0.0,0.0,0.0,0.0
PolyCoder-2.7B,C,SQLQueryBuilderFail.py,SQLQueryBuilder,Fail,9.0,20.0,,4.0,4.0,0.0,0.0
PolyCoder-2.7B,C,Statistics3Fail.py,Statistics3,Fail,16.0,35.0,,7.0,7.0,0.0,0.0
PolyCoder-2.7B,C,StockPortfolioTrackerFail.py,StockPortfolioTracker,Fail,18.0,5.0,,8.0,1.0,0.0,0.0
PolyCoder-2.7B,C,StudentDatabaseProcessorFail.py,StudentDatabaseProcessor,Fail,12.0,0.0,,5.0,0.0,0.0,0.0
PolyCoder-2.7B,C,TextFileProcessorFail.py,TextFileProcessor,Fail,120.0,0.0,1.0,6.0,0.0,0.0,0.0
PolyCoder-2.7B,C,ThermostatFail.py,Thermostat,Fail,26.0,0.0,2.0,9.0,0.0,0.0,0.0
PolyCoder-2.7B,C,TicTacToeFail.py,TicTacToe,Fail,17.0,2.0,3.0,6.0,1.0,0.0,0.0
PolyCoder-2.7B,C,TimeUtilsFail.py,TimeUtils,Fail,19.0,0.0,,8.0,0.0,0.0,0.0
PolyCoder-2.7B,C,TriCalculatorFail.py,TriCalculator,Fail,14.0,10.0,,6.0,2.0,0.0,0.0
PolyCoder-2.7B,C,TwentyFourPointGameFail.py,TwentyFourPointGame,Fail,17.0,5.0,2.0,7.0,1.0,0.0,0.0
PolyCoder-2.7B,C,URLHandlerFail.py,URLHandler,Fail,13.0,0.0,,6.0,0.0,0.0,0.0
PolyCoder-2.7B,C,UrlPathFail.py,UrlPath,Fail,18.0,5.0,2.0,6.0,1.0,0.0,0.0
PolyCoder-2.7B,C,UserLoginDBFail.py,UserLoginDB,Fail,13.0,0.0,,5.0,0.0,0.0,0.0
PolyCoder-2.7B,C,VectorUtilFail.py,VectorUtil,Fail,16.0,20.0,1.0,5.0,4.0,0.0,0.0
PolyCoder-2.7B,C,VendingMachineFail.py,VendingMachine,Fail,15.0,0.0,,6.0,0.0,0.0,0.0
PolyCoder-2.7B,C,WarehouseFail.py,Warehouse,Fail,21.0,0.0,3.0,9.0,0.0,0.0,0.0
PolyCoder-2.7B,C,WeatherSystemFail.py,WeatherSystem,Fail,75.0,0.0,8.0,13.0,0.0,0.0,0.0
PolyCoder-2.7B,C,Words2NumbersFail.py,Words2Numbers,Fail,29.0,0.0,8.0,9.0,0.0,0.0,0.0
PolyCoder-2.7B,C,XMLProcessorFail.py,XMLProcessor,Fail,88.0,0.0,1.0,6.0,0.0,0.0,0.0
PolyCoder-2.7B,C,ZipFileProcessorFail.py,ZipFileProcessor,Fail,25.0,0.0,6.0,10.0,0.0,0.0,0.0
PolyCoder-2.7B,I,AccessGatewayFilterFail.py,AccessGatewayFilter,Fail,0.0,0.0,,0.0,0.0,0.0,0.0
PolyCoder-2.7B,I,AreaCalculatorFail.py,AreaCalculator,Fail,14.0,0.0,,6.0,0.0,0.0,0.0
PolyCoder-2.7B,I,ArgumentParserFail.py,ArgumentParser,Fail,30.0,5.0,8.0,10.0,1.0,0.0,0.0
PolyCoder-2.7B,I,ArrangementCalculatorFail.py,ArrangementCalculator,Fail,134.0,54.0,64.0,66.0,1.0,0.0,0.0
PolyCoder-2.7B,I,AssessmentSystemSuccess.py,AssessmentSystem,Success,21.0,0.0,4.0,9.0,0.0,1.0,1.0
PolyCoder-2.7B,I,AutomaticGuitarSimulatorFail.py,AutomaticGuitarSimulator,Fail,14.0,0.0,4.0,5.0,0.0,0.0,0.0
PolyCoder-2.7B,I,AvgPartitionFail.py,AvgPartition,Fail,17.0,5.0,3.0,6.0,1.0,0.0,0.0
PolyCoder-2.7B,I,BalancedBracketsFail.py,BalancedBrackets,Fail,0.0,0.0,,0.0,0.0,0.0,0.0
PolyCoder-2.7B,I,BankAccountFail.py,BankAccount,Fail,24.0,11.0,5.0,10.0,2.0,0.0,0.0
PolyCoder-2.7B,I,BigNumCalculatorFail.py,BigNumCalculator,Fail,7.0,15.0,,3.0,3.0,0.0,0.0
PolyCoder-2.7B,I,BinaryDataProcessorFail.py,BinaryDataProcessor,Fail,12.0,0.0,,5.0,0.0,0.0,0.0
PolyCoder-2.7B,I,BitStatusUtilFail.py,BitStatusUtil,Fail,16.0,20.0,4.0,8.0,4.0,0.0,0.0
PolyCoder-2.7B,I,BlackjackGameFail.py,BlackjackGame,Fail,29.0,5.0,8.0,10.0,1.0,0.0,0.0
PolyCoder-2.7B,I,BookManagementDBFail.py,BookManagementDB,Fail,22.0,0.0,1.0,8.0,0.0,0.0,0.0
PolyCoder-2.7B,I,BookManagementFail.py,BookManagement,Fail,20.0,0.0,4.0,9.0,0.0,0.0,0.0
PolyCoder-2.7B,I,BoyerMooreSearchFail.py,BoyerMooreSearch,Fail,26.0,6.0,8.0,8.0,3.0,0.0,0.0
PolyCoder-2.7B,I,CalculatorFail.py,Calculator,Fail,33.0,0.0,13.0,16.0,0.0,0.0,0.0
PolyCoder-2.7B,I,CalendarUtilFail.py,CalendarUtil,Fail,0.0,0.0,,0.0,0.0,0.0,0.0
PolyCoder-2.7B,I,CamelCaseMapFail.py,CamelCaseMap,Fail,17.0,5.0,,8.0,1.0,0.0,0.0
PolyCoder-2.7B,I,ChandrasekharSieveFail.py,ChandrasekharSieve,Fail,11.0,0.0,1.0,4.0,0.0,0.0,0.0
PolyCoder-2.7B,I,ChatFail.py,Chat,Fail,27.0,0.0,6.0,11.0,0.0,0.0,0.0
PolyCoder-2.7B,I,ClassRegistrationSystemFail.py,ClassRegistrationSystem,Fail,21.0,0.0,2.0,8.0,0.0,0.0,0.0
PolyCoder-2.7B,I,ClassroomFail.py,Classroom,Fail,26.0,0.0,11.0,11.0,0.0,0.0,0.0
PolyCoder-2.7B,I,CombinationCalculatorFail.py,CombinationCalculator,Fail,0.0,0.0,,0.0,0.0,0.0,0.0
PolyCoder-2.7B,I,ComplexCalculatorFail.py,ComplexCalculator,Fail,12.0,20.0,,5.0,4.0,0.0,0.0
PolyCoder-2.7B,I,CookiesUtilFail.py,CookiesUtil,Fail,20.0,0.0,3.0,7.0,0.0,0.0,0.0
PolyCoder-2.7B,I,CSVProcessorFail.py,CSVProcessor,Fail,23.0,7.0,,4.0,2.0,0.0,0.0
PolyCoder-2.7B,I,CurrencyConverterFail.py,CurrencyConverter,Fail,43.0,0.0,12.0,15.0,0.0,0.0,0.0
PolyCoder-2.7B,I,DatabaseProcessorFail.py,DatabaseProcessor,Fail,13.0,0.0,,5.0,0.0,0.0,0.0
PolyCoder-2.7B,I,DataStatistics2Fail.py,DataStatistics2,Fail,16.0,0.0,,7.0,0.0,0.0,0.0
PolyCoder-2.7B,I,DataStatistics4Fail.py,DataStatistics4,Fail,10.0,20.0,,4.0,4.0,0.0,0.0
PolyCoder-2.7B,I,DataStatisticsFail.py,DataStatistics,Fail,8.0,0.0,,3.0,0.0,0.0,0.0
PolyCoder-2.7B,I,DecryptionUtilsFail.py,DecryptionUtils,Fail,9.0,0.0,,4.0,0.0,0.0,0.0
PolyCoder-2.7B,I,DiscountStrategyFail.py,DiscountStrategy,Fail,31.0,30.0,5.0,11.0,6.0,0.0,0.0
PolyCoder-2.7B,I,DocFileHandlerFail.py,DocFileHandler,Fail,30.0,5.0,4.0,7.0,1.0,0.0,0.0
PolyCoder-2.7B,I,EightPuzzleFail.py,EightPuzzle,Fail,0.0,0.0,,0.0,0.0,0.0,0.0
PolyCoder-2.7B,I,EmailClientFail.py,EmailClient,Fail,35.0,0.0,9.0,15.0,0.0,0.0,0.0
PolyCoder-2.7B,I,EncryptionUtilsFail.py,EncryptionUtils,Fail,9.0,0.0,,4.0,0.0,0.0,0.0
PolyCoder-2.7B,I,ExcelProcessorFail.py,ExcelProcessor,Fail,0.0,0.0,,0.0,0.0,0.0,0.0
PolyCoder-2.7B,I,ExpressionCalculatorFail.py,ExpressionCalculator,Fail,0.0,0.0,,0.0,0.0,0.0,0.0
PolyCoder-2.7B,I,FitnessTrackerFail.py,FitnessTracker,Fail,17.0,9.0,,2.0,3.0,0.0,0.0
PolyCoder-2.7B,I,GomokuGameFail.py,GomokuGame,Fail,0.0,0.0,,0.0,0.0,0.0,0.0
PolyCoder-2.7B,I,HotelFail.py,Hotel,Fail,0.0,0.0,,0.0,0.0,0.0,0.0
PolyCoder-2.7B,I,HRManagementSystemFail.py,HRManagementSystem,Fail,0.0,0.0,,0.0,0.0,0.0,0.0
PolyCoder-2.7B,I,HtmlUtilFail.py,HtmlUtil,Fail,22.0,4.0,,4.0,2.0,0.0,0.0
PolyCoder-2.7B,I,ImageProcessorFail.py,ImageProcessor,Fail,24.0,0.0,4.0,10.0,0.0,0.0,0.0
PolyCoder-2.7B,I,InterpolationFail.py,Interpolation,Fail,0.0,0.0,,0.0,0.0,0.0,0.0
PolyCoder-2.7B,I,IPAddressFail.py,IPAddress,Fail,9.0,0.0,,4.0,0.0,0.0,0.0
PolyCoder-2.7B,I,IpUtilFail.py,IpUtil,Fail,20.0,30.0,3.0,3.0,6.0,0.0,0.0
PolyCoder-2.7B,I,JobMarketplaceFail.py,JobMarketplace,Fail,16.0,10.0,,7.0,2.0,0.0,0.0
PolyCoder-2.7B,I,JSONProcessorFail.py,JSONProcessor,Fail,18.0,0.0,1.0,4.0,0.0,0.0,0.0
PolyCoder-2.7B,I,KappaCalculatorFail.py,KappaCalculator,Fail,12.0,21.0,4.0,4.0,6.0,0.0,0.0
PolyCoder-2.7B,I,LemmatizationFail.py,Lemmatization,Fail,25.0,0.0,8.0,8.0,0.0,0.0,0.0
PolyCoder-2.7B,I,LongestWordSuccess.py,LongestWord,Success,16.0,2.0,4.0,6.0,1.0,1.0,0.9875
PolyCoder-2.7B,I,MahjongConnectFail.py,MahjongConnect,Fail,28.0,4.0,12.0,14.0,2.0,0.0,0.0
PolyCoder-2.7B,I,ManacherFail.py,Manacher,Fail,12.0,0.0,2.0,4.0,0.0,0.0,0.0
PolyCoder-2.7B,I,MetricsCalculator2Fail.py,MetricsCalculator2,Fail,19.0,10.0,6.0,5.0,2.0,0.0,0.0
PolyCoder-2.7B,I,MetricsCalculatorFail.py,MetricsCalculator,Fail,31.0,0.0,2.0,8.0,0.0,0.0,0.0
PolyCoder-2.7B,I,MinesweeperGameFail.py,MinesweeperGame,Fail,0.0,0.0,,0.0,0.0,0.0,0.0
PolyCoder-2.7B,I,MovieBookingSystemFail.py,MovieBookingSystem,Fail,17.0,0.0,4.0,6.0,0.0,0.0,0.0
PolyCoder-2.7B,I,MovieTicketDBFail.py,MovieTicketDB,Fail,0.0,0.0,,0.0,0.0,0.0,0.0
PolyCoder-2.7B,I,MusicPlayerSuccess.py,MusicPlayer,Success,47.0,0.0,12.0,15.0,0.0,1.0,1.0
PolyCoder-2.7B,I,NLPDataProcessor2Fail.py,NLPDataProcessor2,Fail,61.0,113.0,1.0,2.0,2.0,0.0,0.0
PolyCoder-2.7B,I,NLPDataProcessorFail.py,NLPDataProcessor,Fail,12.0,0.0,3.0,6.0,0.0,0.0,0.0
PolyCoder-2.7B,I,NumberConverterFail.py,NumberConverter,Fail,13.0,30.0,,6.0,6.0,0.0,0.0
PolyCoder-2.7B,I,NumberWordFormatterFail.py,NumberWordFormatter,Fail,36.0,0.0,10.0,9.0,0.0,0.0,0.0
PolyCoder-2.7B,I,NumericEntityUnescaperFail.py,NumericEntityUnescaper,Fail,5.0,5.0,,2.0,1.0,0.0,0.0
PolyCoder-2.7B,I,OrderFail.py,Order,Fail,24.0,0.0,5.0,7.0,0.0,0.0,0.0
PolyCoder-2.7B,I,PageUtilFail.py,PageUtil,Fail,0.0,0.0,,0.0,0.0,0.0,0.0
PolyCoder-2.7B,I,PDFHandlerFail.py,PDFHandler,Fail,17.0,0.0,2.0,5.0,0.0,0.0,0.0
PolyCoder-2.7B,I,PersonRequestFail.py,PersonRequest,Fail,17.0,26.0,3.0,7.0,7.0,0.0,0.0
PolyCoder-2.7B,I,PushBoxGameFail.py,PushBoxGame,Fail,50.0,0.0,9.0,8.0,0.0,0.0,0.0
PolyCoder-2.7B,I,RegexUtilsFail.py,RegexUtils,Fail,26.0,0.0,4.0,12.0,0.0,0.0,0.0
PolyCoder-2.7B,I,RPGCharacterFail.py,RPGCharacter,Fail,0.0,0.0,,0.0,0.0,0.0,0.0
PolyCoder-2.7B,I,ServerFail.py,Server,Fail,25.0,0.0,6.0,9.0,0.0,0.0,0.0
PolyCoder-2.7B,I,ShoppingCartFail.py,ShoppingCart,Fail,11.0,0.0,,5.0,0.0,0.0,0.0
PolyCoder-2.7B,I,SignInSystemFail.py,SignInSystem,Fail,24.0,0.0,6.0,9.0,0.0,0.0,0.0
PolyCoder-2.7B,I,SnakeFail.py,Snake,Fail,30.0,6.0,2.0,6.0,3.0,0.0,0.0
PolyCoder-2.7B,I,SplitSentenceFail.py,SplitSentence,Fail,0.0,0.0,,0.0,0.0,0.0,0.0
PolyCoder-2.7B,I,SQLGeneratorFail.py,SQLGenerator,Fail,21.0,0.0,3.0,10.0,0.0,0.0,0.0
PolyCoder-2.7B,I,SQLQueryBuilderFail.py,SQLQueryBuilder,Fail,9.0,20.0,,4.0,4.0,0.0,0.0
PolyCoder-2.7B,I,Statistics3Fail.py,Statistics3,Fail,16.0,35.0,,7.0,7.0,0.0,0.0
PolyCoder-2.7B,I,StockPortfolioTrackerFail.py,StockPortfolioTracker,Fail,21.0,0.0,2.0,8.0,0.0,0.0,0.0
PolyCoder-2.7B,I,StudentDatabaseProcessorFail.py,StudentDatabaseProcessor,Fail,12.0,0.0,,5.0,0.0,0.0,0.0
PolyCoder-2.7B,I,TextFileProcessorFail.py,TextFileProcessor,Fail,80.0,0.0,2.0,6.0,0.0,0.0,0.0
PolyCoder-2.7B,I,ThermostatFail.py,Thermostat,Fail,33.0,0.0,4.0,10.0,0.0,0.0,0.0
PolyCoder-2.7B,I,TicTacToeFail.py,TicTacToe,Fail,18.0,2.0,4.0,8.0,1.0,0.0,0.0
PolyCoder-2.7B,I,TimeUtilsFail.py,TimeUtils,Fail,19.0,30.0,,8.0,6.0,0.0,0.0
PolyCoder-2.7B,I,TriCalculatorFail.py,TriCalculator,Fail,14.0,5.0,,6.0,1.0,0.0,0.0
PolyCoder-2.7B,I,TwentyFourPointGameFail.py,TwentyFourPointGame,Fail,19.0,5.0,7.0,10.0,1.0,0.0,0.0
PolyCoder-2.7B,I,URLHandlerFail.py,URLHandler,Fail,13.0,0.0,,6.0,0.0,0.0,0.0
PolyCoder-2.7B,I,UrlPathFail.py,UrlPath,Fail,87.0,48.0,53.0,30.0,2.0,0.0,0.0
PolyCoder-2.7B,I,UserLoginDBFail.py,UserLoginDB,Fail,15.0,0.0,,5.0,0.0,0.0,0.0
PolyCoder-2.7B,I,VectorUtilFail.py,VectorUtil,Fail,15.0,20.0,1.0,5.0,4.0,0.0,0.0
PolyCoder-2.7B,I,VendingMachineFail.py,VendingMachine,Fail,24.0,0.0,3.0,9.0,0.0,0.0,0.0
PolyCoder-2.7B,I,WarehouseFail.py,Warehouse,Fail,34.0,5.0,12.0,13.0,1.0,0.0,0.0
PolyCoder-2.7B,I,WeatherSystemFail.py,WeatherSystem,Fail,0.0,0.0,,0.0,0.0,0.0,0.0
PolyCoder-2.7B,I,Words2NumbersFail.py,Words2Numbers,Fail,29.0,0.0,8.0,9.0,0.0,0.0,0.0
PolyCoder-2.7B,I,XMLProcessorFail.py,XMLProcessor,Fail,22.0,0.0,,5.0,0.0,0.0,0.0
PolyCoder-2.7B,I,ZipFileProcessorFail.py,ZipFileProcessor,Fail,37.0,0.0,5.0,6.0,0.0,0.0,0.0
santacoder-1.1B,H,AccessGatewayFilterFail.py,AccessGatewayFilter,Fail,0.0,0.0,,0.0,0.0,0.0,0.0
santacoder-1.1B,H,AreaCalculatorFail.py,AreaCalculator,Fail,9.0,0.0,,6.0,0.0,0.0,0.0
santacoder-1.1B,H,ArgumentParserFail.py,ArgumentParser,Fail,0.0,0.0,,0.0,0.0,0.0,0.0
santacoder-1.1B,H,ArrangementCalculatorFail.py,ArrangementCalculator,Fail,0.0,0.0,,0.0,0.0,0.0,0.0
santacoder-1.1B,H,AssessmentSystemFail.py,AssessmentSystem,Fail,0.0,0.0,,0.0,0.0,0.0,0.0
santacoder-1.1B,H,AutomaticGuitarSimulatorFail.py,AutomaticGuitarSimulator,Fail,5.0,0.0,,3.0,0.0,0.0,0.0
santacoder-1.1B,H,AvgPartitionFail.py,AvgPartition,Fail,15.0,5.0,1.0,5.0,1.0,0.0,0.0
santacoder-1.1B,H,BalancedBracketsFail.py,BalancedBrackets,Fail,22.0,10.0,10.0,8.0,1.0,0.0,0.0
santacoder-1.1B,H,BankAccountFail.py,BankAccount,Fail,27.0,0.0,1.0,10.0,0.0,0.0,0.0
santacoder-1.1B,H,BigNumCalculatorFail.py,BigNumCalculator,Fail,9.0,0.0,,4.0,0.0,0.0,0.0
santacoder-1.1B,H,BinaryDataProcessorFail.py,BinaryDataProcessor,Fail,0.0,0.0,,0.0,0.0,0.0,0.0
santacoder-1.1B,H,BitStatusUtilFail.py,BitStatusUtil,Fail,0.0,0.0,,0.0,0.0,0.0,0.0
santacoder-1.1B,H,BlackjackGameFail.py,BlackjackGame,Fail,0.0,0.0,,0.0,0.0,0.0,0.0
santacoder-1.1B,H,BookManagementDBFail.py,BookManagementDB,Fail,13.0,0.0,,8.0,0.0,0.0,0.0
santacoder-1.1B,H,BookManagementFail.py,BookManagement,Fail,8.0,0.0,,6.0,0.0,0.0,0.0
santacoder-1.1B,H,BoyerMooreSearchFail.py,BoyerMooreSearch,Fail,12.0,6.0,1.0,7.0,3.0,0.0,0.0
santacoder-1.1B,H,CalculatorFail.py,Calculator,Fail,16.0,0.0,1.0,6.0,0.0,0.0,0.0
santacoder-1.1B,H,CalendarUtilFail.py,CalendarUtil,Fail,0.0,0.0,,0.0,0.0,0.0,0.0
santacoder-1.1B,H,CamelCaseMapFail.py,CamelCaseMap,Fail,0.0,0.0,,0.0,0.0,0.0,0.0
santacoder-1.1B,H,ChandrasekharSieveFail.py,ChandrasekharSieve,Fail,0.0,0.0,,0.0,0.0,0.0,0.0
santacoder-1.1B,H,ChatFail.py,Chat,Fail,0.0,0.0,,0.0,0.0,0.0,0.0
santacoder-1.1B,H,ClassRegistrationSystemFail.py,ClassRegistrationSystem,Fail,0.0,0.0,,0.0,0.0,0.0,0.0
santacoder-1.1B,H,ClassroomFail.py,Classroom,Fail,0.0,0.0,,0.0,0.0,0.0,0.0
santacoder-1.1B,H,CombinationCalculatorFail.py,CombinationCalculator,Fail,0.0,0.0,,0.0,0.0,0.0,0.0
santacoder-1.1B,H,ComplexCalculatorFail.py,ComplexCalculator,Fail,11.0,5.0,,5.0,1.0,0.0,0.0
santacoder-1.1B,H,CookiesUtilFail.py,CookiesUtil,Fail,31.0,0.0,1.0,14.0,0.0,0.0,0.0
santacoder-1.1B,H,CSVProcessorFail.py,CSVProcessor,Fail,15.0,13.0,1.0,6.0,3.0,0.0,0.0
santacoder-1.1B,H,CurrencyConverterFail.py,CurrencyConverter,Fail,15.0,0.0,,5.0,0.0,0.0,0.0
santacoder-1.1B,H,DatabaseProcessorFail.py,DatabaseProcessor,Fail,66.0,10.0,1.0,14.0,1.0,0.0,0.0
santacoder-1.1B,H,DataStatistics2Fail.py,DataStatistics2,Fail,10.0,0.0,,7.0,0.0,0.0,0.0
santacoder-1.1B,H,DataStatistics4Fail.py,DataStatistics4,Fail,0.0,0.0,,0.0,0.0,0.0,0.0
santacoder-1.1B,H,DataStatisticsFail.py,DataStatistics,Fail,0.0,0.0,,0.0,0.0,0.0,0.0
santacoder-1.1B,H,DecryptionUtilsFail.py,DecryptionUtils,Fail,6.0,0.0,,4.0,0.0,0.0,0.0
santacoder-1.1B,H,DiscountStrategyFail.py,DiscountStrategy,Fail,0.0,0.0,,0.0,0.0,0.0,0.0
santacoder-1.1B,H,DocFileHandlerFail.py,DocFileHandler,Fail,68.0,5.0,4.0,16.0,1.0,0.0,0.0
santacoder-1.1B,H,EightPuzzleFail.py,EightPuzzle,Fail,11.0,0.0,1.0,6.0,0.0,0.0,0.0
santacoder-1.1B,H,EmailClientFail.py,EmailClient,Fail,12.0,0.0,,7.0,0.0,0.0,0.0
santacoder-1.1B,H,EncryptionUtilsFail.py,EncryptionUtils,Fail,6.0,0.0,,4.0,0.0,0.0,0.0
santacoder-1.1B,H,ExcelProcessorFail.py,ExcelProcessor,Fail,8.0,7.0,,5.0,2.0,0.0,0.0
santacoder-1.1B,H,ExpressionCalculatorFail.py,ExpressionCalculator,Fail,0.0,0.0,,0.0,0.0,0.0,0.0
santacoder-1.1B,H,FitnessTrackerFail.py,FitnessTracker,Fail,14.0,7.0,,5.0,2.0,0.0,0.0
santacoder-1.1B,H,GomokuGameFail.py,GomokuGame,Fail,0.0,0.0,,0.0,0.0,0.0,0.0
santacoder-1.1B,H,HotelSuccess.py,Hotel,Success,31.0,18.0,1.0,7.0,1.0,1.0,0.9419354838709677
santacoder-1.1B,H,HRManagementSystemFail.py,HRManagementSystem,Fail,0.0,0.0,,0.0,0.0,0.0,0.0
santacoder-1.1B,H,HtmlUtilFail.py,HtmlUtil,Fail,0.0,0.0,,0.0,0.0,0.0,0.0
santacoder-1.1B,H,ImageProcessorFail.py,ImageProcessor,Fail,0.0,0.0,,0.0,0.0,0.0,0.0
santacoder-1.1B,H,InterpolationFail.py,Interpolation,Fail,0.0,0.0,,0.0,0.0,0.0,0.0
santacoder-1.1B,H,IPAddressFail.py,IPAddress,Fail,0.0,0.0,,0.0,0.0,0.0,0.0
santacoder-1.1B,H,IpUtilFail.py,IpUtil,Fail,0.0,0.0,,0.0,0.0,0.0,0.0
santacoder-1.1B,H,JobMarketplaceFail.py,JobMarketplace,Fail,11.0,0.0,,8.0,0.0,0.0,0.0
santacoder-1.1B,H,JSONProcessorFail.py,JSONProcessor,Fail,0.0,0.0,,0.0,0.0,0.0,0.0
santacoder-1.1B,H,KappaCalculatorFail.py,KappaCalculator,Fail,8.0,8.0,,3.0,4.0,0.0,0.0
santacoder-1.1B,H,LemmatizationFail.py,Lemmatization,Fail,0.0,0.0,,0.0,0.0,0.0,0.0
santacoder-1.1B,H,LongestWordFail.py,LongestWord,Fail,127.0,0.0,,3.0,0.0,0.0,0.0
santacoder-1.1B,H,MahjongConnectFail.py,MahjongConnect,Fail,0.0,0.0,,0.0,0.0,0.0,0.0
santacoder-1.1B,H,ManacherFail.py,Manacher,Fail,9.0,0.0,1.0,5.0,0.0,0.0,0.0
santacoder-1.1B,H,MetricsCalculator2Fail.py,MetricsCalculator2,Fail,0.0,0.0,,0.0,0.0,0.0,0.0
santacoder-1.1B,H,MetricsCalculatorFail.py,MetricsCalculator,Fail,16.0,0.0,,7.0,0.0,0.0,0.0
santacoder-1.1B,H,MinesweeperGameFail.py,MinesweeperGame,Fail,0.0,0.0,,0.0,0.0,0.0,0.0
santacoder-1.1B,H,MovieBookingSystemFail.py,MovieBookingSystem,Fail,0.0,0.0,,0.0,0.0,0.0,0.0
santacoder-1.1B,H,MovieTicketDBFail.py,MovieTicketDB,Fail,12.0,0.0,,6.0,0.0,0.0,0.0
santacoder-1.1B,H,MusicPlayerSuccess.py,MusicPlayer,Success,13.0,0.0,,9.0,0.0,1.0,1.0
santacoder-1.1B,H,NLPDataProcessor2Fail.py,NLPDataProcessor2,Fail,0.0,0.0,,0.0,0.0,0.0,0.0
santacoder-1.1B,H,NLPDataProcessorFail.py,NLPDataProcessor,Fail,4.0,0.0,,3.0,0.0,0.0,0.0
santacoder-1.1B,H,NumberConverterFail.py,NumberConverter,Fail,13.0,0.0,,6.0,0.0,0.0,0.0
santacoder-1.1B,H,NumberWordFormatterFail.py,NumberWordFormatter,Fail,0.0,0.0,,0.0,0.0,0.0,0.0
santacoder-1.1B,H,NumericEntityUnescaperFail.py,NumericEntityUnescaper,Fail,34.0,5.0,9.0,58.0,1.0,0.0,0.0
santacoder-1.1B,H,OrderFail.py,Order,Fail,0.0,0.0,,0.0,0.0,0.0,0.0
santacoder-1.1B,H,PageUtilFail.py,PageUtil,Fail,9.0,0.0,,4.0,0.0,0.0,0.0
santacoder-1.1B,H,PDFHandlerFail.py,PDFHandler,Fail,0.0,0.0,,0.0,0.0,0.0,0.0
santacoder-1.1B,H,PersonRequestFail.py,PersonRequest,Fail,8.0,11.0,,4.0,4.0,0.0,0.0
santacoder-1.1B,H,PushBoxGameFail.py,PushBoxGame,Fail,62.0,0.0,16.0,15.0,0.0,0.0,0.0
santacoder-1.1B,H,RegexUtilsFail.py,RegexUtils,Fail,0.0,0.0,,0.0,0.0,0.0,0.0
santacoder-1.1B,H,RPGCharacterFail.py,RPGCharacter,Fail,63.0,0.0,1.0,17.0,0.0,0.0,0.0
santacoder-1.1B,H,ServerFail.py,Server,Fail,0.0,0.0,,0.0,0.0,0.0,0.0
santacoder-1.1B,H,ShoppingCartFail.py,ShoppingCart,Fail,8.0,0.0,,6.0,0.0,0.0,0.0
santacoder-1.1B,H,SignInSystemFail.py,SignInSystem,Fail,94.0,12.0,,13.0,6.0,0.0,0.0
santacoder-1.1B,H,SnakeFail.py,Snake,Fail,0.0,0.0,,0.0,0.0,0.0,0.0
santacoder-1.1B,H,SplitSentenceFail.py,SplitSentence,Fail,0.0,0.0,,0.0,0.0,0.0,0.0
santacoder-1.1B,H,SQLGeneratorFail.py,SQLGenerator,Fail,0.0,0.0,,0.0,0.0,0.0,0.0
santacoder-1.1B,H,SQLQueryBuilderFail.py,SQLQueryBuilder,Fail,9.0,0.0,,4.0,0.0,0.0,0.0
santacoder-1.1B,H,Statistics3Fail.py,Statistics3,Fail,0.0,0.0,,0.0,0.0,0.0,0.0
santacoder-1.1B,H,StockPortfolioTrackerFail.py,StockPortfolioTracker,Fail,0.0,0.0,,0.0,0.0,0.0,0.0
santacoder-1.1B,H,StudentDatabaseProcessorFail.py,StudentDatabaseProcessor,Fail,20.0,0.0,1.0,6.0,0.0,0.0,0.0
santacoder-1.1B,H,TextFileProcessorFail.py,TextFileProcessor,Fail,19.0,0.0,1.0,7.0,0.0,0.0,0.0
santacoder-1.1B,H,ThermostatFail.py,Thermostat,Fail,0.0,0.0,,0.0,0.0,0.0,0.0
santacoder-1.1B,H,TicTacToeFail.py,TicTacToe,Fail,0.0,0.0,,0.0,0.0,0.0,0.0
santacoder-1.1B,H,TimeUtilsFail.py,TimeUtils,Fail,0.0,0.0,,0.0,0.0,0.0,0.0
santacoder-1.1B,H,TriCalculatorFail.py,TriCalculator,Fail,0.0,0.0,,0.0,0.0,0.0,0.0
santacoder-1.1B,H,TwentyFourPointGameFail.py,TwentyFourPointGame,Fail,0.0,0.0,,0.0,0.0,0.0,0.0
santacoder-1.1B,H,URLHandlerFail.py,URLHandler,Fail,8.0,0.0,,6.0,0.0,0.0,0.0
santacoder-1.1B,H,UrlPathFail.py,UrlPath,Fail,19.0,5.0,1.0,8.0,1.0,0.0,0.0
santacoder-1.1B,H,UserLoginDBFail.py,UserLoginDB,Fail,10.0,0.0,,7.0,0.0,0.0,0.0
santacoder-1.1B,H,VectorUtilFail.py,VectorUtil,Fail,0.0,0.0,,0.0,0.0,0.0,0.0
santacoder-1.1B,H,VendingMachineFail.py,VendingMachine,Fail,11.0,0.0,,8.0,0.0,0.0,0.0
santacoder-1.1B,H,WarehouseFail.py,Warehouse,Fail,0.0,0.0,,0.0,0.0,0.0,0.0
santacoder-1.1B,H,WeatherSystemFail.py,WeatherSystem,Fail,13.0,0.0,1.0,6.0,0.0,0.0,0.0
santacoder-1.1B,H,Words2NumbersFail.py,Words2Numbers,Fail,0.0,0.0,,0.0,0.0,0.0,0.0
santacoder-1.1B,H,XMLProcessorFail.py,XMLProcessor,Fail,0.0,0.0,,0.0,0.0,0.0,0.0
santacoder-1.1B,H,ZipFileProcessorFail.py,ZipFileProcessor,Fail,0.0,0.0,,0.0,0.0,0.0,0.0
santacoder-1.1B,C,AccessGatewayFilterFail.py,AccessGatewayFilter,Fail,99.0,5.0,7.0,7.0,109.0,0.0,0.0
santacoder-1.1B,C,AreaCalculatorFail.py,AreaCalculator,Fail,14.0,0.0,,6.0,0.0,0.0,0.0
santacoder-1.1B,C,ArgumentParserFail.py,ArgumentParser,Fail,31.0,0.0,14.0,12.0,0.0,0.0,0.0
santacoder-1.1B,C,ArrangementCalculatorFail.py,ArrangementCalculator,Fail,25.0,10.0,6.0,10.0,2.0,0.0,0.0
santacoder-1.1B,C,AssessmentSystemSuccess.py,AssessmentSystem,Success,25.0,0.0,6.0,12.0,0.0,1.0,1.0
santacoder-1.1B,C,AutomaticGuitarSimulatorFail.py,AutomaticGuitarSimulator,Fail,8.0,0.0,,3.0,1.0,0.0,0.0
santacoder-1.1B,C,AvgPartitionFail.py,AvgPartition,Fail,18.0,5.0,3.0,5.0,1.0,0.0,0.0
santacoder-1.1B,C,BalancedBracketsFail.py,BalancedBrackets,Fail,20.0,10.0,9.0,7.0,1.0,0.0,0.0
santacoder-1.1B,C,BankAccountFail.py,BankAccount,Fail,24.0,0.0,5.0,9.0,0.0,0.0,0.0
santacoder-1.1B,C,BigNumCalculatorFail.py,BigNumCalculator,Fail,7.0,15.0,,3.0,3.0,0.0,0.0
santacoder-1.1B,C,BinaryDataProcessorFail.py,BinaryDataProcessor,Fail,13.0,0.0,,5.0,0.0,0.0,0.0
santacoder-1.1B,C,BitStatusUtilFail.py,BitStatusUtil,Fail,23.0,20.0,9.0,11.0,4.0,0.0,0.0
santacoder-1.1B,C,BlackjackGameFail.py,BlackjackGame,Fail,34.0,0.0,17.0,13.0,0.0,0.0,0.0
santacoder-1.1B,C,BookManagementDBFail.py,BookManagementDB,Fail,33.0,0.0,,7.0,0.0,0.0,0.0
santacoder-1.1B,C,BookManagementFail.py,BookManagement,Fail,23.0,0.0,9.0,9.0,0.0,0.0,0.0
santacoder-1.1B,C,BoyerMooreSearchFail.py,BoyerMooreSearch,Fail,22.0,6.0,10.0,11.0,3.0,0.0,0.0
santacoder-1.1B,C,CalculatorFail.py,Calculator,Fail,50.0,11.0,30.0,13.0,1.0,0.0,0.0
santacoder-1.1B,C,CalendarUtilFail.py,CalendarUtil,Fail,0.0,0.0,,0.0,0.0,0.0,0.0
santacoder-1.1B,C,CamelCaseMapFail.py,CamelCaseMap,Fail,18.0,5.0,1.0,9.0,1.0,0.0,0.0
santacoder-1.1B,C,ChandrasekharSieveFail.py,ChandrasekharSieve,Fail,12.0,0.0,3.0,5.0,0.0,0.0,0.0
santacoder-1.1B,C,ChatFail.py,Chat,Fail,25.0,0.0,7.0,9.0,0.0,0.0,0.0
santacoder-1.1B,C,ClassRegistrationSystemFail.py,ClassRegistrationSystem,Fail,26.0,0.0,6.0,11.0,0.0,0.0,0.0
santacoder-1.1B,C,ClassroomFail.py,Classroom,Fail,22.0,0.0,8.0,11.0,0.0,0.0,0.0
santacoder-1.1B,C,CombinationCalculatorFail.py,CombinationCalculator,Fail,0.0,0.0,,0.0,0.0,0.0,0.0
santacoder-1.1B,C,ComplexCalculatorFail.py,ComplexCalculator,Fail,12.0,20.0,,5.0,4.0,0.0,0.0
santacoder-1.1B,C,CookiesUtilFail.py,CookiesUtil,Fail,23.0,0.0,3.0,5.0,0.0,0.0,0.0
santacoder-1.1B,C,CSVProcessorFail.py,CSVProcessor,Fail,28.0,7.0,2.0,6.0,2.0,0.0,0.0
santacoder-1.1B,C,CurrencyConverterFail.py,CurrencyConverter,Fail,31.0,0.0,6.0,9.0,0.0,0.0,0.0
santacoder-1.1B,C,DatabaseProcessorFail.py,DatabaseProcessor,Fail,25.0,0.0,,5.0,0.0,0.0,0.0
santacoder-1.1B,C,DataStatistics2Fail.py,DataStatistics2,Fail,16.0,0.0,,7.0,0.0,0.0,0.0
santacoder-1.1B,C,DataStatistics4Fail.py,DataStatistics4,Fail,20.0,25.0,1.0,5.0,5.0,0.0,0.0
santacoder-1.1B,C,DataStatisticsFail.py,DataStatistics,Fail,8.0,0.0,,3.0,0.0,0.0,0.0
santacoder-1.1B,C,DecryptionUtilsFail.py,DecryptionUtils,Fail,9.0,0.0,,4.0,1.0,0.0,0.0
santacoder-1.1B,C,DiscountStrategyFail.py,DiscountStrategy,Fail,32.0,30.0,11.0,13.0,6.0,0.0,0.0
santacoder-1.1B,C,DocFileHandlerFail.py,DocFileHandler,Fail,35.0,0.0,5.0,8.0,0.0,0.0,0.0
santacoder-1.1B,C,EightPuzzleFail.py,EightPuzzle,Fail,46.0,0.0,24.0,15.0,0.0,0.0,0.0
santacoder-1.1B,C,EmailClientFail.py,EmailClient,Fail,26.0,0.0,7.0,11.0,0.0,0.0,0.0
santacoder-1.1B,C,EncryptionUtilsFail.py,EncryptionUtils,Fail,27.0,0.0,12.0,10.0,0.0,0.0,0.0
santacoder-1.1B,C,ExcelProcessorFail.py,ExcelProcessor,Fail,28.0,7.0,2.0,5.0,2.0,0.0,0.0
santacoder-1.1B,C,ExpressionCalculatorFail.py,ExpressionCalculator,Fail,0.0,0.0,,0.0,0.0,0.0,0.0
santacoder-1.1B,C,FitnessTrackerFail.py,FitnessTracker,Fail,36.0,9.0,14.0,11.0,4.0,0.0,0.0
santacoder-1.1B,C,GomokuGameFail.py,GomokuGame,Fail,31.0,0.0,20.0,27.0,0.0,0.0,0.0
santacoder-1.1B,C,HotelSuccess.py,Hotel,Success,31.0,0.0,7.0,12.0,0.0,1.0,1.0
santacoder-1.1B,C,HRManagementSystemFail.py,HRManagementSystem,Fail,0.0,0.0,,0.0,0.0,0.0,0.0
santacoder-1.1B,C,HtmlUtilFail.py,HtmlUtil,Fail,107.0,2.0,1.0,5.0,1.0,0.0,0.0
santacoder-1.1B,C,ImageProcessorFail.py,ImageProcessor,Fail,18.0,0.0,3.0,9.0,0.0,0.0,0.0
santacoder-1.1B,C,InterpolationFail.py,Interpolation,Fail,0.0,0.0,,0.0,0.0,0.0,0.0
santacoder-1.1B,C,IPAddressFail.py,IPAddress,Fail,25.0,0.0,12.0,12.0,0.0,0.0,0.0
santacoder-1.1B,C,IpUtilFail.py,IpUtil,Fail,23.0,20.0,3.0,3.0,4.0,0.0,0.0
santacoder-1.1B,C,JobMarketplaceFail.py,JobMarketplace,Fail,28.0,0.0,9.0,13.0,0.0,0.0,0.0
santacoder-1.1B,C,JSONProcessorFail.py,JSONProcessor,Fail,31.0,0.0,8.0,6.0,0.0,0.0,0.0
santacoder-1.1B,C,KappaCalculatorFail.py,KappaCalculator,Fail,0.0,0.0,,0.0,0.0,0.0,0.0
santacoder-1.1B,C,LemmatizationFail.py,Lemmatization,Fail,24.0,0.0,1.0,5.0,0.0,0.0,0.0
santacoder-1.1B,C,LongestWordFail.py,LongestWord,Fail,0.0,0.0,,0.0,0.0,0.0,0.0
santacoder-1.1B,C,MahjongConnectFail.py,MahjongConnect,Fail,32.0,9.0,12.0,21.0,3.0,0.0,0.0
santacoder-1.1B,C,ManacherFail.py,Manacher,Fail,33.0,0.0,18.0,9.0,0.0,0.0,0.0
santacoder-1.1B,C,MetricsCalculator2Fail.py,MetricsCalculator2,Fail,12.0,10.0,2.0,4.0,2.0,0.0,0.0
santacoder-1.1B,C,MetricsCalculatorFail.py,MetricsCalculator,Fail,60.0,10.0,26.0,23.0,2.0,0.0,0.0
santacoder-1.1B,C,MinesweeperGameFail.py,MinesweeperGame,Fail,37.0,15.0,17.0,16.0,3.0,0.0,0.0
santacoder-1.1B,C,MovieBookingSystemFail.py,MovieBookingSystem,Fail,17.0,0.0,7.0,7.0,0.0,0.0,0.0
santacoder-1.1B,C,MovieTicketDBFail.py,MovieTicketDB,Fail,23.0,0.0,,5.0,0.0,0.0,0.0
santacoder-1.1B,C,MusicPlayerFail.py,MusicPlayer,Fail,51.0,0.0,16.0,17.0,0.0,0.0,0.0
santacoder-1.1B,C,NLPDataProcessor2Fail.py,NLPDataProcessor2,Fail,23.0,0.0,1.0,4.0,0.0,0.0,0.0
santacoder-1.1B,C,NLPDataProcessorFail.py,NLPDataProcessor,Fail,12.0,0.0,,4.0,0.0,0.0,0.0
santacoder-1.1B,C,NumberConverterFail.py,NumberConverter,Fail,13.0,30.0,,6.0,6.0,0.0,0.0
santacoder-1.1B,C,NumberWordFormatterFail.py,NumberWordFormatter,Fail,0.0,0.0,,0.0,0.0,0.0,0.0
santacoder-1.1B,C,NumericEntityUnescaperFail.py,NumericEntityUnescaper,Fail,7.0,10.0,1.0,15.0,2.0,0.0,0.0
santacoder-1.1B,C,OrderFail.py,Order,Fail,23.0,0.0,5.0,7.0,0.0,0.0,0.0
santacoder-1.1B,C,PageUtilFail.py,PageUtil,Fail,34.0,0.0,5.0,8.0,0.0,0.0,0.0
santacoder-1.1B,C,PDFHandlerFail.py,PDFHandler,Fail,16.0,0.0,2.0,5.0,0.0,0.0,0.0
santacoder-1.1B,C,PersonRequestFail.py,PersonRequest,Fail,11.0,11.0,,4.0,4.0,0.0,0.0
santacoder-1.1B,C,PushBoxGameFail.py,PushBoxGame,Fail,52.0,0.0,19.0,15.0,0.0,0.0,0.0
santacoder-1.1B,C,RegexUtilsFail.py,RegexUtils,Fail,39.0,0.0,10.0,15.0,0.0,0.0,0.0
santacoder-1.1B,C,RPGCharacterFail.py,RPGCharacter,Fail,0.0,0.0,,0.0,0.0,0.0,0.0
santacoder-1.1B,C,ServerFail.py,Server,Fail,36.0,0.0,11.0,11.0,0.0,0.0,0.0
santacoder-1.1B,C,ShoppingCartFail.py,ShoppingCart,Fail,0.0,0.0,,0.0,0.0,0.0,0.0
santacoder-1.1B,C,SignInSystemFail.py,SignInSystem,Fail,24.0,0.0,7.0,11.0,0.0,0.0,0.0
santacoder-1.1B,C,SnakeFail.py,Snake,Fail,43.0,6.0,7.0,7.0,3.0,0.0,0.0
santacoder-1.1B,C,SplitSentenceFail.py,SplitSentence,Fail,0.0,0.0,,0.0,0.0,0.0,0.0
santacoder-1.1B,C,SQLGeneratorFail.py,SQLGenerator,Fail,19.0,0.0,2.0,9.0,0.0,0.0,0.0
santacoder-1.1B,C,SQLQueryBuilderFail.py,SQLQueryBuilder,Fail,33.0,26.0,7.0,11.0,5.0,0.0,0.0
santacoder-1.1B,C,Statistics3Fail.py,Statistics3,Fail,71.0,280.0,1.0,8.0,56.0,0.0,0.0
santacoder-1.1B,C,StockPortfolioTrackerFail.py,StockPortfolioTracker,Fail,36.0,0.0,6.0,12.0,0.0,0.0,0.0
santacoder-1.1B,C,StudentDatabaseProcessorFail.py,StudentDatabaseProcessor,Fail,33.0,0.0,,5.0,0.0,0.0,0.0
santacoder-1.1B,C,TextFileProcessorFail.py,TextFileProcessor,Fail,221.0,0.0,,5.0,0.0,0.0,0.0
santacoder-1.1B,C,ThermostatFail.py,Thermostat,Fail,41.0,0.0,12.0,13.0,0.0,0.0,0.0
santacoder-1.1B,C,TicTacToeFail.py,TicTacToe,Fail,31.0,2.0,18.0,16.0,1.0,0.0,0.0
santacoder-1.1B,C,TimeUtilsFail.py,TimeUtils,Fail,22.0,0.0,,8.0,0.0,0.0,0.0
santacoder-1.1B,C,TriCalculatorFail.py,TriCalculator,Fail,24.0,5.0,6.0,8.0,1.0,0.0,0.0
santacoder-1.1B,C,TwentyFourPointGameFail.py,TwentyFourPointGame,Fail,18.0,5.0,3.0,7.0,1.0,0.0,0.0
santacoder-1.1B,C,URLHandlerFail.py,URLHandler,Fail,27.0,0.0,9.0,10.0,0.0,0.0,0.0
santacoder-1.1B,C,UrlPathFail.py,UrlPath,Fail,0.0,0.0,,0.0,0.0,0.0,0.0
santacoder-1.1B,C,UserLoginDBFail.py,UserLoginDB,Fail,23.0,0.0,3.0,7.0,0.0,0.0,0.0
santacoder-1.1B,C,VectorUtilFail.py,VectorUtil,Fail,17.0,20.0,1.0,5.0,4.0,0.0,0.0
santacoder-1.1B,C,VendingMachineFail.py,VendingMachine,Fail,34.0,0.0,12.0,11.0,0.0,0.0,0.0
santacoder-1.1B,C,WarehouseFail.py,Warehouse,Fail,37.0,0.0,12.0,14.0,0.0,0.0,0.0
santacoder-1.1B,C,WeatherSystemFail.py,WeatherSystem,Fail,23.0,0.0,2.0,6.0,0.0,0.0,0.0
santacoder-1.1B,C,Words2NumbersFail.py,Words2Numbers,Fail,41.0,0.0,14.0,16.0,0.0,0.0,0.0
santacoder-1.1B,C,XMLProcessorFail.py,XMLProcessor,Fail,27.0,5.0,2.0,6.0,1.0,0.0,0.0
santacoder-1.1B,C,ZipFileProcessorFail.py,ZipFileProcessor,Fail,37.0,0.0,5.0,6.0,0.0,0.0,0.0
santacoder-1.1B,I,AccessGatewayFilterFail.py,AccessGatewayFilter,Fail,13.0,10.0,,5.0,6.0,0.0,0.0
santacoder-1.1B,I,AreaCalculatorFail.py,AreaCalculator,Fail,14.0,0.0,,6.0,0.0,0.0,0.0
santacoder-1.1B,I,ArgumentParserFail.py,ArgumentParser,Fail,28.0,0.0,12.0,11.0,0.0,0.0,0.0
santacoder-1.1B,I,ArrangementCalculatorFail.py,ArrangementCalculator,Fail,21.0,10.0,3.0,9.0,2.0,0.0,0.0
santacoder-1.1B,I,AssessmentSystemSuccess.py,AssessmentSystem,Success,41.0,0.0,18.0,16.0,0.0,1.0,1.0
santacoder-1.1B,I,AutomaticGuitarSimulatorFail.py,AutomaticGuitarSimulator,Fail,4.0,0.0,,2.0,220.0,0.0,0.0
santacoder-1.1B,I,AvgPartitionFail.py,AvgPartition,Fail,19.0,5.0,4.0,5.0,1.0,0.0,0.0
santacoder-1.1B,I,BalancedBracketsFail.py,BalancedBrackets,Fail,19.0,10.0,8.0,6.0,1.0,0.0,0.0
santacoder-1.1B,I,BankAccountSuccess.py,BankAccount,Success,25.0,6.0,5.0,10.0,1.0,1.0,0.976
santacoder-1.1B,I,BigNumCalculatorFail.py,BigNumCalculator,Fail,16.0,21.0,9.0,9.0,4.0,0.0,0.0
santacoder-1.1B,I,BinaryDataProcessorFail.py,BinaryDataProcessor,Fail,0.0,0.0,,0.0,0.0,0.0,0.0
santacoder-1.1B,I,BitStatusUtilFail.py,BitStatusUtil,Fail,27.0,30.0,17.0,18.0,5.0,0.0,0.0
santacoder-1.1B,I,BlackjackGameFail.py,BlackjackGame,Fail,34.0,5.0,20.0,15.0,1.0,0.0,0.0
santacoder-1.1B,I,BookManagementDBFail.py,BookManagementDB,Fail,34.0,0.0,,7.0,0.0,0.0,0.0
santacoder-1.1B,I,BookManagementFail.py,BookManagement,Fail,23.0,0.0,9.0,9.0,0.0,0.0,0.0
santacoder-1.1B,I,BoyerMooreSearchFail.py,BoyerMooreSearch,Fail,19.0,6.0,7.0,9.0,3.0,0.0,0.0
santacoder-1.1B,I,CalculatorFail.py,Calculator,Fail,51.0,7.0,28.0,12.0,1.0,0.0,0.0
santacoder-1.1B,I,CalendarUtilFail.py,CalendarUtil,Fail,0.0,0.0,,0.0,0.0,0.0,0.0
santacoder-1.1B,I,CamelCaseMapFail.py,CamelCaseMap,Fail,17.0,5.0,,8.0,1.0,0.0,0.0
santacoder-1.1B,I,ChandrasekharSieveFail.py,ChandrasekharSieve,Fail,12.0,0.0,3.0,5.0,0.0,0.0,0.0
santacoder-1.1B,I,ChatFail.py,Chat,Fail,27.0,0.0,9.0,10.0,0.0,0.0,0.0
santacoder-1.1B,I,ClassRegistrationSystemFail.py,ClassRegistrationSystem,Fail,23.0,0.0,4.0,9.0,0.0,0.0,0.0
santacoder-1.1B,I,ClassroomFail.py,Classroom,Fail,26.0,0.0,10.0,12.0,0.0,0.0,0.0
santacoder-1.1B,I,CombinationCalculatorFail.py,CombinationCalculator,Fail,35.0,16.0,9.0,14.0,5.0,0.0,0.0
santacoder-1.1B,I,ComplexCalculatorFail.py,ComplexCalculator,Fail,12.0,20.0,,5.0,4.0,0.0,0.0
santacoder-1.1B,I,CookiesUtilFail.py,CookiesUtil,Fail,17.0,0.0,,4.0,0.0,0.0,0.0
santacoder-1.1B,I,CSVProcessorFail.py,CSVProcessor,Fail,20.0,12.0,,4.0,3.0,0.0,0.0
santacoder-1.1B,I,CurrencyConverterFail.py,CurrencyConverter,Fail,29.0,0.0,4.0,9.0,0.0,0.0,0.0
santacoder-1.1B,I,DatabaseProcessorFail.py,DatabaseProcessor,Fail,30.0,0.0,,5.0,0.0,0.0,0.0
santacoder-1.1B,I,DataStatistics2Fail.py,DataStatistics2,Fail,16.0,0.0,,7.0,0.0,0.0,0.0
santacoder-1.1B,I,DataStatistics4Fail.py,DataStatistics4,Fail,39.0,26.0,18.0,13.0,5.0,0.0,0.0
santacoder-1.1B,I,DataStatisticsFail.py,DataStatistics,Fail,13.0,0.0,2.0,5.0,0.0,0.0,0.0
santacoder-1.1B,I,DecryptionUtilsFail.py,DecryptionUtils,Fail,27.0,0.0,3.0,7.0,0.0,0.0,0.0
santacoder-1.1B,I,DiscountStrategyFail.py,DiscountStrategy,Fail,31.0,30.0,9.0,11.0,6.0,0.0,0.0
santacoder-1.1B,I,DocFileHandlerFail.py,DocFileHandler,Fail,0.0,0.0,,0.0,0.0,0.0,0.0
santacoder-1.1B,I,EightPuzzleFail.py,EightPuzzle,Fail,0.0,0.0,,0.0,0.0,0.0,0.0
santacoder-1.1B,I,EmailClientFail.py,EmailClient,Fail,29.0,0.0,7.0,10.0,0.0,0.0,0.0
santacoder-1.1B,I,EncryptionUtilsFail.py,EncryptionUtils,Fail,27.0,0.0,12.0,10.0,0.0,0.0,0.0
santacoder-1.1B,I,ExcelProcessorFail.py,ExcelProcessor,Fail,26.0,12.0,3.0,7.0,3.0,0.0,0.0
santacoder-1.1B,I,ExpressionCalculatorFail.py,ExpressionCalculator,Fail,0.0,0.0,,0.0,0.0,0.0,0.0
santacoder-1.1B,I,FitnessTrackerFail.py,FitnessTracker,Fail,31.0,7.0,6.0,6.0,2.0,0.0,0.0
santacoder-1.1B,I,GomokuGameFail.py,GomokuGame,Fail,35.0,0.0,20.0,18.0,0.0,0.0,0.0
santacoder-1.1B,I,HotelSuccess.py,Hotel,Success,32.0,0.0,13.0,11.0,0.0,1.0,1.0
santacoder-1.1B,I,HRManagementSystemFail.py,HRManagementSystem,Fail,0.0,0.0,,0.0,0.0,0.0,0.0
santacoder-1.1B,I,HtmlUtilFail.py,HtmlUtil,Fail,29.0,2.0,2.0,6.0,1.0,0.0,0.0
santacoder-1.1B,I,ImageProcessorFail.py,ImageProcessor,Fail,19.0,0.0,4.0,10.0,0.0,0.0,0.0
santacoder-1.1B,I,InterpolationFail.py,Interpolation,Fail,0.0,0.0,,0.0,0.0,0.0,0.0
santacoder-1.1B,I,IPAddressFail.py,IPAddress,Fail,22.0,0.0,10.0,12.0,0.0,0.0,0.0
santacoder-1.1B,I,IpUtilFail.py,IpUtil,Fail,19.0,15.0,3.0,3.0,3.0,0.0,0.0
santacoder-1.1B,I,JobMarketplaceFail.py,JobMarketplace,Fail,16.0,0.0,,9.0,0.0,0.0,0.0
santacoder-1.1B,I,JSONProcessorFail.py,JSONProcessor,Fail,28.0,0.0,9.0,7.0,0.0,0.0,0.0
santacoder-1.1B,I,KappaCalculatorFail.py,KappaCalculator,Fail,30.0,16.0,18.0,12.0,5.0,0.0,0.0
santacoder-1.1B,I,LemmatizationFail.py,Lemmatization,Fail,26.0,0.0,1.0,5.0,0.0,0.0,0.0
santacoder-1.1B,I,LongestWordFail.py,LongestWord,Fail,128.0,1.0,,3.0,1.0,0.0,0.0
santacoder-1.1B,I,MahjongConnectFail.py,MahjongConnect,Fail,60.0,9.0,31.0,46.0,3.0,0.0,0.0
santacoder-1.1B,I,ManacherFail.py,Manacher,Fail,28.0,0.0,14.0,8.0,0.0,0.0,0.0
santacoder-1.1B,I,MetricsCalculator2Fail.py,MetricsCalculator2,Fail,15.0,10.0,4.0,5.0,2.0,0.0,0.0
santacoder-1.1B,I,MetricsCalculatorFail.py,MetricsCalculator,Fail,26.0,30.0,12.0,10.0,6.0,0.0,0.0
santacoder-1.1B,I,MinesweeperGameFail.py,MinesweeperGame,Fail,42.0,5.0,24.0,21.0,1.0,0.0,0.0
santacoder-1.1B,I,MovieBookingSystemFail.py,MovieBookingSystem,Fail,20.0,0.0,10.0,10.0,0.0,0.0,0.0
santacoder-1.1B,I,MovieTicketDBSuccess.py,MovieTicketDB,Success,24.0,0.0,,5.0,0.0,1.0,1.0
santacoder-1.1B,I,MusicPlayerSuccess.py,MusicPlayer,Success,54.0,0.0,19.0,18.0,0.0,1.0,1.0
santacoder-1.1B,I,NLPDataProcessor2Fail.py,NLPDataProcessor2,Fail,19.0,0.0,1.0,4.0,0.0,0.0,0.0
santacoder-1.1B,I,NLPDataProcessorFail.py,NLPDataProcessor,Fail,20.0,0.0,6.0,6.0,0.0,0.0,0.0
santacoder-1.1B,I,NumberConverterFail.py,NumberConverter,Fail,34.0,30.0,6.0,12.0,6.0,0.0,0.0
santacoder-1.1B,I,NumberWordFormatterFail.py,NumberWordFormatter,Fail,0.0,0.0,,0.0,0.0,0.0,0.0
santacoder-1.1B,I,NumericEntityUnescaperFail.py,NumericEntityUnescaper,Fail,7.0,10.0,1.0,13.0,2.0,0.0,0.0
santacoder-1.1B,I,OrderFail.py,Order,Fail,25.0,0.0,6.0,8.0,0.0,0.0,0.0
santacoder-1.1B,I,PageUtilFail.py,PageUtil,Fail,37.0,0.0,7.0,10.0,0.0,0.0,0.0
santacoder-1.1B,I,PDFHandlerFail.py,PDFHandler,Fail,17.0,0.0,2.0,5.0,0.0,0.0,0.0
santacoder-1.1B,I,PersonRequestFail.py,PersonRequest,Fail,20.0,26.0,6.0,7.0,7.0,0.0,0.0
santacoder-1.1B,I,PushBoxGameFail.py,PushBoxGame,Fail,50.0,0.0,21.0,17.0,0.0,0.0,0.0
santacoder-1.1B,I,RegexUtilsSuccess.py,RegexUtils,Success,22.0,0.0,,10.0,0.0,1.0,1.0
santacoder-1.1B,I,RPGCharacterFail.py,RPGCharacter,Fail,0.0,0.0,,0.0,0.0,0.0,0.0
santacoder-1.1B,I,ServerFail.py,Server,Fail,36.0,0.0,11.0,11.0,0.0,0.0,0.0
santacoder-1.1B,I,ShoppingCartSuccess.py,ShoppingCart,Success,15.0,0.0,2.0,7.0,0.0,1.0,1.0
santacoder-1.1B,I,SignInSystemSuccess.py,SignInSystem,Success,24.0,0.0,6.0,12.0,0.0,1.0,1.0
santacoder-1.1B,I,SnakeFail.py,Snake,Fail,39.0,6.0,7.0,7.0,3.0,0.0,0.0
santacoder-1.1B,I,SplitSentenceFail.py,SplitSentence,Fail,0.0,0.0,,0.0,0.0,0.0,0.0
santacoder-1.1B,I,SQLGeneratorFail.py,SQLGenerator,Fail,19.0,0.0,2.0,9.0,0.0,0.0,0.0
santacoder-1.1B,I,SQLQueryBuilderFail.py,SQLQueryBuilder,Fail,30.0,26.0,7.0,10.0,5.0,0.0,0.0
santacoder-1.1B,I,Statistics3Fail.py,Statistics3,Fail,54.0,65.0,6.0,12.0,13.0,0.0,0.0
santacoder-1.1B,I,StockPortfolioTrackerFail.py,StockPortfolioTracker,Fail,35.0,0.0,6.0,11.0,0.0,0.0,0.0
santacoder-1.1B,I,StudentDatabaseProcessorSuccess.py,StudentDatabaseProcessor,Success,29.0,0.0,,5.0,0.0,1.0,1.0
santacoder-1.1B,I,TextFileProcessorFail.py,TextFileProcessor,Fail,19.0,0.0,,5.0,0.0,0.0,0.0
santacoder-1.1B,I,ThermostatFail.py,Thermostat,Fail,32.0,0.0,6.0,12.0,0.0,0.0,0.0
santacoder-1.1B,I,TicTacToeFail.py,TicTacToe,Fail,27.0,2.0,18.0,18.0,1.0,0.0,0.0
santacoder-1.1B,I,TimeUtilsFail.py,TimeUtils,Fail,22.0,0.0,,8.0,0.0,0.0,0.0
santacoder-1.1B,I,TriCalculatorFail.py,TriCalculator,Fail,14.0,5.0,,6.0,1.0,0.0,0.0
santacoder-1.1B,I,TwentyFourPointGameFail.py,TwentyFourPointGame,Fail,21.0,5.0,7.0,10.0,1.0,0.0,0.0
santacoder-1.1B,I,URLHandlerFail.py,URLHandler,Fail,28.0,25.0,5.0,6.0,5.0,0.0,0.0
santacoder-1.1B,I,UrlPathFail.py,UrlPath,Fail,0.0,0.0,,0.0,0.0,0.0,0.0
santacoder-1.1B,I,UserLoginDBFail.py,UserLoginDB,Fail,20.0,0.0,2.0,6.0,0.0,0.0,0.0
santacoder-1.1B,I,VectorUtilFail.py,VectorUtil,Fail,15.0,20.0,1.0,5.0,4.0,0.0,0.0
santacoder-1.1B,I,VendingMachineFail.py,VendingMachine,Fail,30.0,0.0,8.0,10.0,0.0,0.0,0.0
santacoder-1.1B,I,WarehouseSuccess.py,Warehouse,Success,37.0,0.0,15.0,14.0,0.0,1.0,1.0
santacoder-1.1B,I,WeatherSystemFail.py,WeatherSystem,Fail,24.0,0.0,2.0,6.0,0.0,0.0,0.0
santacoder-1.1B,I,Words2NumbersFail.py,Words2Numbers,Fail,177.0,68.0,82.0,84.0,1.0,0.0,0.0
santacoder-1.1B,I,XMLProcessorFail.py,XMLProcessor,Fail,27.0,0.0,6.0,9.0,0.0,0.0,0.0
santacoder-1.1B,I,ZipFileProcessorFail.py,ZipFileProcessor,Fail,32.0,20.0,5.0,6.0,4.0,0.0,0.0
starcoder-instruct-15B,H,AccessGatewayFilterFail.py,AccessGatewayFilter,Fail,29.0,5.0,7.0,11.0,1.0,0.0,0.0
starcoder-instruct-15B,H,AreaCalculatorFail.py,AreaCalculator,Fail,14.0,0.0,,6.0,0.0,0.0,0.0
starcoder-instruct-15B,H,ArgumentParserFail.py,ArgumentParser,Fail,9.0,0.0,,5.0,0.0,0.0,0.0
starcoder-instruct-15B,H,ArrangementCalculatorFail.py,ArrangementCalculator,Fail,11.0,0.0,,6.0,0.0,0.0,0.0
starcoder-instruct-15B,H,AssessmentSystemSuccess.py,AssessmentSystem,Success,9.0,0.0,,7.0,0.0,1.0,1.0
starcoder-instruct-15B,H,AutomaticGuitarSimulatorFail.py,AutomaticGuitarSimulator,Fail,5.0,0.0,,3.0,0.0,0.0,0.0
starcoder-instruct-15B,H,AvgPartitionFail.py,AvgPartition,Fail,6.0,5.0,,3.0,1.0,0.0,0.0
starcoder-instruct-15B,H,BalancedBracketsSuccess.py,BalancedBrackets,Success,8.0,0.0,,3.0,0.0,1.0,1.0
starcoder-instruct-15B,H,BankAccountSuccess.py,BankAccount,Success,7.0,0.0,,5.0,0.0,1.0,1.0
starcoder-instruct-15B,H,BigNumCalculatorFail.py,BigNumCalculator,Fail,7.0,0.0,,3.0,0.0,0.0,0.0
starcoder-instruct-15B,H,BinaryDataProcessorFail.py,BinaryDataProcessor,Fail,8.0,0.0,,5.0,0.0,0.0,0.0
starcoder-instruct-15B,H,BitStatusUtilFail.py,BitStatusUtil,Fail,9.0,0.0,,4.0,0.0,0.0,0.0
starcoder-instruct-15B,H,BlackjackGameFail.py,BlackjackGame,Fail,0.0,0.0,,0.0,0.0,0.0,0.0
starcoder-instruct-15B,H,BookManagementDBFail.py,BookManagementDB,Fail,27.0,0.0,1.0,8.0,0.0,0.0,0.0
starcoder-instruct-15B,H,BookManagementFail.py,BookManagement,Fail,7.0,0.0,,5.0,0.0,0.0,0.0
starcoder-instruct-15B,H,BoyerMooreSearchFail.py,BoyerMooreSearch,Fail,7.0,6.0,,4.0,3.0,0.0,0.0
starcoder-instruct-15B,H,CalculatorFail.py,Calculator,Fail,12.0,0.0,,4.0,0.0,0.0,0.0
starcoder-instruct-15B,H,CalendarUtilFail.py,CalendarUtil,Fail,0.0,0.0,,0.0,0.0,0.0,0.0
starcoder-instruct-15B,H,CamelCaseMapFail.py,CamelCaseMap,Fail,11.0,0.0,,8.0,0.0,0.0,0.0
starcoder-instruct-15B,H,ChandrasekharSieveSuccess.py,ChandrasekharSieve,Success,6.0,0.0,,3.0,0.0,1.0,1.0
starcoder-instruct-15B,H,ChatFail.py,Chat,Fail,23.0,0.0,5.0,10.0,0.0,0.0,0.0
starcoder-instruct-15B,H,ClassRegistrationSystemFail.py,ClassRegistrationSystem,Fail,0.0,0.0,,0.0,0.0,0.0,0.0
starcoder-instruct-15B,H,ClassroomFail.py,Classroom,Fail,27.0,0.0,11.0,13.0,0.0,0.0,0.0
starcoder-instruct-15B,H,CombinationCalculatorFail.py,CombinationCalculator,Fail,20.0,6.0,3.0,9.0,3.0,0.0,0.0
starcoder-instruct-15B,H,ComplexCalculatorFail.py,ComplexCalculator,Fail,11.0,5.0,,5.0,1.0,0.0,0.0
starcoder-instruct-15B,H,CookiesUtilFail.py,CookiesUtil,Fail,15.0,0.0,,4.0,0.0,0.0,0.0
starcoder-instruct-15B,H,CSVProcessorFail.py,CSVProcessor,Fail,22.0,12.0,1.0,5.0,3.0,0.0,0.0
starcoder-instruct-15B,H,CurrencyConverterFail.py,CurrencyConverter,Fail,15.0,0.0,,5.0,0.0,0.0,0.0
starcoder-instruct-15B,H,DatabaseProcessorFail.py,DatabaseProcessor,Fail,25.0,0.0,2.0,6.0,0.0,0.0,0.0
starcoder-instruct-15B,H,DataStatistics2Fail.py,DataStatistics2,Fail,23.0,0.0,1.0,8.0,0.0,0.0,0.0
starcoder-instruct-15B,H,DataStatistics4Fail.py,DataStatistics4,Fail,9.0,0.0,,4.0,0.0,0.0,0.0
starcoder-instruct-15B,H,DataStatisticsFail.py,DataStatistics,Fail,16.0,0.0,2.0,5.0,0.0,0.0,0.0
starcoder-instruct-15B,H,DecryptionUtilsFail.py,DecryptionUtils,Fail,6.0,0.0,,4.0,0.0,0.0,0.0
starcoder-instruct-15B,H,DiscountStrategyFail.py,DiscountStrategy,Fail,14.0,15.0,,6.0,3.0,0.0,0.0
starcoder-instruct-15B,H,DocFileHandlerFail.py,DocFileHandler,Fail,63.0,15.0,15.0,11.0,3.0,0.0,0.0
starcoder-instruct-15B,H,EightPuzzleFail.py,EightPuzzle,Fail,8.0,0.0,,5.0,0.0,0.0,0.0
starcoder-instruct-15B,H,EmailClientFail.py,EmailClient,Fail,10.0,0.0,,6.0,0.0,0.0,0.0
starcoder-instruct-15B,H,EncryptionUtilsFail.py,EncryptionUtils,Fail,6.0,0.0,,4.0,0.0,0.0,0.0
starcoder-instruct-15B,H,ExcelProcessorFail.py,ExcelProcessor,Fail,31.0,12.0,3.0,7.0,3.0,0.0,0.0
starcoder-instruct-15B,H,ExpressionCalculatorFail.py,ExpressionCalculator,Fail,59.0,0.0,16.0,15.0,0.0,0.0,0.0
starcoder-instruct-15B,H,FitnessTrackerFail.py,FitnessTracker,Fail,13.0,7.0,,4.0,2.0,0.0,0.0
starcoder-instruct-15B,H,GomokuGameFail.py,GomokuGame,Fail,8.0,0.0,,4.0,0.0,0.0,0.0
starcoder-instruct-15B,H,HotelFail.py,Hotel,Fail,9.0,0.0,,5.0,0.0,0.0,0.0
starcoder-instruct-15B,H,HRManagementSystemFail.py,HRManagementSystem,Fail,0.0,0.0,,0.0,0.0,0.0,0.0
starcoder-instruct-15B,H,HtmlUtilFail.py,HtmlUtil,Fail,0.0,0.0,,0.0,0.0,0.0,0.0
starcoder-instruct-15B,H,ImageProcessorFail.py,ImageProcessor,Fail,18.0,0.0,4.0,10.0,0.0,0.0,0.0
starcoder-instruct-15B,H,InterpolationFail.py,Interpolation,Fail,0.0,0.0,,0.0,0.0,0.0,0.0
starcoder-instruct-15B,H,IPAddressFail.py,IPAddress,Fail,6.0,0.0,,4.0,0.0,0.0,0.0
starcoder-instruct-15B,H,IpUtilFail.py,IpUtil,Fail,19.0,0.0,4.0,6.0,0.0,0.0,0.0
starcoder-instruct-15B,H,JobMarketplaceFail.py,JobMarketplace,Fail,10.0,0.0,,7.0,0.0,0.0,0.0
starcoder-instruct-15B,H,JSONProcessorFail.py,JSONProcessor,Fail,8.0,0.0,1.0,4.0,0.0,0.0,0.0
starcoder-instruct-15B,H,KappaCalculatorFail.py,KappaCalculator,Fail,7.0,6.0,,3.0,3.0,0.0,0.0
starcoder-instruct-15B,H,LemmatizationFail.py,Lemmatization,Fail,35.0,0.0,6.0,8.0,0.0,0.0,0.0
starcoder-instruct-15B,H,LongestWordSuccess.py,LongestWord,Success,13.0,0.0,4.0,6.0,0.0,1.0,1.0
starcoder-instruct-15B,H,MahjongConnectFail.py,MahjongConnect,Fail,0.0,0.0,,0.0,0.0,0.0,0.0
starcoder-instruct-15B,H,ManacherFail.py,Manacher,Fail,5.0,0.0,,3.0,0.0,0.0,0.0
starcoder-instruct-15B,H,MetricsCalculator2Fail.py,MetricsCalculator2,Fail,7.0,5.0,,3.0,1.0,0.0,0.0
starcoder-instruct-15B,H,MetricsCalculatorFail.py,MetricsCalculator,Fail,11.0,0.0,,6.0,0.0,0.0,0.0
starcoder-instruct-15B,H,MinesweeperGameFail.py,MinesweeperGame,Fail,0.0,0.0,,0.0,0.0,0.0,0.0
starcoder-instruct-15B,H,MovieBookingSystemFail.py,MovieBookingSystem,Fail,33.0,0.0,15.0,12.0,0.0,0.0,0.0
starcoder-instruct-15B,H,MovieTicketDBSuccess.py,MovieTicketDB,Success,27.0,0.0,,5.0,0.0,1.0,1.0
starcoder-instruct-15B,H,MusicPlayerSuccess.py,MusicPlayer,Success,13.0,0.0,,9.0,0.0,1.0,1.0
starcoder-instruct-15B,H,NLPDataProcessor2Fail.py,NLPDataProcessor2,Fail,15.0,0.0,1.0,4.0,0.0,0.0,0.0
starcoder-instruct-15B,H,NLPDataProcessorFail.py,NLPDataProcessor,Fail,4.0,0.0,,3.0,0.0,0.0,0.0
starcoder-instruct-15B,H,NumberConverterFail.py,NumberConverter,Fail,13.0,0.0,,6.0,0.0,0.0,0.0
starcoder-instruct-15B,H,NumberWordFormatterFail.py,NumberWordFormatter,Fail,14.0,0.0,,6.0,0.0,0.0,0.0
starcoder-instruct-15B,H,NumericEntityUnescaperFail.py,NumericEntityUnescaper,Fail,9.0,5.0,1.0,4.0,1.0,0.0,0.0
starcoder-instruct-15B,H,OrderFail.py,Order,Fail,8.0,0.0,,4.0,0.0,0.0,0.0
starcoder-instruct-15B,H,PageUtilFail.py,PageUtil,Fail,9.0,0.0,,4.0,0.0,0.0,0.0
starcoder-instruct-15B,H,PDFHandlerFail.py,PDFHandler,Fail,6.0,0.0,,3.0,0.0,0.0,0.0
starcoder-instruct-15B,H,PersonRequestSuccess.py,PersonRequest,Success,8.0,11.0,,4.0,4.0,1.0,0.8625
starcoder-instruct-15B,H,PushBoxGameFail.py,PushBoxGame,Fail,13.0,0.0,,4.0,0.0,0.0,0.0
starcoder-instruct-15B,H,RegexUtilsFail.py,RegexUtils,Fail,0.0,0.0,,0.0,0.0,0.0,0.0
starcoder-instruct-15B,H,RPGCharacterFail.py,RPGCharacter,Fail,13.0,0.0,,6.0,0.0,0.0,0.0
starcoder-instruct-15B,H,ServerFail.py,Server,Fail,10.0,0.0,,6.0,0.0,0.0,0.0
starcoder-instruct-15B,H,ShoppingCartFail.py,ShoppingCart,Fail,7.0,0.0,,5.0,0.0,0.0,0.0
starcoder-instruct-15B,H,SignInSystemFail.py,SignInSystem,Fail,8.0,0.0,,6.0,0.0,0.0,0.0
starcoder-instruct-15B,H,SnakeFail.py,Snake,Fail,0.0,0.0,,0.0,0.0,0.0,0.0
starcoder-instruct-15B,H,SplitSentenceFail.py,SplitSentence,Fail,0.0,0.0,,0.0,0.0,0.0,0.0
starcoder-instruct-15B,H,SQLGeneratorFail.py,SQLGenerator,Fail,9.0,0.0,,7.0,0.0,0.0,0.0
starcoder-instruct-15B,H,SQLQueryBuilderFail.py,SQLQueryBuilder,Fail,9.0,0.0,,4.0,0.0,0.0,0.0
starcoder-instruct-15B,H,Statistics3Fail.py,Statistics3,Fail,0.0,0.0,,0.0,0.0,0.0,0.0
starcoder-instruct-15B,H,StockPortfolioTrackerFail.py,StockPortfolioTracker,Fail,11.0,0.0,,8.0,0.0,0.0,0.0
starcoder-instruct-15B,H,StudentDatabaseProcessorFail.py,StudentDatabaseProcessor,Fail,15.0,0.0,1.0,6.0,0.0,0.0,0.0
starcoder-instruct-15B,H,TextFileProcessorFail.py,TextFileProcessor,Fail,27.0,0.0,1.0,7.0,0.0,0.0,0.0
starcoder-instruct-15B,H,ThermostatFail.py,Thermostat,Fail,18.0,0.0,1.0,9.0,0.0,0.0,0.0
starcoder-instruct-15B,H,TicTacToeFail.py,TicTacToe,Fail,7.0,2.0,,4.0,1.0,0.0,0.0
starcoder-instruct-15B,H,TimeUtilsFail.py,TimeUtils,Fail,24.0,0.0,,8.0,0.0,0.0,0.0
starcoder-instruct-15B,H,TriCalculatorFail.py,TriCalculator,Fail,8.0,5.0,,6.0,1.0,0.0,0.0
starcoder-instruct-15B,H,TwentyFourPointGameFail.py,TwentyFourPointGame,Fail,17.0,0.0,2.0,7.0,0.0,0.0,0.0
starcoder-instruct-15B,H,URLHandlerFail.py,URLHandler,Fail,8.0,0.0,,6.0,0.0,0.0,0.0
starcoder-instruct-15B,H,UrlPathFail.py,UrlPath,Fail,15.0,0.0,2.0,6.0,0.0,0.0,0.0
starcoder-instruct-15B,H,UserLoginDBFail.py,UserLoginDB,Fail,23.0,0.0,1.0,7.0,0.0,0.0,0.0
starcoder-instruct-15B,H,VectorUtilFail.py,VectorUtil,Fail,0.0,0.0,,0.0,0.0,0.0,0.0
starcoder-instruct-15B,H,VendingMachineFail.py,VendingMachine,Fail,9.0,0.0,,6.0,0.0,0.0,0.0
starcoder-instruct-15B,H,WarehouseSuccess.py,Warehouse,Success,10.0,0.0,,7.0,0.0,1.0,1.0
starcoder-instruct-15B,H,WeatherSystemFail.py,WeatherSystem,Fail,10.0,0.0,,5.0,0.0,0.0,0.0
starcoder-instruct-15B,H,Words2NumbersFail.py,Words2Numbers,Fail,21.0,0.0,4.0,7.0,0.0,0.0,0.0
starcoder-instruct-15B,H,XMLProcessorFail.py,XMLProcessor,Fail,32.0,0.0,8.0,8.0,0.0,0.0,0.0
starcoder-instruct-15B,H,ZipFileProcessorSuccess.py,ZipFileProcessor,Success,32.0,0.0,6.0,8.0,0.0,1.0,1.0
starcoder-instruct-15B,C,AccessGatewayFilterFail.py,AccessGatewayFilter,Fail,27.0,5.0,8.0,12.0,1.0,0.0,0.0
starcoder-instruct-15B,C,AreaCalculatorFail.py,AreaCalculator,Fail,13.0,0.0,,6.0,0.0,0.0,0.0
starcoder-instruct-15B,C,ArgumentParserFail.py,ArgumentParser,Fail,29.0,0.0,10.0,10.0,0.0,0.0,0.0
starcoder-instruct-15B,C,ArrangementCalculatorFail.py,ArrangementCalculator,Fail,13.0,0.0,1.0,5.0,0.0,0.0,0.0
starcoder-instruct-15B,C,AssessmentSystemSuccess.py,AssessmentSystem,Success,15.0,0.0,7.0,7.0,0.0,1.0,1.0
starcoder-instruct-15B,C,AutomaticGuitarSimulatorFail.py,AutomaticGuitarSimulator,Fail,5.0,0.0,,3.0,0.0,0.0,0.0
starcoder-instruct-15B,C,AvgPartitionSuccess.py,AvgPartition,Success,14.0,5.0,,3.0,1.0,1.0,0.9642857142857143
starcoder-instruct-15B,C,BalancedBracketsSuccess.py,BalancedBrackets,Success,19.0,0.0,11.0,9.0,0.0,1.0,1.0
starcoder-instruct-15B,C,BankAccountSuccess.py,BankAccount,Success,20.0,0.0,3.0,8.0,0.0,1.0,1.0
starcoder-instruct-15B,C,BigNumCalculatorFail.py,BigNumCalculator,Fail,6.0,15.0,,3.0,3.0,0.0,0.0
starcoder-instruct-15B,C,BinaryDataProcessorFail.py,BinaryDataProcessor,Fail,18.0,0.0,,6.0,0.0,0.0,0.0
starcoder-instruct-15B,C,BitStatusUtilFail.py,BitStatusUtil,Fail,7.0,15.0,4.0,6.0,3.0,0.0,0.0
starcoder-instruct-15B,C,BlackjackGameFail.py,BlackjackGame,Fail,43.0,0.0,16.0,12.0,0.0,0.0,0.0
starcoder-instruct-15B,C,BookManagementDBFail.py,BookManagementDB,Fail,24.0,0.0,,6.0,0.0,0.0,0.0
starcoder-instruct-15B,C,BookManagementFail.py,BookManagement,Fail,20.0,0.0,7.0,8.0,0.0,0.0,0.0
starcoder-instruct-15B,C,BoyerMooreSearchFail.py,BoyerMooreSearch,Fail,31.0,12.0,13.0,12.0,6.0,0.0,0.0
starcoder-instruct-15B,C,CalculatorFail.py,Calculator,Fail,36.0,9.0,19.0,11.0,1.0,0.0,0.0
starcoder-instruct-15B,C,CalendarUtilFail.py,CalendarUtil,Fail,0.0,0.0,,0.0,0.0,0.0,0.0
starcoder-instruct-15B,C,CamelCaseMapFail.py,CamelCaseMap,Fail,15.0,5.0,,8.0,1.0,0.0,0.0
starcoder-instruct-15B,C,ChandrasekharSieveSuccess.py,ChandrasekharSieve,Success,16.0,0.0,6.0,7.0,0.0,1.0,1.0
starcoder-instruct-15B,C,ChatFail.py,Chat,Fail,20.0,0.0,6.0,8.0,0.0,0.0,0.0
starcoder-instruct-15B,C,ClassRegistrationSystemFail.py,ClassRegistrationSystem,Fail,21.0,5.0,4.0,9.0,1.0,0.0,0.0
starcoder-instruct-15B,C,ClassroomFail.py,Classroom,Fail,10.0,0.0,,3.0,0.0,0.0,0.0
starcoder-instruct-15B,C,CombinationCalculatorFail.py,CombinationCalculator,Fail,0.0,0.0,,0.0,0.0,0.0,0.0
starcoder-instruct-15B,C,ComplexCalculatorFail.py,ComplexCalculator,Fail,11.0,20.0,,5.0,4.0,0.0,0.0
starcoder-instruct-15B,C,CookiesUtilFail.py,CookiesUtil,Fail,12.0,0.0,,3.0,0.0,0.0,0.0
starcoder-instruct-15B,C,CSVProcessorFail.py,CSVProcessor,Fail,20.0,12.0,1.0,5.0,3.0,0.0,0.0
starcoder-instruct-15B,C,CurrencyConverterFail.py,CurrencyConverter,Fail,28.0,0.0,5.0,10.0,0.0,0.0,0.0
starcoder-instruct-15B,C,DatabaseProcessorFail.py,DatabaseProcessor,Fail,24.0,0.0,2.0,6.0,0.0,0.0,0.0
starcoder-instruct-15B,C,DataStatistics2Fail.py,DataStatistics2,Fail,16.0,0.0,,7.0,0.0,0.0,0.0
starcoder-instruct-15B,C,DataStatistics4Fail.py,DataStatistics4,Fail,17.0,20.0,,4.0,4.0,0.0,0.0
starcoder-instruct-15B,C,DataStatisticsFail.py,DataStatistics,Fail,17.0,0.0,2.0,5.0,0.0,0.0,0.0
starcoder-instruct-15B,C,DecryptionUtilsFail.py,DecryptionUtils,Fail,31.0,5.0,12.0,10.0,1.0,0.0,0.0
starcoder-instruct-15B,C,DiscountStrategyFail.py,DiscountStrategy,Fail,31.0,35.0,8.0,11.0,7.0,0.0,0.0
starcoder-instruct-15B,C,DocFileHandlerFail.py,DocFileHandler,Fail,34.0,0.0,4.0,6.0,0.0,0.0,0.0
starcoder-instruct-15B,C,EightPuzzleFail.py,EightPuzzle,Fail,59.0,8.0,32.0,21.0,1.0,0.0,0.0
starcoder-instruct-15B,C,EmailClientFail.py,EmailClient,Fail,34.0,0.0,6.0,11.0,0.0,0.0,0.0
starcoder-instruct-15B,C,EncryptionUtilsFail.py,EncryptionUtils,Fail,35.0,0.0,16.0,12.0,0.0,0.0,0.0
starcoder-instruct-15B,C,ExcelProcessorFail.py,ExcelProcessor,Fail,20.0,7.0,7.0,7.0,2.0,0.0,0.0
starcoder-instruct-15B,C,ExpressionCalculatorFail.py,ExpressionCalculator,Fail,34.0,5.0,10.0,7.0,1.0,0.0,0.0
starcoder-instruct-15B,C,FitnessTrackerFail.py,FitnessTracker,Fail,49.0,7.0,18.0,10.0,2.0,0.0,0.0
starcoder-instruct-15B,C,GomokuGameFail.py,GomokuGame,Fail,35.0,0.0,20.0,19.0,0.0,0.0,0.0
starcoder-instruct-15B,C,HotelSuccess.py,Hotel,Success,30.0,11.0,18.0,10.0,2.0,1.0,0.9633333333333334
starcoder-instruct-15B,C,HRManagementSystemFail.py,HRManagementSystem,Fail,24.0,0.0,4.0,8.0,0.0,0.0,0.0
starcoder-instruct-15B,C,HtmlUtilFail.py,HtmlUtil,Fail,18.0,0.0,,3.0,0.0,0.0,0.0
starcoder-instruct-15B,C,ImageProcessorFail.py,ImageProcessor,Fail,17.0,0.0,3.0,7.0,0.0,0.0,0.0
starcoder-instruct-15B,C,InterpolationFail.py,Interpolation,Fail,18.0,15.0,4.0,7.0,3.0,0.0,0.0
starcoder-instruct-15B,C,IPAddressFail.py,IPAddress,Fail,17.0,0.0,3.0,6.0,0.0,0.0,0.0
starcoder-instruct-15B,C,IpUtilFail.py,IpUtil,Fail,20.0,15.0,3.0,3.0,3.0,0.0,0.0
starcoder-instruct-15B,C,JobMarketplaceFail.py,JobMarketplace,Fail,23.0,5.0,9.0,12.0,1.0,0.0,0.0
starcoder-instruct-15B,C,JSONProcessorFail.py,JSONProcessor,Fail,32.0,0.0,8.0,6.0,0.0,0.0,0.0
starcoder-instruct-15B,C,KappaCalculatorFail.py,KappaCalculator,Fail,7.0,16.0,,2.0,5.0,0.0,0.0
starcoder-instruct-15B,C,LemmatizationFail.py,Lemmatization,Fail,17.0,0.0,,5.0,0.0,0.0,0.0
starcoder-instruct-15B,C,LongestWordFail.py,LongestWord,Fail,16.0,5.0,6.0,6.0,1.0,0.0,0.0
starcoder-instruct-15B,C,MahjongConnectFail.py,MahjongConnect,Fail,35.0,4.0,17.0,22.0,2.0,0.0,0.0
starcoder-instruct-15B,C,ManacherFail.py,Manacher,Fail,24.0,0.0,8.0,9.0,0.0,0.0,0.0
starcoder-instruct-15B,C,MetricsCalculator2Fail.py,MetricsCalculator2,Fail,18.0,5.0,10.0,6.0,1.0,0.0,0.0
starcoder-instruct-15B,C,MetricsCalculatorFail.py,MetricsCalculator,Fail,17.0,5.0,2.0,10.0,1.0,0.0,0.0
starcoder-instruct-15B,C,MinesweeperGameFail.py,MinesweeperGame,Fail,36.0,7.0,24.0,13.0,1.0,0.0,0.0
starcoder-instruct-15B,C,MovieBookingSystemFail.py,MovieBookingSystem,Fail,26.0,0.0,14.0,11.0,0.0,0.0,0.0
starcoder-instruct-15B,C,MovieTicketDBFail.py,MovieTicketDB,Fail,18.0,0.0,,4.0,0.0,0.0,0.0
starcoder-instruct-15B,C,MusicPlayerSuccess.py,MusicPlayer,Success,30.0,0.0,8.0,11.0,0.0,1.0,1.0
starcoder-instruct-15B,C,NLPDataProcessor2Fail.py,NLPDataProcessor2,Fail,12.0,0.0,,3.0,0.0,0.0,0.0
starcoder-instruct-15B,C,NLPDataProcessorFail.py,NLPDataProcessor,Fail,14.0,0.0,1.0,5.0,0.0,0.0,0.0
starcoder-instruct-15B,C,NumberConverterFail.py,NumberConverter,Fail,14.0,30.0,,6.0,6.0,0.0,0.0
starcoder-instruct-15B,C,NumberWordFormatterFail.py,NumberWordFormatter,Fail,49.0,0.0,10.0,12.0,0.0,0.0,0.0
starcoder-instruct-15B,C,NumericEntityUnescaperFail.py,NumericEntityUnescaper,Fail,30.0,26.0,27.0,12.0,3.0,0.0,0.0
starcoder-instruct-15B,C,OrderFail.py,Order,Fail,12.0,0.0,1.0,5.0,0.0,0.0,0.0
starcoder-instruct-15B,C,PageUtilFail.py,PageUtil,Fail,26.0,0.0,,4.0,0.0,0.0,0.0
starcoder-instruct-15B,C,PDFHandlerFail.py,PDFHandler,Fail,9.0,0.0,,3.0,0.0,0.0,0.0
starcoder-instruct-15B,C,PersonRequestSuccess.py,PersonRequest,Success,17.0,26.0,5.0,10.0,7.0,1.0,0.8470588235294118
starcoder-instruct-15B,C,PushBoxGameFail.py,PushBoxGame,Fail,45.0,18.0,31.0,15.0,2.0,0.0,0.0
starcoder-instruct-15B,C,RegexUtilsFail.py,RegexUtils,Fail,11.0,0.0,,4.0,0.0,0.0,0.0
starcoder-instruct-15B,C,RPGCharacterFail.py,RPGCharacter,Fail,29.0,0.0,2.0,7.0,0.0,0.0,0.0
starcoder-instruct-15B,C,ServerFail.py,Server,Fail,0.0,0.0,,0.0,0.0,0.0,0.0
starcoder-instruct-15B,C,ShoppingCartSuccess.py,ShoppingCart,Success,0.0,0.0,,0.0,0.0,1.0,1.0
starcoder-instruct-15B,C,SignInSystemFail.py,SignInSystem,Fail,26.0,0.0,8.0,12.0,0.0,0.0,0.0
starcoder-instruct-15B,C,SnakeFail.py,Snake,Fail,23.0,6.0,3.0,7.0,3.0,0.0,0.0
starcoder-instruct-15B,C,SplitSentenceFail.py,SplitSentence,Fail,0.0,0.0,,0.0,0.0,0.0,0.0
starcoder-instruct-15B,C,SQLGeneratorFail.py,SQLGenerator,Fail,9.0,0.0,1.0,3.0,0.0,0.0,0.0
starcoder-instruct-15B,C,SQLQueryBuilderFail.py,SQLQueryBuilder,Fail,8.0,5.0,1.0,2.0,1.0,0.0,0.0
starcoder-instruct-15B,C,Statistics3Fail.py,Statistics3,Fail,50.0,35.0,10.0,13.0,7.0,0.0,0.0
starcoder-instruct-15B,C,StockPortfolioTrackerFail.py,StockPortfolioTracker,Fail,16.0,0.0,1.0,6.0,0.0,0.0,0.0
starcoder-instruct-15B,C,StudentDatabaseProcessorFail.py,StudentDatabaseProcessor,Fail,18.0,0.0,,5.0,0.0,0.0,0.0
starcoder-instruct-15B,C,TextFileProcessorFail.py,TextFileProcessor,Fail,19.0,0.0,,6.0,0.0,0.0,0.0
starcoder-instruct-15B,C,ThermostatFail.py,Thermostat,Fail,39.0,0.0,12.0,13.0,0.0,0.0,0.0
starcoder-instruct-15B,C,TicTacToeFail.py,TicTacToe,Fail,0.0,0.0,,0.0,0.0,0.0,0.0
starcoder-instruct-15B,C,TimeUtilsFail.py,TimeUtils,Fail,20.0,0.0,,6.0,0.0,0.0,0.0
starcoder-instruct-15B,C,TriCalculatorFail.py,TriCalculator,Fail,17.0,5.0,3.0,9.0,1.0,0.0,0.0
starcoder-instruct-15B,C,TwentyFourPointGameFail.py,TwentyFourPointGame,Fail,16.0,5.0,1.0,6.0,1.0,0.0,0.0
starcoder-instruct-15B,C,URLHandlerFail.py,URLHandler,Fail,16.0,0.0,,6.0,0.0,0.0,0.0
starcoder-instruct-15B,C,UrlPathFail.py,UrlPath,Fail,0.0,0.0,,0.0,0.0,0.0,0.0
starcoder-instruct-15B,C,UserLoginDBFail.py,UserLoginDB,Fail,16.0,0.0,1.0,5.0,0.0,0.0,0.0
starcoder-instruct-15B,C,VectorUtilFail.py,VectorUtil,Fail,13.0,10.0,1.0,3.0,2.0,0.0,0.0
starcoder-instruct-15B,C,VendingMachineFail.py,VendingMachine,Fail,21.0,0.0,4.0,8.0,0.0,0.0,0.0
starcoder-instruct-15B,C,WarehouseFail.py,Warehouse,Fail,29.0,0.0,10.0,12.0,0.0,0.0,0.0
starcoder-instruct-15B,C,WeatherSystemFail.py,WeatherSystem,Fail,24.0,0.0,7.0,8.0,0.0,0.0,0.0
starcoder-instruct-15B,C,Words2NumbersFail.py,Words2Numbers,Fail,26.0,0.0,7.0,9.0,0.0,0.0,0.0
starcoder-instruct-15B,C,XMLProcessorFail.py,XMLProcessor,Fail,18.0,0.0,2.0,6.0,0.0,0.0,0.0
starcoder-instruct-15B,C,ZipFileProcessorFail.py,ZipFileProcessor,Fail,23.0,5.0,3.0,7.0,1.0,0.0,0.0
starcoder-instruct-15B,I,AccessGatewayFilterFail.py,AccessGatewayFilter,Fail,19.0,5.0,6.0,9.0,1.0,0.0,0.0
starcoder-instruct-15B,I,AreaCalculatorFail.py,AreaCalculator,Fail,14.0,0.0,,6.0,0.0,0.0,0.0
starcoder-instruct-15B,I,ArgumentParserFail.py,ArgumentParser,Fail,25.0,0.0,11.0,10.0,0.0,0.0,0.0
starcoder-instruct-15B,I,ArrangementCalculatorFail.py,ArrangementCalculator,Fail,19.0,10.0,4.0,9.0,2.0,0.0,0.0
starcoder-instruct-15B,I,AssessmentSystemFail.py,AssessmentSystem,Fail,32.0,0.0,13.0,16.0,0.0,0.0,0.0
starcoder-instruct-15B,I,AutomaticGuitarSimulatorFail.py,AutomaticGuitarSimulator,Fail,5.0,0.0,,3.0,0.0,0.0,0.0
starcoder-instruct-15B,I,AvgPartitionSuccess.py,AvgPartition,Success,13.0,5.0,,3.0,1.0,1.0,0.9615384615384616
starcoder-instruct-15B,I,BalancedBracketsSuccess.py,BalancedBrackets,Success,24.0,0.0,14.0,10.0,0.0,1.0,1.0
starcoder-instruct-15B,I,BankAccountFail.py,BankAccount,Fail,18.0,0.0,3.0,8.0,0.0,0.0,0.0
starcoder-instruct-15B,I,BigNumCalculatorFail.py,BigNumCalculator,Fail,10.0,15.0,,3.0,3.0,0.0,0.0
starcoder-instruct-15B,I,BinaryDataProcessorFail.py,BinaryDataProcessor,Fail,18.0,0.0,,6.0,0.0,0.0,0.0
starcoder-instruct-15B,I,BitStatusUtilFail.py,BitStatusUtil,Fail,14.0,16.0,6.0,10.0,3.0,0.0,0.0
starcoder-instruct-15B,I,BlackjackGameFail.py,BlackjackGame,Fail,24.0,0.0,7.0,7.0,0.0,0.0,0.0
starcoder-instruct-15B,I,BookManagementDBFail.py,BookManagementDB,Fail,36.0,0.0,,7.0,0.0,0.0,0.0
starcoder-instruct-15B,I,BookManagementFail.py,BookManagement,Fail,21.0,5.0,7.0,8.0,1.0,0.0,0.0
starcoder-instruct-15B,I,BoyerMooreSearchFail.py,BoyerMooreSearch,Fail,21.0,6.0,5.0,10.0,3.0,0.0,0.0
starcoder-instruct-15B,I,CalculatorFail.py,Calculator,Fail,38.0,0.0,4.0,6.0,0.0,0.0,0.0
starcoder-instruct-15B,I,CalendarUtilFail.py,CalendarUtil,Fail,0.0,0.0,,0.0,0.0,0.0,0.0
starcoder-instruct-15B,I,CamelCaseMapFail.py,CamelCaseMap,Fail,12.0,5.0,,7.0,1.0,0.0,0.0
starcoder-instruct-15B,I,ChandrasekharSieveFail.py,ChandrasekharSieve,Fail,17.0,5.0,6.0,7.0,1.0,0.0,0.0
starcoder-instruct-15B,I,ChatFail.py,Chat,Fail,27.0,0.0,9.0,10.0,0.0,0.0,0.0
starcoder-instruct-15B,I,ClassRegistrationSystemFail.py,ClassRegistrationSystem,Fail,17.0,0.0,2.0,8.0,0.0,0.0,0.0
starcoder-instruct-15B,I,ClassroomFail.py,Classroom,Fail,19.0,0.0,5.0,8.0,0.0,0.0,0.0
starcoder-instruct-15B,I,CombinationCalculatorFail.py,CombinationCalculator,Fail,23.0,16.0,3.0,9.0,5.0,0.0,0.0
starcoder-instruct-15B,I,ComplexCalculatorFail.py,ComplexCalculator,Fail,12.0,20.0,,5.0,4.0,0.0,0.0
starcoder-instruct-15B,I,CookiesUtilFail.py,CookiesUtil,Fail,21.0,0.0,1.0,4.0,0.0,0.0,0.0
starcoder-instruct-15B,I,CSVProcessorFail.py,CSVProcessor,Fail,23.0,17.0,1.0,4.0,4.0,0.0,0.0
starcoder-instruct-15B,I,CurrencyConverterFail.py,CurrencyConverter,Fail,24.0,0.0,2.0,7.0,0.0,0.0,0.0
starcoder-instruct-15B,I,DatabaseProcessorFail.py,DatabaseProcessor,Fail,0.0,0.0,,0.0,0.0,0.0,0.0
starcoder-instruct-15B,I,DataStatistics2Fail.py,DataStatistics2,Fail,23.0,0.0,,7.0,0.0,0.0,0.0
starcoder-instruct-15B,I,DataStatistics4Fail.py,DataStatistics4,Fail,19.0,20.0,,4.0,4.0,0.0,0.0
starcoder-instruct-15B,I,DataStatisticsFail.py,DataStatistics,Fail,17.0,0.0,2.0,5.0,0.0,0.0,0.0
starcoder-instruct-15B,I,DecryptionUtilsFail.py,DecryptionUtils,Fail,42.0,5.0,23.0,14.0,1.0,0.0,0.0
starcoder-instruct-15B,I,DiscountStrategyFail.py,DiscountStrategy,Fail,17.0,30.0,2.0,8.0,6.0,0.0,0.0
starcoder-instruct-15B,I,DocFileHandlerFail.py,DocFileHandler,Fail,68.0,15.0,20.0,13.0,3.0,0.0,0.0
starcoder-instruct-15B,I,EightPuzzleFail.py,EightPuzzle,Fail,0.0,0.0,,0.0,0.0,0.0,0.0
starcoder-instruct-15B,I,EmailClientFail.py,EmailClient,Fail,11.0,0.0,,6.0,0.0,0.0,0.0
starcoder-instruct-15B,I,EncryptionUtilsFail.py,EncryptionUtils,Fail,44.0,0.0,26.0,16.0,0.0,0.0,0.0
starcoder-instruct-15B,I,ExcelProcessorFail.py,ExcelProcessor,Fail,27.0,12.0,4.0,7.0,3.0,0.0,0.0
starcoder-instruct-15B,I,ExpressionCalculatorFail.py,ExpressionCalculator,Fail,37.0,15.0,14.0,13.0,3.0,0.0,0.0
starcoder-instruct-15B,I,FitnessTrackerSuccess.py,FitnessTracker,Success,46.0,11.0,13.0,9.0,4.0,1.0,0.9760869565217392
starcoder-instruct-15B,I,GomokuGameFail.py,GomokuGame,Fail,25.0,0.0,7.0,13.0,0.0,0.0,0.0
starcoder-instruct-15B,I,HotelSuccess.py,Hotel,Success,38.0,6.0,25.0,11.0,1.0,1.0,0.9842105263157894
starcoder-instruct-15B,I,HRManagementSystemFail.py,HRManagementSystem,Fail,19.0,0.0,3.0,9.0,0.0,0.0,0.0
starcoder-instruct-15B,I,HtmlUtilFail.py,HtmlUtil,Fail,32.0,2.0,4.0,7.0,1.0,0.0,0.0
starcoder-instruct-15B,I,ImageProcessorFail.py,ImageProcessor,Fail,17.0,0.0,3.0,9.0,0.0,0.0,0.0
starcoder-instruct-15B,I,InterpolationFail.py,Interpolation,Fail,28.0,25.0,38.0,19.0,3.0,0.0,0.0
starcoder-instruct-15B,I,IPAddressFail.py,IPAddress,Fail,8.0,0.0,,4.0,0.0,0.0,0.0
starcoder-instruct-15B,I,IpUtilFail.py,IpUtil,Fail,20.0,15.0,3.0,3.0,3.0,0.0,0.0
starcoder-instruct-15B,I,JobMarketplaceFail.py,JobMarketplace,Fail,0.0,0.0,,0.0,0.0,0.0,0.0
starcoder-instruct-15B,I,JSONProcessorFail.py,JSONProcessor,Fail,27.0,0.0,5.0,6.0,0.0,0.0,0.0
starcoder-instruct-15B,I,KappaCalculatorFail.py,KappaCalculator,Fail,13.0,21.0,6.0,5.0,6.0,0.0,0.0
starcoder-instruct-15B,I,LemmatizationFail.py,Lemmatization,Fail,20.0,0.0,,7.0,0.0,0.0,0.0
starcoder-instruct-15B,I,LongestWordFail.py,LongestWord,Fail,16.0,5.0,6.0,6.0,1.0,0.0,0.0
starcoder-instruct-15B,I,MahjongConnectFail.py,MahjongConnect,Fail,31.0,9.0,13.0,20.0,3.0,0.0,0.0
starcoder-instruct-15B,I,ManacherFail.py,Manacher,Fail,21.0,0.0,8.0,9.0,0.0,0.0,0.0
starcoder-instruct-15B,I,MetricsCalculator2Fail.py,MetricsCalculator2,Fail,19.0,10.0,6.0,5.0,2.0,0.0,0.0
starcoder-instruct-15B,I,MetricsCalculatorFail.py,MetricsCalculator,Fail,25.0,15.0,8.0,22.0,3.0,0.0,0.0
starcoder-instruct-15B,I,MinesweeperGameFail.py,MinesweeperGame,Fail,26.0,10.0,9.0,10.0,2.0,0.0,0.0
starcoder-instruct-15B,I,MovieBookingSystemFail.py,MovieBookingSystem,Fail,33.0,0.0,14.0,11.0,0.0,0.0,0.0
starcoder-instruct-15B,I,MovieTicketDBSuccess.py,MovieTicketDB,Success,28.0,0.0,,5.0,0.0,1.0,1.0
starcoder-instruct-15B,I,MusicPlayerFail.py,MusicPlayer,Fail,0.0,0.0,,0.0,0.0,0.0,0.0
starcoder-instruct-15B,I,NLPDataProcessor2Fail.py,NLPDataProcessor2,Fail,12.0,0.0,,3.0,0.0,0.0,0.0
starcoder-instruct-15B,I,NLPDataProcessorFail.py,NLPDataProcessor,Fail,4.0,0.0,,3.0,0.0,0.0,0.0
starcoder-instruct-15B,I,NumberConverterFail.py,NumberConverter,Fail,13.0,30.0,,6.0,6.0,0.0,0.0
starcoder-instruct-15B,I,NumberWordFormatterFail.py,NumberWordFormatter,Fail,52.0,0.0,13.0,14.0,0.0,0.0,0.0
starcoder-instruct-15B,I,NumericEntityUnescaperFail.py,NumericEntityUnescaper,Fail,7.0,10.0,1.0,4.0,2.0,0.0,0.0
starcoder-instruct-15B,I,OrderFail.py,Order,Fail,11.0,0.0,1.0,4.0,0.0,0.0,0.0
starcoder-instruct-15B,I,PageUtilFail.py,PageUtil,Fail,28.0,0.0,,4.0,0.0,0.0,0.0
starcoder-instruct-15B,I,PDFHandlerFail.py,PDFHandler,Fail,0.0,0.0,,0.0,0.0,0.0,0.0
starcoder-instruct-15B,I,PersonRequestSuccess.py,PersonRequest,Success,17.0,26.0,5.0,10.0,7.0,1.0,0.8470588235294118
starcoder-instruct-15B,I,PushBoxGameFail.py,PushBoxGame,Fail,23.0,0.0,8.0,7.0,0.0,0.0,0.0
starcoder-instruct-15B,I,RegexUtilsFail.py,RegexUtils,Fail,0.0,0.0,,0.0,0.0,0.0,0.0
starcoder-instruct-15B,I,RPGCharacterFail.py,RPGCharacter,Fail,0.0,0.0,,0.0,0.0,0.0,0.0
starcoder-instruct-15B,I,ServerFail.py,Server,Fail,30.0,0.0,9.0,10.0,0.0,0.0,0.0
starcoder-instruct-15B,I,ShoppingCartFail.py,ShoppingCart,Fail,0.0,0.0,,0.0,0.0,0.0,0.0
starcoder-instruct-15B,I,SignInSystemSuccess.py,SignInSystem,Success,28.0,0.0,9.0,13.0,0.0,1.0,1.0
starcoder-instruct-15B,I,SnakeFail.py,Snake,Fail,0.0,0.0,,0.0,0.0,0.0,0.0
starcoder-instruct-15B,I,SplitSentenceFail.py,SplitSentence,Fail,0.0,0.0,,0.0,0.0,0.0,0.0
starcoder-instruct-15B,I,SQLGeneratorFail.py,SQLGenerator,Fail,6.0,0.0,,4.0,0.0,0.0,0.0
starcoder-instruct-15B,I,SQLQueryBuilderFail.py,SQLQueryBuilder,Fail,2.0,5.0,,1.0,1.0,0.0,0.0
starcoder-instruct-15B,I,Statistics3Fail.py,Statistics3,Fail,41.0,30.0,9.0,12.0,6.0,0.0,0.0
starcoder-instruct-15B,I,StockPortfolioTrackerFail.py,StockPortfolioTracker,Fail,29.0,0.0,12.0,15.0,0.0,0.0,0.0
starcoder-instruct-15B,I,StudentDatabaseProcessorFail.py,StudentDatabaseProcessor,Fail,8.0,0.0,,5.0,0.0,0.0,0.0
starcoder-instruct-15B,I,TextFileProcessorFail.py,TextFileProcessor,Fail,19.0,0.0,,6.0,0.0,0.0,0.0
starcoder-instruct-15B,I,ThermostatFail.py,Thermostat,Fail,39.0,0.0,13.0,15.0,0.0,0.0,0.0
starcoder-instruct-15B,I,TicTacToeFail.py,TicTacToe,Fail,31.0,2.0,17.0,15.0,1.0,0.0,0.0
starcoder-instruct-15B,I,TimeUtilsFail.py,TimeUtils,Fail,23.0,0.0,,8.0,0.0,0.0,0.0
starcoder-instruct-15B,I,TriCalculatorFail.py,TriCalculator,Fail,31.0,10.0,3.0,9.0,2.0,0.0,0.0
starcoder-instruct-15B,I,TwentyFourPointGameFail.py,TwentyFourPointGame,Fail,19.0,5.0,2.0,6.0,1.0,0.0,0.0
starcoder-instruct-15B,I,URLHandlerFail.py,URLHandler,Fail,8.0,0.0,,6.0,0.0,0.0,0.0
starcoder-instruct-15B,I,UrlPathFail.py,UrlPath,Fail,17.0,5.0,2.0,6.0,1.0,0.0,0.0
starcoder-instruct-15B,I,UserLoginDBFail.py,UserLoginDB,Fail,0.0,0.0,,0.0,0.0,0.0,0.0
starcoder-instruct-15B,I,VectorUtilFail.py,VectorUtil,Fail,10.0,20.0,,4.0,4.0,0.0,0.0
starcoder-instruct-15B,I,VendingMachineFail.py,VendingMachine,Fail,23.0,0.0,6.0,9.0,0.0,0.0,0.0
starcoder-instruct-15B,I,WarehouseFail.py,Warehouse,Fail,0.0,0.0,,0.0,0.0,0.0,0.0
starcoder-instruct-15B,I,WeatherSystemFail.py,WeatherSystem,Fail,0.0,0.0,,0.0,0.0,0.0,0.0
starcoder-instruct-15B,I,Words2NumbersFail.py,Words2Numbers,Fail,26.0,0.0,7.0,9.0,0.0,0.0,0.0
starcoder-instruct-15B,I,XMLProcessorFail.py,XMLProcessor,Fail,22.0,5.0,4.0,7.0,1.0,0.0,0.0
starcoder-instruct-15B,I,ZipFileProcessorFail.py,ZipFileProcessor,Fail,36.0,0.0,7.0,7.0,0.0,0.0,0.0
Vicuna,H,AccessGatewayFilterFail.py,AccessGatewayFilter,Fail,0.0,0.0,,0.0,0.0,0.0,0.0
Vicuna,H,AreaCalculatorFail.py,AreaCalculator,Fail,14.0,0.0,,6.0,0.0,0.0,0.0
Vicuna,H,ArgumentParserFail.py,ArgumentParser,Fail,0.0,0.0,,0.0,0.0,0.0,0.0
Vicuna,H,ArrangementCalculatorFail.py,ArrangementCalculator,Fail,0.0,0.0,,0.0,0.0,0.0,0.0
Vicuna,H,AssessmentSystemSuccess.py,AssessmentSystem,Success,0.0,0.0,,0.0,0.0,1.0,1.0
Vicuna,H,AutomaticGuitarSimulatorFail.py,AutomaticGuitarSimulator,Fail,0.0,0.0,,0.0,0.0,0.0,0.0
Vicuna,H,AvgPartitionFail.py,AvgPartition,Fail,18.0,5.0,4.0,5.0,1.0,0.0,0.0
Vicuna,H,BalancedBracketsFail.py,BalancedBrackets,Fail,15.0,0.0,4.0,6.0,0.0,0.0,0.0
Vicuna,H,BankAccountFail.py,BankAccount,Fail,0.0,0.0,,0.0,0.0,0.0,0.0
Vicuna,H,BigNumCalculatorFail.py,BigNumCalculator,Fail,38.0,10.0,15.0,12.0,2.0,0.0,0.0
Vicuna,H,BinaryDataProcessorFail.py,BinaryDataProcessor,Fail,0.0,0.0,,0.0,0.0,0.0,0.0
Vicuna,H,BitStatusUtilFail.py,BitStatusUtil,Fail,23.0,27.0,15.0,19.0,5.0,0.0,0.0
Vicuna,H,BlackjackGameFail.py,BlackjackGame,Fail,0.0,0.0,,0.0,0.0,0.0,0.0
Vicuna,H,BookManagementDBFail.py,BookManagementDB,Fail,25.0,5.0,,7.0,1.0,0.0,0.0
Vicuna,H,BookManagementFail.py,BookManagement,Fail,0.0,0.0,,0.0,0.0,0.0,0.0
Vicuna,H,BoyerMooreSearchFail.py,BoyerMooreSearch,Fail,30.0,6.0,15.0,13.0,3.0,0.0,0.0
Vicuna,H,CalculatorFail.py,Calculator,Fail,66.0,24.0,28.0,14.0,3.0,0.0,0.0
Vicuna,H,CalendarUtilFail.py,CalendarUtil,Fail,0.0,0.0,,0.0,0.0,0.0,0.0
Vicuna,H,CamelCaseMapFail.py,CamelCaseMap,Fail,18.0,0.0,2.0,10.0,0.0,0.0,0.0
Vicuna,H,ChandrasekharSieveFail.py,ChandrasekharSieve,Fail,17.0,0.0,8.0,7.0,0.0,0.0,0.0
Vicuna,H,ChatFail.py,Chat,Fail,38.0,0.0,6.0,12.0,0.0,0.0,0.0
Vicuna,H,ClassRegistrationSystemFail.py,ClassRegistrationSystem,Fail,0.0,0.0,,0.0,0.0,0.0,0.0
Vicuna,H,ClassroomFail.py,Classroom,Fail,0.0,0.0,,0.0,0.0,0.0,0.0
Vicuna,H,CombinationCalculatorFail.py,CombinationCalculator,Fail,0.0,0.0,,0.0,0.0,0.0,0.0
Vicuna,H,ComplexCalculatorFail.py,ComplexCalculator,Fail,15.0,5.0,,5.0,1.0,0.0,0.0
Vicuna,H,CookiesUtilFail.py,CookiesUtil,Fail,21.0,0.0,4.0,6.0,0.0,0.0,0.0
Vicuna,H,CSVProcessorFail.py,CSVProcessor,Fail,36.0,12.0,5.0,6.0,3.0,0.0,0.0
Vicuna,H,CurrencyConverterFail.py,CurrencyConverter,Fail,29.0,0.0,5.0,10.0,0.0,0.0,0.0
Vicuna,H,DatabaseProcessorFail.py,DatabaseProcessor,Fail,0.0,0.0,,0.0,0.0,0.0,0.0
Vicuna,H,DataStatistics2Fail.py,DataStatistics2,Fail,0.0,0.0,,0.0,0.0,0.0,0.0
Vicuna,H,DataStatistics4Fail.py,DataStatistics4,Fail,0.0,0.0,,0.0,0.0,0.0,0.0
Vicuna,H,DataStatisticsFail.py,DataStatistics,Fail,8.0,0.0,,3.0,0.0,0.0,0.0
Vicuna,H,DecryptionUtilsFail.py,DecryptionUtils,Fail,40.0,5.0,19.0,13.0,1.0,0.0,0.0
Vicuna,H,DiscountStrategyFail.py,DiscountStrategy,Fail,0.0,0.0,,0.0,0.0,0.0,0.0
Vicuna,H,DocFileHandlerFail.py,DocFileHandler,Fail,56.0,20.0,12.0,10.0,4.0,0.0,0.0
Vicuna,H,EightPuzzleFail.py,EightPuzzle,Fail,23.0,0.0,13.0,10.0,0.0,0.0,0.0
Vicuna,H,EmailClientFail.py,EmailClient,Fail,0.0,0.0,,0.0,0.0,0.0,0.0
Vicuna,H,EncryptionUtilsFail.py,EncryptionUtils,Fail,39.0,10.0,17.0,12.0,2.0,0.0,0.0
Vicuna,H,ExcelProcessorFail.py,ExcelProcessor,Fail,9.0,7.0,,4.0,2.0,0.0,0.0
Vicuna,H,ExpressionCalculatorFail.py,ExpressionCalculator,Fail,65.0,1.0,18.0,7.0,1.0,0.0,0.0
Vicuna,H,FitnessTrackerFail.py,FitnessTracker,Fail,29.0,7.0,10.0,9.0,2.0,0.0,0.0
Vicuna,H,GomokuGameFail.py,GomokuGame,Fail,0.0,0.0,,0.0,0.0,0.0,0.0
Vicuna,H,HotelSuccess.py,Hotel,Success,0.0,0.0,,0.0,0.0,1.0,1.0
Vicuna,H,HRManagementSystemFail.py,HRManagementSystem,Fail,0.0,0.0,,0.0,0.0,0.0,0.0
Vicuna,H,HtmlUtilFail.py,HtmlUtil,Fail,0.0,0.0,,0.0,0.0,0.0,0.0
Vicuna,H,ImageProcessorFail.py,ImageProcessor,Fail,22.0,0.0,1.0,7.0,0.0,0.0,0.0
Vicuna,H,InterpolationFail.py,Interpolation,Fail,11.0,5.0,,3.0,1.0,0.0,0.0
Vicuna,H,IPAddressFail.py,IPAddress,Fail,16.0,0.0,2.0,6.0,0.0,0.0,0.0
Vicuna,H,IpUtilFail.py,IpUtil,Fail,12.0,0.0,,3.0,0.0,0.0,0.0
Vicuna,H,JobMarketplaceFail.py,JobMarketplace,Fail,0.0,0.0,,0.0,0.0,0.0,0.0
Vicuna,H,JSONProcessorFail.py,JSONProcessor,Fail,0.0,0.0,,0.0,0.0,0.0,0.0
Vicuna,H,KappaCalculatorFail.py,KappaCalculator,Fail,8.0,6.0,,2.0,3.0,0.0,0.0
Vicuna,H,LemmatizationFail.py,Lemmatization,Fail,24.0,0.0,3.0,6.0,0.0,0.0,0.0
Vicuna,H,LongestWordFail.py,LongestWord,Fail,15.0,0.0,8.0,8.0,0.0,0.0,0.0
Vicuna,H,MahjongConnectFail.py,MahjongConnect,Fail,0.0,0.0,,0.0,0.0,0.0,0.0
Vicuna,H,ManacherFail.py,Manacher,Fail,22.0,5.0,6.0,9.0,1.0,0.0,0.0
Vicuna,H,MetricsCalculator2Fail.py,MetricsCalculator2,Fail,15.0,5.0,4.0,5.0,1.0,0.0,0.0
Vicuna,H,MetricsCalculatorFail.py,MetricsCalculator,Fail,19.0,40.0,,6.0,8.0,0.0,0.0
Vicuna,H,MinesweeperGameFail.py,MinesweeperGame,Fail,0.0,0.0,,0.0,0.0,0.0,0.0
Vicuna,H,MovieBookingSystemFail.py,MovieBookingSystem,Fail,0.0,0.0,,0.0,0.0,0.0,0.0
Vicuna,H,MovieTicketDBFail.py,MovieTicketDB,Fail,10.0,0.0,,5.0,0.0,0.0,0.0
Vicuna,H,MusicPlayerFail.py,MusicPlayer,Fail,0.0,0.0,,0.0,0.0,0.0,0.0
Vicuna,H,NLPDataProcessor2Fail.py,NLPDataProcessor2,Fail,17.0,5.0,1.0,6.0,1.0,0.0,0.0
Vicuna,H,NLPDataProcessorFail.py,NLPDataProcessor,Fail,13.0,0.0,3.0,5.0,0.0,0.0,0.0
Vicuna,H,NumberConverterFail.py,NumberConverter,Fail,0.0,0.0,,0.0,0.0,0.0,0.0
Vicuna,H,NumberWordFormatterFail.py,NumberWordFormatter,Fail,0.0,0.0,,0.0,0.0,0.0,0.0
Vicuna,H,NumericEntityUnescaperFail.py,NumericEntityUnescaper,Fail,14.0,5.0,5.0,7.0,1.0,0.0,0.0
Vicuna,H,OrderFail.py,Order,Fail,24.0,0.0,5.0,7.0,0.0,0.0,0.0
Vicuna,H,PageUtilFail.py,PageUtil,Fail,41.0,0.0,8.0,11.0,0.0,0.0,0.0
Vicuna,H,PDFHandlerFail.py,PDFHandler,Fail,0.0,0.0,,0.0,0.0,0.0,0.0
Vicuna,H,PersonRequestFail.py,PersonRequest,Fail,17.0,26.0,3.0,7.0,7.0,0.0,0.0
Vicuna,H,PushBoxGameFail.py,PushBoxGame,Fail,0.0,0.0,,0.0,0.0,0.0,0.0
Vicuna,H,RegexUtilsFail.py,RegexUtils,Fail,1.0,0.0,,0.0,0.0,0.0,0.0
Vicuna,H,RPGCharacterFail.py,RPGCharacter,Fail,29.0,0.0,1.0,7.0,0.0,0.0,0.0
Vicuna,H,ServerFail.py,Server,Fail,0.0,0.0,,0.0,0.0,0.0,0.0
Vicuna,H,ShoppingCartFail.py,ShoppingCart,Fail,17.0,0.0,4.0,8.0,0.0,0.0,0.0
Vicuna,H,SignInSystemFail.py,SignInSystem,Fail,24.0,0.0,6.0,12.0,0.0,0.0,0.0
Vicuna,H,SnakeFail.py,Snake,Fail,19.0,6.0,,5.0,3.0,0.0,0.0
Vicuna,H,SplitSentenceFail.py,SplitSentence,Fail,0.0,0.0,,0.0,0.0,0.0,0.0
Vicuna,H,SQLGeneratorFail.py,SQLGenerator,Fail,24.0,0.0,1.0,8.0,0.0,0.0,0.0
Vicuna,H,SQLQueryBuilderFail.py,SQLQueryBuilder,Fail,9.0,0.0,,4.0,0.0,0.0,0.0
Vicuna,H,Statistics3Fail.py,Statistics3,Fail,0.0,0.0,,0.0,0.0,0.0,0.0
Vicuna,H,StockPortfolioTrackerFail.py,StockPortfolioTracker,Fail,20.0,10.0,7.0,9.0,2.0,0.0,0.0
Vicuna,H,StudentDatabaseProcessorFail.py,StudentDatabaseProcessor,Fail,29.0,0.0,2.0,6.0,0.0,0.0,0.0
Vicuna,H,TextFileProcessorFail.py,TextFileProcessor,Fail,28.0,0.0,2.0,6.0,0.0,0.0,0.0
Vicuna,H,ThermostatFail.py,Thermostat,Fail,29.0,5.0,5.0,11.0,1.0,0.0,0.0
Vicuna,H,TicTacToeFail.py,TicTacToe,Fail,24.0,2.0,13.0,11.0,1.0,0.0,0.0
Vicuna,H,TimeUtilsFail.py,TimeUtils,Fail,0.0,0.0,,0.0,0.0,0.0,0.0
Vicuna,H,TriCalculatorFail.py,TriCalculator,Fail,15.0,30.0,,6.0,6.0,0.0,0.0
Vicuna,H,TwentyFourPointGameFail.py,TwentyFourPointGame,Fail,0.0,0.0,,0.0,0.0,0.0,0.0
Vicuna,H,URLHandlerFail.py,URLHandler,Fail,25.0,0.0,3.0,8.0,0.0,0.0,0.0
Vicuna,H,UrlPathFail.py,UrlPath,Fail,13.0,5.0,1.0,5.0,1.0,0.0,0.0
Vicuna,H,UserLoginDBFail.py,UserLoginDB,Fail,0.0,0.0,,0.0,0.0,0.0,0.0
Vicuna,H,VectorUtilFail.py,VectorUtil,Fail,0.0,0.0,,0.0,0.0,0.0,0.0
Vicuna,H,VendingMachineFail.py,VendingMachine,Fail,0.0,0.0,,0.0,0.0,0.0,0.0
Vicuna,H,WarehouseFail.py,Warehouse,Fail,9.0,0.0,,0.0,0.0,0.0,0.0
Vicuna,H,WeatherSystemFail.py,WeatherSystem,Fail,19.0,0.0,2.0,6.0,0.0,0.0,0.0
Vicuna,H,Words2NumbersFail.py,Words2Numbers,Fail,37.0,0.0,15.0,13.0,0.0,0.0,0.0
Vicuna,H,XMLProcessorFail.py,XMLProcessor,Fail,34.0,15.0,4.0,5.0,3.0,0.0,0.0
Vicuna,H,ZipFileProcessorFail.py,ZipFileProcessor,Fail,12.0,0.0,,5.0,0.0,0.0,0.0
Vicuna,C,AccessGatewayFilterFail.py,AccessGatewayFilter,Fail,16.0,5.0,6.0,7.0,1.0,0.0,0.0
Vicuna,C,AreaCalculatorFail.py,AreaCalculator,Fail,18.0,0.0,,6.0,0.0,0.0,0.0
Vicuna,C,ArgumentParserFail.py,ArgumentParser,Fail,0.0,0.0,,0.0,0.0,0.0,0.0
Vicuna,C,ArrangementCalculatorFail.py,ArrangementCalculator,Fail,28.0,10.0,9.0,11.0,2.0,0.0,0.0
Vicuna,C,AssessmentSystemSuccess.py,AssessmentSystem,Success,37.0,0.0,16.0,16.0,0.0,1.0,1.0
Vicuna,C,AutomaticGuitarSimulatorFail.py,AutomaticGuitarSimulator,Fail,16.0,5.0,5.0,6.0,1.0,0.0,0.0
Vicuna,C,AvgPartitionFail.py,AvgPartition,Fail,16.0,5.0,2.0,4.0,1.0,0.0,0.0
Vicuna,C,BalancedBracketsFail.py,BalancedBrackets,Fail,24.0,0.0,13.0,12.0,0.0,0.0,0.0
Vicuna,C,BankAccountFail.py,BankAccount,Fail,25.0,0.0,6.0,10.0,0.0,0.0,0.0
Vicuna,C,BigNumCalculatorFail.py,BigNumCalculator,Fail,24.0,15.0,11.0,10.0,3.0,0.0,0.0
Vicuna,C,BinaryDataProcessorFail.py,BinaryDataProcessor,Fail,34.0,0.0,10.0,10.0,0.0,0.0,0.0
Vicuna,C,BitStatusUtilFail.py,BitStatusUtil,Fail,0.0,0.0,,0.0,0.0,0.0,0.0
Vicuna,C,BlackjackGameFail.py,BlackjackGame,Fail,0.0,0.0,,0.0,0.0,0.0,0.0
Vicuna,C,BookManagementDBFail.py,BookManagementDB,Fail,42.0,5.0,2.0,8.0,1.0,0.0,0.0
Vicuna,C,BookManagementFail.py,BookManagement,Fail,32.0,0.0,17.0,14.0,0.0,0.0,0.0
Vicuna,C,BoyerMooreSearchFail.py,BoyerMooreSearch,Fail,39.0,25.0,15.0,15.0,11.0,0.0,0.0
Vicuna,C,CalculatorFail.py,Calculator,Fail,0.0,0.0,,0.0,0.0,0.0,0.0
Vicuna,C,CalendarUtilFail.py,CalendarUtil,Fail,0.0,0.0,,0.0,0.0,0.0,0.0
Vicuna,C,CamelCaseMapFail.py,CamelCaseMap,Fail,0.0,0.0,,0.0,0.0,0.0,0.0
Vicuna,C,ChandrasekharSieveFail.py,ChandrasekharSieve,Fail,17.0,0.0,8.0,7.0,0.0,0.0,0.0
Vicuna,C,ChatFail.py,Chat,Fail,22.0,0.0,6.0,7.0,0.0,0.0,0.0
Vicuna,C,ClassRegistrationSystemFail.py,ClassRegistrationSystem,Fail,0.0,0.0,,0.0,0.0,0.0,0.0
Vicuna,C,ClassroomFail.py,Classroom,Fail,36.0,0.0,18.0,16.0,0.0,0.0,0.0
Vicuna,C,CombinationCalculatorFail.py,CombinationCalculator,Fail,0.0,0.0,,0.0,0.0,0.0,0.0
Vicuna,C,ComplexCalculatorFail.py,ComplexCalculator,Fail,0.0,0.0,,0.0,0.0,0.0,0.0
Vicuna,C,CookiesUtilFail.py,CookiesUtil,Fail,24.0,0.0,2.0,4.0,0.0,0.0,0.0
Vicuna,C,CSVProcessorFail.py,CSVProcessor,Fail,42.0,22.0,5.0,6.0,5.0,0.0,0.0
Vicuna,C,CurrencyConverterFail.py,CurrencyConverter,Fail,28.0,0.0,3.0,7.0,0.0,0.0,0.0
Vicuna,C,DatabaseProcessorFail.py,DatabaseProcessor,Fail,38.0,0.0,3.0,5.0,0.0,0.0,0.0
Vicuna,C,DataStatistics2Fail.py,DataStatistics2,Fail,23.0,0.0,,7.0,0.0,0.0,0.0
Vicuna,C,DataStatistics4Fail.py,DataStatistics4,Fail,0.0,0.0,,0.0,0.0,0.0,0.0
Vicuna,C,DataStatisticsFail.py,DataStatistics,Fail,21.0,0.0,5.0,6.0,0.0,0.0,0.0
Vicuna,C,DecryptionUtilsFail.py,DecryptionUtils,Fail,28.0,0.0,12.0,11.0,0.0,0.0,0.0
Vicuna,C,DiscountStrategyFail.py,DiscountStrategy,Fail,20.0,10.0,4.0,7.0,2.0,0.0,0.0
Vicuna,C,DocFileHandlerFail.py,DocFileHandler,Fail,37.0,0.0,6.0,9.0,0.0,0.0,0.0
Vicuna,C,EightPuzzleFail.py,EightPuzzle,Fail,64.0,11.0,38.0,23.0,1.0,0.0,0.0
Vicuna,C,EmailClientFail.py,EmailClient,Fail,30.0,0.0,9.0,13.0,0.0,0.0,0.0
Vicuna,C,EncryptionUtilsFail.py,EncryptionUtils,Fail,32.0,0.0,15.0,12.0,0.0,0.0,0.0
Vicuna,C,ExcelProcessorFail.py,ExcelProcessor,Fail,36.0,12.0,9.0,9.0,3.0,0.0,0.0
Vicuna,C,ExpressionCalculatorFail.py,ExpressionCalculator,Fail,0.0,0.0,,0.0,0.0,0.0,0.0
Vicuna,C,FitnessTrackerFail.py,FitnessTracker,Fail,31.0,19.0,14.0,11.0,5.0,0.0,0.0
Vicuna,C,GomokuGameFail.py,GomokuGame,Fail,30.0,40.0,22.0,14.0,4.0,0.0,0.0
Vicuna,C,HotelSuccess.py,Hotel,Success,36.0,0.0,12.0,11.0,0.0,1.0,1.0
Vicuna,C,HRManagementSystemFail.py,HRManagementSystem,Fail,19.0,0.0,3.0,6.0,0.0,0.0,0.0
Vicuna,C,HtmlUtilFail.py,HtmlUtil,Fail,0.0,0.0,,0.0,0.0,0.0,0.0
Vicuna,C,ImageProcessorFail.py,ImageProcessor,Fail,43.0,0.0,7.0,11.0,0.0,0.0,0.0
Vicuna,C,InterpolationFail.py,Interpolation,Fail,0.0,0.0,,0.0,0.0,0.0,0.0
Vicuna,C,IPAddressFail.py,IPAddress,Fail,15.0,0.0,4.0,6.0,0.0,0.0,0.0
Vicuna,C,IpUtilFail.py,IpUtil,Fail,24.0,20.0,3.0,3.0,4.0,0.0,0.0
Vicuna,C,JobMarketplaceFail.py,JobMarketplace,Fail,0.0,0.0,,0.0,0.0,0.0,0.0
Vicuna,C,JSONProcessorFail.py,JSONProcessor,Fail,27.0,10.0,4.0,4.0,2.0,0.0,0.0
Vicuna,C,KappaCalculatorFail.py,KappaCalculator,Fail,13.0,16.0,,2.0,5.0,0.0,0.0
Vicuna,C,LemmatizationFail.py,Lemmatization,Fail,43.0,0.0,12.0,8.0,0.0,0.0,0.0
Vicuna,C,LongestWordFail.py,LongestWord,Fail,16.0,0.0,4.0,6.0,0.0,0.0,0.0
Vicuna,C,MahjongConnectFail.py,MahjongConnect,Fail,0.0,0.0,,0.0,0.0,0.0,0.0
Vicuna,C,ManacherFail.py,Manacher,Fail,10.0,5.0,2.0,4.0,1.0,0.0,0.0
Vicuna,C,MetricsCalculator2Fail.py,MetricsCalculator2,Fail,21.0,5.0,9.0,7.0,1.0,0.0,0.0
Vicuna,C,MetricsCalculatorFail.py,MetricsCalculator,Fail,19.0,30.0,,5.0,6.0,0.0,0.0
Vicuna,C,MinesweeperGameFail.py,MinesweeperGame,Fail,0.0,0.0,,0.0,0.0,0.0,0.0
Vicuna,C,MovieBookingSystemFail.py,MovieBookingSystem,Fail,20.0,0.0,6.0,8.0,0.0,0.0,0.0
Vicuna,C,MovieTicketDBFail.py,MovieTicketDB,Fail,26.0,0.0,1.0,5.0,0.0,0.0,0.0
Vicuna,C,MusicPlayerFail.py,MusicPlayer,Fail,0.0,0.0,,0.0,0.0,0.0,0.0
Vicuna,C,NLPDataProcessor2Fail.py,NLPDataProcessor2,Fail,23.0,0.0,3.0,7.0,0.0,0.0,0.0
Vicuna,C,NLPDataProcessorFail.py,NLPDataProcessor,Fail,23.0,5.0,12.0,9.0,1.0,0.0,0.0
Vicuna,C,NumberConverterFail.py,NumberConverter,Fail,0.0,0.0,,0.0,0.0,0.0,0.0
Vicuna,C,NumberWordFormatterFail.py,NumberWordFormatter,Fail,0.0,0.0,,0.0,0.0,0.0,0.0
Vicuna,C,NumericEntityUnescaperFail.py,NumericEntityUnescaper,Fail,14.0,10.0,4.0,6.0,2.0,0.0,0.0
Vicuna,C,OrderFail.py,Order,Fail,27.0,0.0,8.0,10.0,0.0,0.0,0.0
Vicuna,C,PageUtilFail.py,PageUtil,Fail,29.0,5.0,6.0,8.0,1.0,0.0,0.0
Vicuna,C,PDFHandlerFail.py,PDFHandler,Fail,22.0,0.0,4.0,6.0,0.0,0.0,0.0
Vicuna,C,PersonRequestFail.py,PersonRequest,Fail,0.0,0.0,,0.0,0.0,0.0,0.0
Vicuna,C,PushBoxGameFail.py,PushBoxGame,Fail,44.0,0.0,18.0,12.0,0.0,0.0,0.0
Vicuna,C,RegexUtilsFail.py,RegexUtils,Fail,37.0,15.0,2.0,12.0,3.0,0.0,0.0
Vicuna,C,RPGCharacterFail.py,RPGCharacter,Fail,0.0,0.0,,0.0,0.0,0.0,0.0
Vicuna,C,ServerFail.py,Server,Fail,0.0,0.0,,0.0,0.0,0.0,0.0
Vicuna,C,ShoppingCartFail.py,ShoppingCart,Fail,0.0,0.0,,0.0,0.0,0.0,0.0
Vicuna,C,SignInSystemFail.py,SignInSystem,Fail,26.0,0.0,7.0,11.0,0.0,0.0,0.0
Vicuna,C,SnakeFail.py,Snake,Fail,0.0,0.0,,0.0,0.0,0.0,0.0
Vicuna,C,SplitSentenceFail.py,SplitSentence,Fail,19.0,5.0,6.0,10.0,1.0,0.0,0.0
Vicuna,C,SQLGeneratorFail.py,SQLGenerator,Fail,16.0,0.0,,7.0,0.0,0.0,0.0
Vicuna,C,SQLQueryBuilderFail.py,SQLQueryBuilder,Fail,17.0,20.0,4.0,7.0,4.0,0.0,0.0
Vicuna,C,Statistics3Fail.py,Statistics3,Fail,39.0,25.0,13.0,15.0,5.0,0.0,0.0
Vicuna,C,StockPortfolioTrackerFail.py,StockPortfolioTracker,Fail,0.0,0.0,,0.0,0.0,0.0,0.0
Vicuna,C,StudentDatabaseProcessorFail.py,StudentDatabaseProcessor,Fail,0.0,0.0,,0.0,0.0,0.0,0.0
Vicuna,C,TextFileProcessorFail.py,TextFileProcessor,Fail,29.0,0.0,4.0,6.0,0.0,0.0,0.0
Vicuna,C,ThermostatFail.py,Thermostat,Fail,49.0,10.0,17.0,15.0,1.0,0.0,0.0
Vicuna,C,TicTacToeFail.py,TicTacToe,Fail,28.0,7.0,19.0,16.0,2.0,0.0,0.0
Vicuna,C,TimeUtilsFail.py,TimeUtils,Fail,32.0,0.0,1.0,8.0,0.0,0.0,0.0
Vicuna,C,TriCalculatorFail.py,TriCalculator,Fail,0.0,0.0,,0.0,0.0,0.0,0.0
Vicuna,C,TwentyFourPointGameFail.py,TwentyFourPointGame,Fail,20.0,0.0,6.0,9.0,0.0,0.0,0.0
Vicuna,C,URLHandlerFail.py,URLHandler,Fail,14.0,0.0,,7.0,0.0,0.0,0.0
Vicuna,C,UrlPathFail.py,UrlPath,Fail,15.0,10.0,,4.0,2.0,0.0,0.0
Vicuna,C,UserLoginDBFail.py,UserLoginDB,Fail,30.0,0.0,2.0,6.0,0.0,0.0,0.0
Vicuna,C,VectorUtilFail.py,VectorUtil,Fail,25.0,20.0,2.0,6.0,4.0,0.0,0.0
Vicuna,C,VendingMachineFail.py,VendingMachine,Fail,27.0,0.0,9.0,8.0,0.0,0.0,0.0
Vicuna,C,WarehouseFail.py,Warehouse,Fail,41.0,0.0,16.0,15.0,0.0,0.0,0.0
Vicuna,C,WeatherSystemFail.py,WeatherSystem,Fail,17.0,0.0,4.0,6.0,0.0,0.0,0.0
Vicuna,C,Words2NumbersFail.py,Words2Numbers,Fail,19.0,0.0,4.0,5.0,0.0,0.0,0.0
Vicuna,C,XMLProcessorFail.py,XMLProcessor,Fail,0.0,0.0,,0.0,0.0,0.0,0.0
Vicuna,C,ZipFileProcessorFail.py,ZipFileProcessor,Fail,27.0,10.0,4.0,6.0,2.0,0.0,0.0
Vicuna,I,AccessGatewayFilterFail.py,AccessGatewayFilter,Fail,22.0,10.0,5.0,6.0,2.0,0.0,0.0
Vicuna,I,AreaCalculatorFail.py,AreaCalculator,Fail,23.0,0.0,,6.0,0.0,0.0,0.0
Vicuna,I,ArgumentParserFail.py,ArgumentParser,Fail,20.0,0.0,5.0,8.0,0.0,0.0,0.0
Vicuna,I,ArrangementCalculatorFail.py,ArrangementCalculator,Fail,27.0,35.0,6.0,11.0,5.0,0.0,0.0
Vicuna,I,AssessmentSystemSuccess.py,AssessmentSystem,Success,40.0,5.0,32.0,19.0,1.0,1.0,0.9875
Vicuna,I,AutomaticGuitarSimulatorFail.py,AutomaticGuitarSimulator,Fail,20.0,10.0,8.0,8.0,2.0,0.0,0.0
Vicuna,I,AvgPartitionFail.py,AvgPartition,Fail,13.0,10.0,,3.0,2.0,0.0,0.0
Vicuna,I,BalancedBracketsFail.py,BalancedBrackets,Fail,25.0,0.0,12.0,12.0,0.0,0.0,0.0
Vicuna,I,BankAccountFail.py,BankAccount,Fail,24.0,0.0,6.0,8.0,0.0,0.0,0.0
Vicuna,I,BigNumCalculatorFail.py,BigNumCalculator,Fail,7.0,15.0,,3.0,3.0,0.0,0.0
Vicuna,I,BinaryDataProcessorFail.py,BinaryDataProcessor,Fail,30.0,15.0,6.0,9.0,3.0,0.0,0.0
Vicuna,I,BitStatusUtilFail.py,BitStatusUtil,Fail,23.0,26.0,8.0,13.0,5.0,0.0,0.0
Vicuna,I,BlackjackGameFail.py,BlackjackGame,Fail,39.0,5.0,23.0,13.0,1.0,0.0,0.0
Vicuna,I,BookManagementDBFail.py,BookManagementDB,Fail,36.0,5.0,,7.0,1.0,0.0,0.0
Vicuna,I,BookManagementFail.py,BookManagement,Fail,22.0,0.0,13.0,8.0,0.0,0.0,0.0
Vicuna,I,BoyerMooreSearchFail.py,BoyerMooreSearch,Fail,34.0,27.0,14.0,11.0,9.0,0.0,0.0
Vicuna,I,CalculatorFail.py,Calculator,Fail,35.0,5.0,8.0,6.0,1.0,0.0,0.0
Vicuna,I,CalendarUtilFail.py,CalendarUtil,Fail,0.0,0.0,,0.0,0.0,0.0,0.0
Vicuna,I,CamelCaseMapFail.py,CamelCaseMap,Fail,0.0,0.0,,0.0,0.0,0.0,0.0
Vicuna,I,ChandrasekharSieveFail.py,ChandrasekharSieve,Fail,17.0,0.0,8.0,7.0,0.0,0.0,0.0
Vicuna,I,ChatFail.py,Chat,Fail,27.0,5.0,10.0,12.0,1.0,0.0,0.0
Vicuna,I,ClassRegistrationSystemFail.py,ClassRegistrationSystem,Fail,37.0,0.0,11.0,14.0,0.0,0.0,0.0
Vicuna,I,ClassroomFail.py,Classroom,Fail,28.0,0.0,11.0,13.0,0.0,0.0,0.0
Vicuna,I,CombinationCalculatorFail.py,CombinationCalculator,Fail,26.0,20.0,4.0,9.0,4.0,0.0,0.0
Vicuna,I,ComplexCalculatorFail.py,ComplexCalculator,Fail,28.0,20.0,,5.0,4.0,0.0,0.0
Vicuna,I,CookiesUtilFail.py,CookiesUtil,Fail,13.0,0.0,,3.0,0.0,0.0,0.0
Vicuna,I,CSVProcessorFail.py,CSVProcessor,Fail,25.0,15.0,3.0,4.0,3.0,0.0,0.0
Vicuna,I,CurrencyConverterFail.py,CurrencyConverter,Fail,30.0,5.0,3.0,7.0,1.0,0.0,0.0
Vicuna,I,DatabaseProcessorFail.py,DatabaseProcessor,Fail,35.0,10.0,4.0,5.0,2.0,0.0,0.0
Vicuna,I,DataStatistics2Fail.py,DataStatistics2,Fail,17.0,0.0,,7.0,0.0,0.0,0.0
Vicuna,I,DataStatistics4Fail.py,DataStatistics4,Fail,15.0,10.0,2.0,5.0,2.0,0.0,0.0
Vicuna,I,DataStatisticsFail.py,DataStatistics,Fail,30.0,14.0,11.0,12.0,2.0,0.0,0.0
Vicuna,I,DecryptionUtilsFail.py,DecryptionUtils,Fail,28.0,5.0,13.0,11.0,1.0,0.0,0.0
Vicuna,I,DiscountStrategyFail.py,DiscountStrategy,Fail,17.0,10.0,4.0,5.0,2.0,0.0,0.0
Vicuna,I,DocFileHandlerFail.py,DocFileHandler,Fail,33.0,15.0,6.0,9.0,3.0,0.0,0.0
Vicuna,I,EightPuzzleFail.py,EightPuzzle,Fail,51.0,5.0,21.0,15.0,1.0,0.0,0.0
Vicuna,I,EmailClientFail.py,EmailClient,Fail,32.0,0.0,5.0,10.0,0.0,0.0,0.0
Vicuna,I,EncryptionUtilsFail.py,EncryptionUtils,Fail,30.0,5.0,3.0,7.0,1.0,0.0,0.0
Vicuna,I,ExcelProcessorFail.py,ExcelProcessor,Fail,28.0,27.0,4.0,6.0,6.0,0.0,0.0
Vicuna,I,ExpressionCalculatorFail.py,ExpressionCalculator,Fail,0.0,0.0,,0.0,0.0,0.0,0.0
Vicuna,I,FitnessTrackerFail.py,FitnessTracker,Fail,32.0,9.0,12.0,10.0,3.0,0.0,0.0
Vicuna,I,GomokuGameFail.py,GomokuGame,Fail,28.0,19.0,36.0,14.0,1.0,0.0,0.0
Vicuna,I,HotelSuccess.py,Hotel,Success,43.0,6.0,12.0,11.0,1.0,1.0,0.986046511627907
Vicuna,I,HRManagementSystemFail.py,HRManagementSystem,Fail,0.0,0.0,,0.0,0.0,0.0,0.0
Vicuna,I,HtmlUtilFail.py,HtmlUtil,Fail,49.0,21.0,9.0,5.0,4.0,0.0,0.0
Vicuna,I,ImageProcessorFail.py,ImageProcessor,Fail,0.0,0.0,,0.0,0.0,0.0,0.0
Vicuna,I,InterpolationFail.py,Interpolation,Fail,0.0,0.0,,0.0,0.0,0.0,0.0
Vicuna,I,IPAddressFail.py,IPAddress,Fail,15.0,0.0,4.0,6.0,0.0,0.0,0.0
Vicuna,I,IpUtilFail.py,IpUtil,Fail,27.0,15.0,8.0,4.0,3.0,0.0,0.0
Vicuna,I,JobMarketplaceFail.py,JobMarketplace,Fail,0.0,0.0,,0.0,0.0,0.0,0.0
Vicuna,I,JSONProcessorFail.py,JSONProcessor,Fail,16.0,5.0,2.0,2.0,1.0,0.0,0.0
Vicuna,I,KappaCalculatorFail.py,KappaCalculator,Fail,6.0,16.0,,2.0,5.0,0.0,0.0
Vicuna,I,LemmatizationFail.py,Lemmatization,Fail,53.0,15.0,18.0,10.0,1.0,0.0,0.0
Vicuna,I,LongestWordFail.py,LongestWord,Fail,17.0,2.0,4.0,6.0,1.0,0.0,0.0
Vicuna,I,MahjongConnectFail.py,MahjongConnect,Fail,0.0,0.0,,0.0,0.0,0.0,0.0
Vicuna,I,ManacherFail.py,Manacher,Fail,0.0,0.0,,0.0,0.0,0.0,0.0
Vicuna,I,MetricsCalculator2Fail.py,MetricsCalculator2,Fail,0.0,0.0,,0.0,0.0,0.0,0.0
Vicuna,I,MetricsCalculatorFail.py,MetricsCalculator,Fail,27.0,0.0,,4.0,0.0,0.0,0.0
Vicuna,I,MinesweeperGameFail.py,MinesweeperGame,Fail,0.0,0.0,,0.0,0.0,0.0,0.0
Vicuna,I,MovieBookingSystemFail.py,MovieBookingSystem,Fail,29.0,10.0,23.0,14.0,1.0,0.0,0.0
Vicuna,I,MovieTicketDBFail.py,MovieTicketDB,Fail,27.0,10.0,,5.0,2.0,0.0,0.0
Vicuna,I,MusicPlayerFail.py,MusicPlayer,Fail,0.0,0.0,,0.0,0.0,0.0,0.0
Vicuna,I,NLPDataProcessor2Fail.py,NLPDataProcessor2,Fail,24.0,0.0,,6.0,0.0,0.0,0.0
Vicuna,I,NLPDataProcessorFail.py,NLPDataProcessor,Fail,14.0,5.0,1.0,5.0,1.0,0.0,0.0
Vicuna,I,NumberConverterFail.py,NumberConverter,Fail,20.0,45.0,2.0,8.0,9.0,0.0,0.0
Vicuna,I,NumberWordFormatterFail.py,NumberWordFormatter,Fail,35.0,0.0,10.0,10.0,0.0,0.0,0.0
Vicuna,I,NumericEntityUnescaperFail.py,NumericEntityUnescaper,Fail,5.0,10.0,,2.0,2.0,0.0,0.0
Vicuna,I,OrderFail.py,Order,Fail,22.0,0.0,8.0,7.0,0.0,0.0,0.0
Vicuna,I,PageUtilFail.py,PageUtil,Fail,12.0,0.0,2.0,4.0,0.0,0.0,0.0
Vicuna,I,PDFHandlerFail.py,PDFHandler,Fail,26.0,5.0,6.0,7.0,1.0,0.0,0.0
Vicuna,I,PersonRequestSuccess.py,PersonRequest,Success,21.0,36.0,5.0,9.0,9.0,1.0,0.8285714285714285
Vicuna,I,PushBoxGameFail.py,PushBoxGame,Fail,39.0,0.0,14.0,11.0,0.0,0.0,0.0
Vicuna,I,RegexUtilsFail.py,RegexUtils,Fail,0.0,0.0,,0.0,0.0,0.0,0.0
Vicuna,I,RPGCharacterFail.py,RPGCharacter,Fail,34.0,0.0,3.0,8.0,0.0,0.0,0.0
Vicuna,I,ServerFail.py,Server,Fail,29.0,1.0,9.0,9.0,1.0,0.0,0.0
Vicuna,I,ShoppingCartFail.py,ShoppingCart,Fail,21.0,0.0,9.0,8.0,0.0,0.0,0.0
Vicuna,I,SignInSystemFail.py,SignInSystem,Fail,21.0,0.0,7.0,10.0,0.0,0.0,0.0
Vicuna,I,SnakeFail.py,Snake,Fail,23.0,6.0,3.0,5.0,3.0,0.0,0.0
Vicuna,I,SplitSentenceFail.py,SplitSentence,Fail,21.0,5.0,7.0,9.0,1.0,0.0,0.0
Vicuna,I,SQLGeneratorFail.py,SQLGenerator,Fail,30.0,8.0,2.0,9.0,1.0,0.0,0.0
Vicuna,I,SQLQueryBuilderFail.py,SQLQueryBuilder,Fail,0.0,0.0,,0.0,0.0,0.0,0.0
Vicuna,I,Statistics3Fail.py,Statistics3,Fail,0.0,0.0,,0.0,0.0,0.0,0.0
Vicuna,I,StockPortfolioTrackerFail.py,StockPortfolioTracker,Fail,0.0,0.0,,0.0,0.0,0.0,0.0
Vicuna,I,StudentDatabaseProcessorFail.py,StudentDatabaseProcessor,Fail,41.0,0.0,4.0,5.0,0.0,0.0,0.0
Vicuna,I,TextFileProcessorFail.py,TextFileProcessor,Fail,20.0,0.0,3.0,6.0,0.0,0.0,0.0
Vicuna,I,ThermostatFail.py,Thermostat,Fail,47.0,5.0,11.0,14.0,1.0,0.0,0.0
Vicuna,I,TicTacToeFail.py,TicTacToe,Fail,0.0,0.0,,0.0,0.0,0.0,0.0
Vicuna,I,TimeUtilsFail.py,TimeUtils,Fail,0.0,0.0,,0.0,0.0,0.0,0.0
Vicuna,I,TriCalculatorFail.py,TriCalculator,Fail,24.0,11.0,11.0,12.0,2.0,0.0,0.0
Vicuna,I,TwentyFourPointGameFail.py,TwentyFourPointGame,Fail,10.0,0.0,,4.0,0.0,0.0,0.0
Vicuna,I,URLHandlerFail.py,URLHandler,Fail,11.0,5.0,,5.0,1.0,0.0,0.0
Vicuna,I,UrlPathFail.py,UrlPath,Fail,0.0,0.0,,0.0,0.0,0.0,0.0
Vicuna,I,UserLoginDBFail.py,UserLoginDB,Fail,25.0,0.0,2.0,7.0,0.0,0.0,0.0
Vicuna,I,VectorUtilFail.py,VectorUtil,Fail,21.0,30.0,2.0,6.0,6.0,0.0,0.0
Vicuna,I,VendingMachineFail.py,VendingMachine,Fail,0.0,0.0,,0.0,0.0,0.0,0.0
Vicuna,I,WarehouseFail.py,Warehouse,Fail,34.0,0.0,13.0,11.0,0.0,0.0,0.0
Vicuna,I,WeatherSystemFail.py,WeatherSystem,Fail,16.0,0.0,2.0,5.0,0.0,0.0,0.0
Vicuna,I,Words2NumbersFail.py,Words2Numbers,Fail,35.0,0.0,13.0,11.0,0.0,0.0,0.0
Vicuna,I,XMLProcessorFail.py,XMLProcessor,Fail,49.0,5.0,7.0,7.0,1.0,0.0,0.0
Vicuna,I,ZipFileProcessorFail.py,ZipFileProcessor,Fail,48.0,0.0,18.0,12.0,0.0,0.0,0.0
WizardCoder-15B-V1.0,H,AccessGatewayFilterFail.py,AccessGatewayFilter,Fail,25.0,10.0,9.0,11.0,4.0,0.0,0.0
WizardCoder-15B-V1.0,H,AreaCalculatorFail.py,AreaCalculator,Fail,9.0,0.0,,6.0,0.0,0.0,0.0
WizardCoder-15B-V1.0,H,ArgumentParserFail.py,ArgumentParser,Fail,9.0,0.0,,5.0,0.0,0.0,0.0
WizardCoder-15B-V1.0,H,ArrangementCalculatorFail.py,ArrangementCalculator,Fail,25.0,0.0,6.0,10.0,0.0,0.0,0.0
WizardCoder-15B-V1.0,H,AssessmentSystemSuccess.py,AssessmentSystem,Success,41.0,0.0,18.0,18.0,0.0,1.0,1.0
WizardCoder-15B-V1.0,H,AutomaticGuitarSimulatorFail.py,AutomaticGuitarSimulator,Fail,5.0,0.0,,3.0,0.0,0.0,0.0
WizardCoder-15B-V1.0,H,AvgPartitionSuccess.py,AvgPartition,Success,13.0,5.0,1.0,4.0,1.0,1.0,0.9615384615384616
WizardCoder-15B-V1.0,H,BalancedBracketsSuccess.py,BalancedBrackets,Success,19.0,0.0,10.0,7.0,0.0,1.0,1.0
WizardCoder-15B-V1.0,H,BankAccountSuccess.py,BankAccount,Success,0.0,0.0,,0.0,0.0,1.0,1.0
WizardCoder-15B-V1.0,H,BigNumCalculatorFail.py,BigNumCalculator,Fail,7.0,0.0,,3.0,0.0,0.0,0.0
WizardCoder-15B-V1.0,H,BinaryDataProcessorFail.py,BinaryDataProcessor,Fail,15.0,0.0,,5.0,0.0,0.0,0.0
WizardCoder-15B-V1.0,H,BitStatusUtilFail.py,BitStatusUtil,Fail,12.0,0.0,4.0,7.0,0.0,0.0,0.0
WizardCoder-15B-V1.0,H,BlackjackGameFail.py,BlackjackGame,Fail,9.0,0.0,,4.0,0.0,0.0,0.0
WizardCoder-15B-V1.0,H,BookManagementDBFail.py,BookManagementDB,Fail,12.0,0.0,,7.0,0.0,0.0,0.0
WizardCoder-15B-V1.0,H,BookManagementFail.py,BookManagement,Fail,7.0,0.0,,5.0,0.0,0.0,0.0
WizardCoder-15B-V1.0,H,BoyerMooreSearchFail.py,BoyerMooreSearch,Fail,7.0,0.0,3.0,3.0,0.0,0.0,0.0
WizardCoder-15B-V1.0,H,CalculatorFail.py,Calculator,Fail,53.0,9.0,24.0,15.0,1.0,0.0,0.0
WizardCoder-15B-V1.0,H,CalendarUtilFail.py,CalendarUtil,Fail,0.0,0.0,,0.0,0.0,0.0,0.0
WizardCoder-15B-V1.0,H,CamelCaseMapFail.py,CamelCaseMap,Fail,18.0,0.0,,8.0,0.0,0.0,0.0
WizardCoder-15B-V1.0,H,ChandrasekharSieveSuccess.py,ChandrasekharSieve,Success,6.0,0.0,,3.0,0.0,1.0,1.0
WizardCoder-15B-V1.0,H,ChatFail.py,Chat,Fail,8.0,0.0,,5.0,0.0,0.0,0.0
WizardCoder-15B-V1.0,H,ClassRegistrationSystemFail.py,ClassRegistrationSystem,Fail,0.0,0.0,,0.0,0.0,0.0,0.0
WizardCoder-15B-V1.0,H,ClassroomFail.py,Classroom,Fail,35.0,0.0,12.0,14.0,0.0,0.0,0.0
WizardCoder-15B-V1.0,H,CombinationCalculatorFail.py,CombinationCalculator,Fail,24.0,6.0,4.0,8.0,3.0,0.0,0.0
WizardCoder-15B-V1.0,H,ComplexCalculatorFail.py,ComplexCalculator,Fail,11.0,5.0,,5.0,1.0,0.0,0.0
WizardCoder-15B-V1.0,H,CookiesUtilFail.py,CookiesUtil,Fail,20.0,0.0,1.0,5.0,0.0,0.0,0.0
WizardCoder-15B-V1.0,H,CSVProcessorFail.py,CSVProcessor,Fail,7.0,7.0,,4.0,2.0,0.0,0.0
WizardCoder-15B-V1.0,H,CurrencyConverterFail.py,CurrencyConverter,Fail,26.0,0.0,4.0,9.0,0.0,0.0,0.0
WizardCoder-15B-V1.0,H,DatabaseProcessorFail.py,DatabaseProcessor,Fail,9.0,0.0,,5.0,0.0,0.0,0.0
WizardCoder-15B-V1.0,H,DataStatistics2Fail.py,DataStatistics2,Fail,23.0,0.0,,7.0,0.0,0.0,0.0
WizardCoder-15B-V1.0,H,DataStatistics4Fail.py,DataStatistics4,Fail,46.0,5.0,1.0,9.0,1.0,0.0,0.0
WizardCoder-15B-V1.0,H,DataStatisticsSuccess.py,DataStatistics,Success,15.0,0.0,2.0,5.0,0.0,1.0,1.0
WizardCoder-15B-V1.0,H,DecryptionUtilsFail.py,DecryptionUtils,Fail,16.0,0.0,8.0,7.0,0.0,0.0,0.0
WizardCoder-15B-V1.0,H,DiscountStrategyFail.py,DiscountStrategy,Fail,35.0,20.0,7.0,12.0,4.0,0.0,0.0
WizardCoder-15B-V1.0,H,DocFileHandlerFail.py,DocFileHandler,Fail,56.0,10.0,10.0,10.0,2.0,0.0,0.0
WizardCoder-15B-V1.0,H,EightPuzzleFail.py,EightPuzzle,Fail,8.0,0.0,,5.0,0.0,0.0,0.0
WizardCoder-15B-V1.0,H,EmailClientFail.py,EmailClient,Fail,11.0,0.0,,6.0,0.0,0.0,0.0
WizardCoder-15B-V1.0,H,EncryptionUtilsSuccess.py,EncryptionUtils,Success,53.0,16.0,42.0,18.0,1.0,1.0,0.969811320754717
WizardCoder-15B-V1.0,H,ExcelProcessorFail.py,ExcelProcessor,Fail,7.0,7.0,,4.0,2.0,0.0,0.0
WizardCoder-15B-V1.0,H,ExpressionCalculatorFail.py,ExpressionCalculator,Fail,0.0,0.0,,0.0,0.0,0.0,0.0
WizardCoder-15B-V1.0,H,FitnessTrackerFail.py,FitnessTracker,Fail,13.0,7.0,,4.0,2.0,0.0,0.0
WizardCoder-15B-V1.0,H,GomokuGameFail.py,GomokuGame,Fail,8.0,0.0,,4.0,0.0,0.0,0.0
WizardCoder-15B-V1.0,H,HotelFail.py,Hotel,Fail,9.0,0.0,,5.0,0.0,0.0,0.0
WizardCoder-15B-V1.0,H,HRManagementSystemFail.py,HRManagementSystem,Fail,0.0,0.0,,0.0,0.0,0.0,0.0
WizardCoder-15B-V1.0,H,HtmlUtilFail.py,HtmlUtil,Fail,37.0,0.0,8.0,9.0,0.0,0.0,0.0
WizardCoder-15B-V1.0,H,ImageProcessorFail.py,ImageProcessor,Fail,9.0,0.0,,6.0,0.0,0.0,0.0
WizardCoder-15B-V1.0,H,InterpolationFail.py,Interpolation,Fail,0.0,0.0,,0.0,0.0,0.0,0.0
WizardCoder-15B-V1.0,H,IPAddressFail.py,IPAddress,Fail,6.0,0.0,,4.0,0.0,0.0,0.0
WizardCoder-15B-V1.0,H,IpUtilFail.py,IpUtil,Fail,24.0,0.0,3.0,3.0,0.0,0.0,0.0
WizardCoder-15B-V1.0,H,JobMarketplaceFail.py,JobMarketplace,Fail,10.0,0.0,,7.0,0.0,0.0,0.0
WizardCoder-15B-V1.0,H,JSONProcessorFail.py,JSONProcessor,Fail,37.0,0.0,7.0,6.0,0.0,0.0,0.0
WizardCoder-15B-V1.0,H,KappaCalculatorFail.py,KappaCalculator,Fail,0.0,0.0,,0.0,0.0,0.0,0.0
WizardCoder-15B-V1.0,H,LemmatizationFail.py,Lemmatization,Fail,34.0,0.0,7.0,6.0,0.0,0.0,0.0
WizardCoder-15B-V1.0,H,LongestWordFail.py,LongestWord,Fail,16.0,0.0,6.0,6.0,0.0,0.0,0.0
WizardCoder-15B-V1.0,H,MahjongConnectFail.py,MahjongConnect,Fail,0.0,0.0,,0.0,0.0,0.0,0.0
WizardCoder-15B-V1.0,H,ManacherFail.py,Manacher,Fail,22.0,0.0,8.0,10.0,0.0,0.0,0.0
WizardCoder-15B-V1.0,H,MetricsCalculator2Fail.py,MetricsCalculator2,Fail,50.0,15.0,17.0,11.0,3.0,0.0,0.0
WizardCoder-15B-V1.0,H,MetricsCalculatorFail.py,MetricsCalculator,Fail,34.0,30.0,8.0,10.0,6.0,0.0,0.0
WizardCoder-15B-V1.0,H,MinesweeperGameFail.py,MinesweeperGame,Fail,0.0,0.0,,0.0,0.0,0.0,0.0
WizardCoder-15B-V1.0,H,MovieBookingSystemFail.py,MovieBookingSystem,Fail,8.0,0.0,,4.0,0.0,0.0,0.0
WizardCoder-15B-V1.0,H,MovieTicketDBFail.py,MovieTicketDB,Fail,10.0,0.0,,5.0,0.0,0.0,0.0
WizardCoder-15B-V1.0,H,MusicPlayerFail.py,MusicPlayer,Fail,13.0,0.0,,9.0,0.0,0.0,0.0
WizardCoder-15B-V1.0,H,NLPDataProcessor2Success.py,NLPDataProcessor2,Success,0.0,0.0,,0.0,0.0,1.0,1.0
WizardCoder-15B-V1.0,H,NLPDataProcessorFail.py,NLPDataProcessor,Fail,4.0,0.0,,3.0,0.0,0.0,0.0
WizardCoder-15B-V1.0,H,NumberConverterFail.py,NumberConverter,Fail,13.0,0.0,,6.0,0.0,0.0,0.0
WizardCoder-15B-V1.0,H,NumberWordFormatterFail.py,NumberWordFormatter,Fail,14.0,0.0,,6.0,0.0,0.0,0.0
WizardCoder-15B-V1.0,H,NumericEntityUnescaperFail.py,NumericEntityUnescaper,Fail,42.0,35.0,43.0,19.0,2.0,0.0,0.0
WizardCoder-15B-V1.0,H,OrderFail.py,Order,Fail,26.0,5.0,13.0,10.0,1.0,0.0,0.0
WizardCoder-15B-V1.0,H,PageUtilFail.py,PageUtil,Fail,0.0,0.0,,0.0,0.0,0.0,0.0
WizardCoder-15B-V1.0,H,PDFHandlerFail.py,PDFHandler,Fail,7.0,0.0,,3.0,0.0,0.0,0.0
WizardCoder-15B-V1.0,H,PersonRequestSuccess.py,PersonRequest,Success,17.0,26.0,5.0,10.0,7.0,1.0,0.8470588235294118
WizardCoder-15B-V1.0,H,PushBoxGameFail.py,PushBoxGame,Fail,13.0,0.0,,4.0,0.0,0.0,0.0
WizardCoder-15B-V1.0,H,RegexUtilsFail.py,RegexUtils,Fail,12.0,0.0,,10.0,0.0,0.0,0.0
WizardCoder-15B-V1.0,H,RPGCharacterFail.py,RPGCharacter,Fail,13.0,0.0,,6.0,0.0,0.0,0.0
WizardCoder-15B-V1.0,H,ServerFail.py,Server,Fail,10.0,0.0,,6.0,0.0,0.0,0.0
WizardCoder-15B-V1.0,H,ShoppingCartFail.py,ShoppingCart,Fail,7.0,0.0,,5.0,0.0,0.0,0.0
WizardCoder-15B-V1.0,H,SignInSystemFail.py,SignInSystem,Fail,8.0,0.0,,6.0,0.0,0.0,0.0
WizardCoder-15B-V1.0,H,SnakeFail.py,Snake,Fail,14.0,6.0,,5.0,3.0,0.0,0.0
WizardCoder-15B-V1.0,H,SplitSentenceFail.py,SplitSentence,Fail,0.0,0.0,,0.0,0.0,0.0,0.0
WizardCoder-15B-V1.0,H,SQLGeneratorFail.py,SQLGenerator,Fail,9.0,0.0,,7.0,0.0,0.0,0.0
WizardCoder-15B-V1.0,H,SQLQueryBuilderFail.py,SQLQueryBuilder,Fail,9.0,0.0,,4.0,0.0,0.0,0.0
WizardCoder-15B-V1.0,H,Statistics3Fail.py,Statistics3,Fail,60.0,10.0,12.0,14.0,2.0,0.0,0.0
WizardCoder-15B-V1.0,H,StockPortfolioTrackerFail.py,StockPortfolioTracker,Fail,49.0,5.0,20.0,20.0,1.0,0.0,0.0
WizardCoder-15B-V1.0,H,StudentDatabaseProcessorFail.py,StudentDatabaseProcessor,Fail,8.0,0.0,,5.0,0.0,0.0,0.0
WizardCoder-15B-V1.0,H,TextFileProcessorFail.py,TextFileProcessor,Fail,8.0,0.0,,5.0,0.0,0.0,0.0
WizardCoder-15B-V1.0,H,ThermostatFail.py,Thermostat,Fail,13.0,0.0,,8.0,0.0,0.0,0.0
WizardCoder-15B-V1.0,H,TicTacToeFail.py,TicTacToe,Fail,19.0,2.0,5.0,10.0,1.0,0.0,0.0
WizardCoder-15B-V1.0,H,TimeUtilsSuccess.py,TimeUtils,Success,32.0,0.0,,8.0,0.0,1.0,1.0
WizardCoder-15B-V1.0,H,TriCalculatorFail.py,TriCalculator,Fail,9.0,5.0,,6.0,1.0,0.0,0.0
WizardCoder-15B-V1.0,H,TwentyFourPointGameFail.py,TwentyFourPointGame,Fail,21.0,10.0,2.0,5.0,2.0,0.0,0.0
WizardCoder-15B-V1.0,H,URLHandlerFail.py,URLHandler,Fail,20.0,0.0,,6.0,0.0,0.0,0.0
WizardCoder-15B-V1.0,H,UrlPathFail.py,UrlPath,Fail,16.0,0.0,1.0,5.0,0.0,0.0,0.0
WizardCoder-15B-V1.0,H,UserLoginDBFail.py,UserLoginDB,Fail,21.0,0.0,,6.0,0.0,0.0,0.0
WizardCoder-15B-V1.0,H,VectorUtilFail.py,VectorUtil,Fail,12.0,0.0,,4.0,0.0,0.0,0.0
WizardCoder-15B-V1.0,H,VendingMachineFail.py,VendingMachine,Fail,33.0,0.0,11.0,11.0,0.0,0.0,0.0
WizardCoder-15B-V1.0,H,WarehouseFail.py,Warehouse,Fail,10.0,0.0,,7.0,0.0,0.0,0.0
WizardCoder-15B-V1.0,H,WeatherSystemFail.py,WeatherSystem,Fail,23.0,0.0,5.0,7.0,0.0,0.0,0.0
WizardCoder-15B-V1.0,H,Words2NumbersFail.py,Words2Numbers,Fail,42.0,26.0,24.0,16.0,2.0,0.0,0.0
WizardCoder-15B-V1.0,H,XMLProcessorFail.py,XMLProcessor,Fail,35.0,10.0,6.0,8.0,2.0,0.0,0.0
WizardCoder-15B-V1.0,H,ZipFileProcessorFail.py,ZipFileProcessor,Fail,8.0,0.0,,5.0,0.0,0.0,0.0
WizardCoder-15B-V1.0,C,AccessGatewayFilterFail.py,AccessGatewayFilter,Fail,38.0,5.0,8.0,11.0,2.0,0.0,0.0
WizardCoder-15B-V1.0,C,AreaCalculatorFail.py,AreaCalculator,Fail,16.0,0.0,,6.0,0.0,0.0,0.0
WizardCoder-15B-V1.0,C,ArgumentParserFail.py,ArgumentParser,Fail,12.0,0.0,1.0,4.0,0.0,0.0,0.0
WizardCoder-15B-V1.0,C,ArrangementCalculatorFail.py,ArrangementCalculator,Fail,14.0,5.0,2.0,5.0,1.0,0.0,0.0
WizardCoder-15B-V1.0,C,AssessmentSystemSuccess.py,AssessmentSystem,Success,41.0,0.0,18.0,18.0,0.0,1.0,1.0
WizardCoder-15B-V1.0,C,AutomaticGuitarSimulatorFail.py,AutomaticGuitarSimulator,Fail,3.0,0.0,,1.0,0.0,0.0,0.0
WizardCoder-15B-V1.0,C,AvgPartitionFail.py,AvgPartition,Fail,16.0,5.0,2.0,5.0,1.0,0.0,0.0
WizardCoder-15B-V1.0,C,BalancedBracketsFail.py,BalancedBrackets,Fail,8.0,0.0,,2.0,0.0,0.0,0.0
WizardCoder-15B-V1.0,C,BankAccountFail.py,BankAccount,Fail,22.0,0.0,5.0,10.0,0.0,0.0,0.0
WizardCoder-15B-V1.0,C,BigNumCalculatorFail.py,BigNumCalculator,Fail,45.0,15.0,15.0,14.0,3.0,0.0,0.0
WizardCoder-15B-V1.0,C,BinaryDataProcessorFail.py,BinaryDataProcessor,Fail,18.0,0.0,1.0,6.0,0.0,0.0,0.0
WizardCoder-15B-V1.0,C,BitStatusUtilFail.py,BitStatusUtil,Fail,21.0,26.0,13.0,16.0,5.0,0.0,0.0
WizardCoder-15B-V1.0,C,BlackjackGameFail.py,BlackjackGame,Fail,49.0,0.0,15.0,11.0,0.0,0.0,0.0
WizardCoder-15B-V1.0,C,BookManagementDBFail.py,BookManagementDB,Fail,26.0,0.0,,7.0,0.0,0.0,0.0
WizardCoder-15B-V1.0,C,BookManagementFail.py,BookManagement,Fail,25.0,0.0,6.0,9.0,0.0,0.0,0.0
WizardCoder-15B-V1.0,C,BoyerMooreSearchFail.py,BoyerMooreSearch,Fail,38.0,14.0,22.0,14.0,5.0,0.0,0.0
WizardCoder-15B-V1.0,C,CalculatorSuccess.py,Calculator,Success,60.0,28.0,39.0,21.0,2.0,1.0,0.9533333333333334
WizardCoder-15B-V1.0,C,CalendarUtilFail.py,CalendarUtil,Fail,0.0,0.0,,0.0,0.0,0.0,0.0
WizardCoder-15B-V1.0,C,CamelCaseMapFail.py,CamelCaseMap,Fail,17.0,0.0,,7.0,0.0,0.0,0.0
WizardCoder-15B-V1.0,C,ChandrasekharSieveSuccess.py,ChandrasekharSieve,Success,14.0,0.0,6.0,7.0,0.0,1.0,1.0
WizardCoder-15B-V1.0,C,ChatFail.py,Chat,Fail,27.0,0.0,8.0,10.0,0.0,0.0,0.0
WizardCoder-15B-V1.0,C,ClassRegistrationSystemFail.py,ClassRegistrationSystem,Fail,40.0,5.0,20.0,16.0,1.0,0.0,0.0
WizardCoder-15B-V1.0,C,ClassroomFail.py,Classroom,Fail,18.0,0.0,6.0,9.0,0.0,0.0,0.0
WizardCoder-15B-V1.0,C,CombinationCalculatorFail.py,CombinationCalculator,Fail,19.0,11.0,2.0,6.0,4.0,0.0,0.0
WizardCoder-15B-V1.0,C,ComplexCalculatorFail.py,ComplexCalculator,Fail,14.0,20.0,,5.0,4.0,0.0,0.0
WizardCoder-15B-V1.0,C,CookiesUtilFail.py,CookiesUtil,Fail,20.0,0.0,1.0,4.0,0.0,0.0,0.0
WizardCoder-15B-V1.0,C,CSVProcessorFail.py,CSVProcessor,Fail,22.0,12.0,1.0,5.0,3.0,0.0,0.0
WizardCoder-15B-V1.0,C,CurrencyConverterFail.py,CurrencyConverter,Fail,31.0,0.0,4.0,8.0,0.0,0.0,0.0
WizardCoder-15B-V1.0,C,DatabaseProcessorFail.py,DatabaseProcessor,Fail,35.0,0.0,3.0,7.0,0.0,0.0,0.0
WizardCoder-15B-V1.0,C,DataStatistics2Fail.py,DataStatistics2,Fail,26.0,0.0,5.0,9.0,0.0,0.0,0.0
WizardCoder-15B-V1.0,C,DataStatistics4Fail.py,DataStatistics4,Fail,31.0,25.0,2.0,6.0,5.0,0.0,0.0
WizardCoder-15B-V1.0,C,DataStatisticsFail.py,DataStatistics,Fail,21.0,0.0,4.0,7.0,0.0,0.0,0.0
WizardCoder-15B-V1.0,C,DecryptionUtilsFail.py,DecryptionUtils,Fail,44.0,0.0,28.0,16.0,0.0,0.0,0.0
WizardCoder-15B-V1.0,C,DiscountStrategyFail.py,DiscountStrategy,Fail,11.0,10.0,2.0,3.0,2.0,0.0,0.0
WizardCoder-15B-V1.0,C,DocFileHandlerFail.py,DocFileHandler,Fail,50.0,5.0,10.0,10.0,1.0,0.0,0.0
WizardCoder-15B-V1.0,C,EightPuzzleFail.py,EightPuzzle,Fail,54.0,0.0,26.0,22.0,0.0,0.0,0.0
WizardCoder-15B-V1.0,C,EmailClientFail.py,EmailClient,Fail,23.0,0.0,5.0,9.0,0.0,0.0,0.0
WizardCoder-15B-V1.0,C,EncryptionUtilsFail.py,EncryptionUtils,Fail,40.0,0.0,21.0,14.0,0.0,0.0,0.0
WizardCoder-15B-V1.0,C,ExcelProcessorFail.py,ExcelProcessor,Fail,27.0,7.0,4.0,7.0,2.0,0.0,0.0
WizardCoder-15B-V1.0,C,ExpressionCalculatorFail.py,ExpressionCalculator,Fail,49.0,14.0,27.0,20.0,2.0,0.0,0.0
WizardCoder-15B-V1.0,C,FitnessTrackerFail.py,FitnessTracker,Fail,42.0,7.0,15.0,9.0,2.0,0.0,0.0
WizardCoder-15B-V1.0,C,GomokuGameFail.py,GomokuGame,Fail,48.0,8.0,37.0,24.0,1.0,0.0,0.0
WizardCoder-15B-V1.0,C,HotelSuccess.py,Hotel,Success,28.0,0.0,8.0,11.0,0.0,1.0,1.0
WizardCoder-15B-V1.0,C,HRManagementSystemFail.py,HRManagementSystem,Fail,22.0,0.0,6.0,8.0,0.0,0.0,0.0
WizardCoder-15B-V1.0,C,HtmlUtilFail.py,HtmlUtil,Fail,51.0,0.0,7.0,12.0,0.0,0.0,0.0
WizardCoder-15B-V1.0,C,ImageProcessorFail.py,ImageProcessor,Fail,15.0,0.0,2.0,7.0,0.0,0.0,0.0
WizardCoder-15B-V1.0,C,InterpolationFail.py,Interpolation,Fail,29.0,130.0,9.0,8.0,6.0,0.0,0.0
WizardCoder-15B-V1.0,C,IPAddressFail.py,IPAddress,Fail,26.0,0.0,11.0,13.0,0.0,0.0,0.0
WizardCoder-15B-V1.0,C,IpUtilFail.py,IpUtil,Fail,20.0,15.0,3.0,3.0,3.0,0.0,0.0
WizardCoder-15B-V1.0,C,JobMarketplaceFail.py,JobMarketplace,Fail,16.0,0.0,6.0,7.0,0.0,0.0,0.0
WizardCoder-15B-V1.0,C,JSONProcessorFail.py,JSONProcessor,Fail,30.0,0.0,5.0,6.0,0.0,0.0,0.0
WizardCoder-15B-V1.0,C,KappaCalculatorFail.py,KappaCalculator,Fail,20.0,16.0,6.0,6.0,5.0,0.0,0.0
WizardCoder-15B-V1.0,C,LemmatizationFail.py,Lemmatization,Fail,31.0,5.0,7.0,6.0,1.0,0.0,0.0
WizardCoder-15B-V1.0,C,LongestWordFail.py,LongestWord,Fail,17.0,0.0,4.0,6.0,0.0,0.0,0.0
WizardCoder-15B-V1.0,C,MahjongConnectFail.py,MahjongConnect,Fail,69.0,11.0,49.0,37.0,3.0,0.0,0.0
WizardCoder-15B-V1.0,C,ManacherFail.py,Manacher,Fail,45.0,58.0,20.0,22.0,6.0,0.0,0.0
WizardCoder-15B-V1.0,C,MetricsCalculator2Fail.py,MetricsCalculator2,Fail,18.0,10.0,4.0,4.0,2.0,0.0,0.0
WizardCoder-15B-V1.0,C,MetricsCalculatorFail.py,MetricsCalculator,Fail,47.0,0.0,24.0,22.0,0.0,0.0,0.0
WizardCoder-15B-V1.0,C,MinesweeperGameFail.py,MinesweeperGame,Fail,48.0,27.0,39.0,22.0,5.0,0.0,0.0
WizardCoder-15B-V1.0,C,MovieBookingSystemFail.py,MovieBookingSystem,Fail,31.0,0.0,15.0,11.0,0.0,0.0,0.0
WizardCoder-15B-V1.0,C,MovieTicketDBSuccess.py,MovieTicketDB,Success,28.0,0.0,,5.0,0.0,1.0,1.0
WizardCoder-15B-V1.0,C,MusicPlayerSuccess.py,MusicPlayer,Success,61.0,0.0,19.0,20.0,0.0,1.0,1.0
WizardCoder-15B-V1.0,C,NLPDataProcessor2Fail.py,NLPDataProcessor2,Fail,25.0,0.0,2.0,5.0,0.0,0.0,0.0
WizardCoder-15B-V1.0,C,NLPDataProcessorFail.py,NLPDataProcessor,Fail,14.0,0.0,1.0,5.0,0.0,0.0,0.0
WizardCoder-15B-V1.0,C,NumberConverterSuccess.py,NumberConverter,Success,36.0,30.0,7.0,13.0,6.0,1.0,0.9166666666666666
WizardCoder-15B-V1.0,C,NumberWordFormatterFail.py,NumberWordFormatter,Fail,58.0,0.0,19.0,15.0,0.0,0.0,0.0
WizardCoder-15B-V1.0,C,NumericEntityUnescaperFail.py,NumericEntityUnescaper,Fail,42.0,36.0,41.0,15.0,2.0,0.0,0.0
WizardCoder-15B-V1.0,C,OrderFail.py,Order,Fail,30.0,0.0,15.0,10.0,0.0,0.0,0.0
WizardCoder-15B-V1.0,C,PageUtilFail.py,PageUtil,Fail,37.0,0.0,3.0,6.0,0.0,0.0,0.0
WizardCoder-15B-V1.0,C,PDFHandlerFail.py,PDFHandler,Fail,18.0,0.0,4.0,6.0,0.0,0.0,0.0
WizardCoder-15B-V1.0,C,PersonRequestSuccess.py,PersonRequest,Success,19.0,31.0,6.0,10.0,8.0,1.0,0.8368421052631578
WizardCoder-15B-V1.0,C,PushBoxGameFail.py,PushBoxGame,Fail,54.0,17.0,37.0,25.0,1.0,0.0,0.0
WizardCoder-15B-V1.0,C,RegexUtilsFail.py,RegexUtils,Fail,21.0,5.0,,8.0,1.0,0.0,0.0
WizardCoder-15B-V1.0,C,RPGCharacterFail.py,RPGCharacter,Fail,32.0,0.0,5.0,7.0,0.0,0.0,0.0
WizardCoder-15B-V1.0,C,ServerFail.py,Server,Fail,32.0,0.0,10.0,11.0,0.0,0.0,0.0
WizardCoder-15B-V1.0,C,ShoppingCartSuccess.py,ShoppingCart,Success,20.0,0.0,9.0,8.0,0.0,1.0,1.0
WizardCoder-15B-V1.0,C,SignInSystemFail.py,SignInSystem,Fail,26.0,0.0,8.0,12.0,0.0,0.0,0.0
WizardCoder-15B-V1.0,C,SnakeFail.py,Snake,Fail,33.0,6.0,7.0,8.0,3.0,0.0,0.0
WizardCoder-15B-V1.0,C,SplitSentenceFail.py,SplitSentence,Fail,0.0,0.0,,0.0,0.0,0.0,0.0
WizardCoder-15B-V1.0,C,SQLGeneratorFail.py,SQLGenerator,Fail,14.0,0.0,,5.0,0.0,0.0,0.0
WizardCoder-15B-V1.0,C,SQLQueryBuilderFail.py,SQLQueryBuilder,Fail,9.0,5.0,3.0,3.0,1.0,0.0,0.0
WizardCoder-15B-V1.0,C,Statistics3Fail.py,Statistics3,Fail,41.0,35.0,8.0,11.0,7.0,0.0,0.0
WizardCoder-15B-V1.0,C,StockPortfolioTrackerFail.py,StockPortfolioTracker,Fail,45.0,0.0,15.0,18.0,0.0,0.0,0.0
WizardCoder-15B-V1.0,C,StudentDatabaseProcessorFail.py,StudentDatabaseProcessor,Fail,29.0,0.0,,5.0,0.0,0.0,0.0
WizardCoder-15B-V1.0,C,TextFileProcessorFail.py,TextFileProcessor,Fail,16.0,0.0,,4.0,0.0,0.0,0.0
WizardCoder-15B-V1.0,C,ThermostatFail.py,Thermostat,Fail,42.0,10.0,13.0,15.0,1.0,0.0,0.0
WizardCoder-15B-V1.0,C,TicTacToeFail.py,TicTacToe,Fail,33.0,2.0,18.0,16.0,1.0,0.0,0.0
WizardCoder-15B-V1.0,C,TimeUtilsSuccess.py,TimeUtils,Success,24.0,0.0,,8.0,0.0,1.0,1.0
WizardCoder-15B-V1.0,C,TriCalculatorFail.py,TriCalculator,Fail,0.0,0.0,,0.0,0.0,0.0,0.0
WizardCoder-15B-V1.0,C,TwentyFourPointGameFail.py,TwentyFourPointGame,Fail,40.0,13.0,21.0,12.0,2.0,0.0,0.0
WizardCoder-15B-V1.0,C,URLHandlerFail.py,URLHandler,Fail,20.0,5.0,2.0,7.0,1.0,0.0,0.0
WizardCoder-15B-V1.0,C,UrlPathFail.py,UrlPath,Fail,15.0,5.0,1.0,5.0,1.0,0.0,0.0
WizardCoder-15B-V1.0,C,UserLoginDBFail.py,UserLoginDB,Fail,18.0,0.0,2.0,5.0,0.0,0.0,0.0
WizardCoder-15B-V1.0,C,VectorUtilFail.py,VectorUtil,Fail,19.0,20.0,1.0,5.0,4.0,0.0,0.0
WizardCoder-15B-V1.0,C,VendingMachineFail.py,VendingMachine,Fail,35.0,0.0,12.0,12.0,0.0,0.0,0.0
WizardCoder-15B-V1.0,C,WarehouseFail.py,Warehouse,Fail,36.0,0.0,12.0,13.0,0.0,0.0,0.0
WizardCoder-15B-V1.0,C,WeatherSystemFail.py,WeatherSystem,Fail,20.0,0.0,4.0,6.0,0.0,0.0,0.0
WizardCoder-15B-V1.0,C,Words2NumbersFail.py,Words2Numbers,Fail,41.0,6.0,23.0,15.0,1.0,0.0,0.0
WizardCoder-15B-V1.0,C,XMLProcessorFail.py,XMLProcessor,Fail,25.0,0.0,5.0,8.0,0.0,0.0,0.0
WizardCoder-15B-V1.0,C,ZipFileProcessorSuccess.py,ZipFileProcessor,Success,34.0,10.0,5.0,6.0,2.0,1.0,0.9705882352941176
WizardCoder-15B-V1.0,I,AccessGatewayFilterFail.py,AccessGatewayFilter,Fail,19.0,5.0,4.0,5.0,1.0,0.0,0.0
WizardCoder-15B-V1.0,I,AreaCalculatorFail.py,AreaCalculator,Fail,7.0,0.0,,2.0,0.0,0.0,0.0
WizardCoder-15B-V1.0,I,ArgumentParserFail.py,ArgumentParser,Fail,35.0,9.0,20.0,12.0,1.0,0.0,0.0
WizardCoder-15B-V1.0,I,ArrangementCalculatorFail.py,ArrangementCalculator,Fail,16.0,10.0,3.0,7.0,2.0,0.0,0.0
WizardCoder-15B-V1.0,I,AssessmentSystemSuccess.py,AssessmentSystem,Success,16.0,0.0,5.0,6.0,0.0,1.0,1.0
WizardCoder-15B-V1.0,I,AutomaticGuitarSimulatorFail.py,AutomaticGuitarSimulator,Fail,3.0,0.0,,1.0,0.0,0.0,0.0
WizardCoder-15B-V1.0,I,AvgPartitionSuccess.py,AvgPartition,Success,13.0,5.0,1.0,4.0,1.0,1.0,0.9615384615384616
WizardCoder-15B-V1.0,I,BalancedBracketsSuccess.py,BalancedBrackets,Success,21.0,0.0,11.0,7.0,0.0,1.0,1.0
WizardCoder-15B-V1.0,I,BankAccountFail.py,BankAccount,Fail,17.0,0.0,3.0,7.0,0.0,0.0,0.0
WizardCoder-15B-V1.0,I,BigNumCalculatorFail.py,BigNumCalculator,Fail,19.0,5.0,7.0,5.0,1.0,0.0,0.0
WizardCoder-15B-V1.0,I,BinaryDataProcessorFail.py,BinaryDataProcessor,Fail,19.0,0.0,,5.0,0.0,0.0,0.0
WizardCoder-15B-V1.0,I,BitStatusUtilFail.py,BitStatusUtil,Fail,11.0,10.0,8.0,8.0,2.0,0.0,0.0
WizardCoder-15B-V1.0,I,BlackjackGameFail.py,BlackjackGame,Fail,43.0,0.0,15.0,11.0,0.0,0.0,0.0
WizardCoder-15B-V1.0,I,BookManagementDBFail.py,BookManagementDB,Fail,16.0,0.0,,3.0,0.0,0.0,0.0
WizardCoder-15B-V1.0,I,BookManagementFail.py,BookManagement,Fail,16.0,0.0,7.0,6.0,0.0,0.0,0.0
WizardCoder-15B-V1.0,I,BoyerMooreSearchFail.py,BoyerMooreSearch,Fail,31.0,6.0,14.0,13.0,3.0,0.0,0.0
WizardCoder-15B-V1.0,I,CalculatorFail.py,Calculator,Fail,28.0,0.0,5.0,4.0,0.0,0.0,0.0
WizardCoder-15B-V1.0,I,CalendarUtilFail.py,CalendarUtil,Fail,0.0,0.0,,0.0,0.0,0.0,0.0
WizardCoder-15B-V1.0,I,CamelCaseMapFail.py,CamelCaseMap,Fail,9.0,0.0,,3.0,0.0,0.0,0.0
WizardCoder-15B-V1.0,I,ChandrasekharSieveFail.py,ChandrasekharSieve,Fail,12.0,0.0,6.0,6.0,0.0,0.0,0.0
WizardCoder-15B-V1.0,I,ChatFail.py,Chat,Fail,22.0,0.0,7.0,8.0,0.0,0.0,0.0
WizardCoder-15B-V1.0,I,ClassRegistrationSystemFail.py,ClassRegistrationSystem,Fail,11.0,0.0,2.0,3.0,0.0,0.0,0.0
WizardCoder-15B-V1.0,I,ClassroomFail.py,Classroom,Fail,17.0,0.0,3.0,4.0,0.0,0.0,0.0
WizardCoder-15B-V1.0,I,CombinationCalculatorFail.py,CombinationCalculator,Fail,16.0,10.0,1.0,6.0,2.0,0.0,0.0
WizardCoder-15B-V1.0,I,ComplexCalculatorFail.py,ComplexCalculator,Fail,10.0,15.0,,4.0,3.0,0.0,0.0
WizardCoder-15B-V1.0,I,CookiesUtilFail.py,CookiesUtil,Fail,11.0,0.0,1.0,3.0,0.0,0.0,0.0
WizardCoder-15B-V1.0,I,CSVProcessorFail.py,CSVProcessor,Fail,23.0,17.0,1.0,3.0,4.0,0.0,0.0
WizardCoder-15B-V1.0,I,CurrencyConverterFail.py,CurrencyConverter,Fail,22.0,0.0,2.0,6.0,0.0,0.0,0.0
WizardCoder-15B-V1.0,I,DatabaseProcessorFail.py,DatabaseProcessor,Fail,24.0,0.0,1.0,5.0,0.0,0.0,0.0
WizardCoder-15B-V1.0,I,DataStatistics2Fail.py,DataStatistics2,Fail,8.0,0.0,,3.0,0.0,0.0,0.0
WizardCoder-15B-V1.0,I,DataStatistics4Fail.py,DataStatistics4,Fail,10.0,10.0,,1.0,2.0,0.0,0.0
WizardCoder-15B-V1.0,I,DataStatisticsFail.py,DataStatistics,Fail,7.0,0.0,,1.0,0.0,0.0,0.0
WizardCoder-15B-V1.0,I,DecryptionUtilsFail.py,DecryptionUtils,Fail,47.0,0.0,26.0,14.0,0.0,0.0,0.0
WizardCoder-15B-V1.0,I,DiscountStrategyFail.py,DiscountStrategy,Fail,15.0,0.0,2.0,5.0,0.0,0.0,0.0
WizardCoder-15B-V1.0,I,DocFileHandlerFail.py,DocFileHandler,Fail,31.0,0.0,4.0,8.0,0.0,0.0,0.0
WizardCoder-15B-V1.0,I,EightPuzzleFail.py,EightPuzzle,Fail,48.0,25.0,30.0,20.0,5.0,0.0,0.0
WizardCoder-15B-V1.0,I,EmailClientFail.py,EmailClient,Fail,30.0,0.0,9.0,11.0,0.0,0.0,0.0
WizardCoder-15B-V1.0,I,EncryptionUtilsFail.py,EncryptionUtils,Fail,31.0,0.0,20.0,10.0,0.0,0.0,0.0
WizardCoder-15B-V1.0,I,ExcelProcessorFail.py,ExcelProcessor,Fail,24.0,7.0,3.0,7.0,2.0,0.0,0.0
WizardCoder-15B-V1.0,I,ExpressionCalculatorFail.py,ExpressionCalculator,Fail,43.0,5.0,19.0,14.0,1.0,0.0,0.0
WizardCoder-15B-V1.0,I,FitnessTrackerFail.py,FitnessTracker,Fail,26.0,2.0,10.0,5.0,1.0,0.0,0.0
WizardCoder-15B-V1.0,I,GomokuGameFail.py,GomokuGame,Fail,16.0,0.0,5.0,8.0,0.0,0.0,0.0
WizardCoder-15B-V1.0,I,HotelSuccess.py,Hotel,Success,38.0,0.0,12.0,14.0,0.0,1.0,1.0
WizardCoder-15B-V1.0,I,HRManagementSystemFail.py,HRManagementSystem,Fail,14.0,0.0,4.0,5.0,0.0,0.0,0.0
WizardCoder-15B-V1.0,I,HtmlUtilFail.py,HtmlUtil,Fail,18.0,2.0,,2.0,1.0,0.0,0.0
WizardCoder-15B-V1.0,I,ImageProcessorFail.py,ImageProcessor,Fail,12.0,0.0,2.0,6.0,0.0,0.0,0.0
WizardCoder-15B-V1.0,I,InterpolationFail.py,Interpolation,Fail,12.0,5.0,3.0,4.0,1.0,0.0,0.0
WizardCoder-15B-V1.0,I,IPAddressFail.py,IPAddress,Fail,18.0,0.0,9.0,9.0,0.0,0.0,0.0
WizardCoder-15B-V1.0,I,IpUtilFail.py,IpUtil,Fail,8.0,5.0,1.0,1.0,1.0,0.0,0.0
WizardCoder-15B-V1.0,I,JobMarketplaceFail.py,JobMarketplace,Fail,12.0,0.0,3.0,5.0,0.0,0.0,0.0
WizardCoder-15B-V1.0,I,JSONProcessorFail.py,JSONProcessor,Fail,13.0,0.0,2.0,2.0,0.0,0.0,0.0
WizardCoder-15B-V1.0,I,KappaCalculatorFail.py,KappaCalculator,Fail,9.0,14.0,,1.0,4.0,0.0,0.0
WizardCoder-15B-V1.0,I,LemmatizationFail.py,Lemmatization,Fail,19.0,0.0,,3.0,0.0,0.0,0.0
WizardCoder-15B-V1.0,I,LongestWordFail.py,LongestWord,Fail,7.0,0.0,,2.0,0.0,0.0,0.0
WizardCoder-15B-V1.0,I,MahjongConnectFail.py,MahjongConnect,Fail,33.0,4.0,15.0,18.0,2.0,0.0,0.0
WizardCoder-15B-V1.0,I,ManacherFail.py,Manacher,Fail,34.0,0.0,9.0,8.0,0.0,0.0,0.0
WizardCoder-15B-V1.0,I,MetricsCalculator2Fail.py,MetricsCalculator2,Fail,22.0,5.0,8.0,5.0,1.0,0.0,0.0
WizardCoder-15B-V1.0,I,MetricsCalculatorFail.py,MetricsCalculator,Fail,20.0,0.0,9.0,8.0,0.0,0.0,0.0
WizardCoder-15B-V1.0,I,MinesweeperGameFail.py,MinesweeperGame,Fail,34.0,15.0,20.0,14.0,3.0,0.0,0.0
WizardCoder-15B-V1.0,I,MovieBookingSystemFail.py,MovieBookingSystem,Fail,29.0,0.0,15.0,11.0,0.0,0.0,0.0
WizardCoder-15B-V1.0,I,MovieTicketDBSuccess.py,MovieTicketDB,Success,29.0,0.0,,5.0,0.0,1.0,1.0
WizardCoder-15B-V1.0,I,MusicPlayerSuccess.py,MusicPlayer,Success,18.0,0.0,2.0,6.0,0.0,1.0,1.0
WizardCoder-15B-V1.0,I,NLPDataProcessor2Fail.py,NLPDataProcessor2,Fail,12.0,0.0,1.0,2.0,0.0,0.0,0.0
WizardCoder-15B-V1.0,I,NLPDataProcessorFail.py,NLPDataProcessor,Fail,9.0,0.0,6.0,4.0,0.0,0.0,0.0
WizardCoder-15B-V1.0,I,NumberConverterFail.py,NumberConverter,Fail,31.0,20.0,6.0,10.0,4.0,0.0,0.0
WizardCoder-15B-V1.0,I,NumberWordFormatterFail.py,NumberWordFormatter,Fail,65.0,0.0,22.0,13.0,0.0,0.0,0.0
WizardCoder-15B-V1.0,I,NumericEntityUnescaperFail.py,NumericEntityUnescaper,Fail,6.0,5.0,,2.0,1.0,0.0,0.0
WizardCoder-15B-V1.0,I,OrderFail.py,Order,Fail,23.0,0.0,13.0,8.0,0.0,0.0,0.0
WizardCoder-15B-V1.0,I,PageUtilFail.py,PageUtil,Fail,10.0,0.0,,2.0,0.0,0.0,0.0
WizardCoder-15B-V1.0,I,PDFHandlerFail.py,PDFHandler,Fail,15.0,0.0,3.0,4.0,0.0,0.0,0.0
WizardCoder-15B-V1.0,I,PersonRequestFail.py,PersonRequest,Fail,13.0,14.0,3.0,6.0,4.0,0.0,0.0
WizardCoder-15B-V1.0,I,PushBoxGameFail.py,PushBoxGame,Fail,58.0,12.0,33.0,21.0,1.0,0.0,0.0
WizardCoder-15B-V1.0,I,RegexUtilsFail.py,RegexUtils,Fail,11.0,0.0,,4.0,0.0,0.0,0.0
WizardCoder-15B-V1.0,I,RPGCharacterFail.py,RPGCharacter,Fail,19.0,0.0,4.0,6.0,0.0,0.0,0.0
WizardCoder-15B-V1.0,I,ServerFail.py,Server,Fail,19.0,0.0,4.0,6.0,0.0,0.0,0.0
WizardCoder-15B-V1.0,I,ShoppingCartFail.py,ShoppingCart,Fail,11.0,0.0,2.0,4.0,0.0,0.0,0.0
WizardCoder-15B-V1.0,I,SignInSystemFail.py,SignInSystem,Fail,20.0,0.0,7.0,8.0,0.0,0.0,0.0
WizardCoder-15B-V1.0,I,SnakeFail.py,Snake,Fail,30.0,6.0,7.0,8.0,3.0,0.0,0.0
WizardCoder-15B-V1.0,I,SplitSentenceFail.py,SplitSentence,Fail,0.0,0.0,,0.0,0.0,0.0,0.0
WizardCoder-15B-V1.0,I,SQLGeneratorFail.py,SQLGenerator,Fail,6.0,0.0,,2.0,0.0,0.0,0.0
WizardCoder-15B-V1.0,I,SQLQueryBuilderFail.py,SQLQueryBuilder,Fail,9.0,5.0,3.0,3.0,1.0,0.0,0.0
WizardCoder-15B-V1.0,I,Statistics3Fail.py,Statistics3,Fail,8.0,5.0,2.0,2.0,1.0,0.0,0.0
WizardCoder-15B-V1.0,I,StockPortfolioTrackerFail.py,StockPortfolioTracker,Fail,21.0,0.0,3.0,7.0,0.0,0.0,0.0
WizardCoder-15B-V1.0,I,StudentDatabaseProcessorFail.py,StudentDatabaseProcessor,Fail,18.0,0.0,,3.0,0.0,0.0,0.0
WizardCoder-15B-V1.0,I,TextFileProcessorFail.py,TextFileProcessor,Fail,18.0,0.0,,4.0,0.0,0.0,0.0
WizardCoder-15B-V1.0,I,ThermostatFail.py,Thermostat,Fail,33.0,5.0,11.0,11.0,1.0,0.0,0.0
WizardCoder-15B-V1.0,I,TicTacToeFail.py,TicTacToe,Fail,29.0,2.0,12.0,13.0,1.0,0.0,0.0
WizardCoder-15B-V1.0,I,TimeUtilsFail.py,TimeUtils,Fail,16.0,0.0,,4.0,0.0,0.0,0.0
WizardCoder-15B-V1.0,I,TriCalculatorFail.py,TriCalculator,Fail,25.0,5.0,5.0,7.0,1.0,0.0,0.0
WizardCoder-15B-V1.0,I,TwentyFourPointGameFail.py,TwentyFourPointGame,Fail,21.0,10.0,2.0,5.0,2.0,0.0,0.0
WizardCoder-15B-V1.0,I,URLHandlerFail.py,URLHandler,Fail,13.0,0.0,,4.0,0.0,0.0,0.0
WizardCoder-15B-V1.0,I,UrlPathFail.py,UrlPath,Fail,16.0,5.0,2.0,6.0,1.0,0.0,0.0
WizardCoder-15B-V1.0,I,UserLoginDBFail.py,UserLoginDB,Fail,21.0,0.0,2.0,6.0,0.0,0.0,0.0
WizardCoder-15B-V1.0,I,VectorUtilFail.py,VectorUtil,Fail,18.0,20.0,2.0,6.0,4.0,0.0,0.0
WizardCoder-15B-V1.0,I,VendingMachineFail.py,VendingMachine,Fail,37.0,0.0,11.0,11.0,0.0,0.0,0.0
WizardCoder-15B-V1.0,I,WarehouseFail.py,Warehouse,Fail,32.0,0.0,14.0,10.0,0.0,0.0,0.0
WizardCoder-15B-V1.0,I,WeatherSystemFail.py,WeatherSystem,Fail,18.0,0.0,4.0,5.0,0.0,0.0,0.0
WizardCoder-15B-V1.0,I,Words2NumbersFail.py,Words2Numbers,Fail,36.0,26.0,20.0,12.0,2.0,0.0,0.0
WizardCoder-15B-V1.0,I,XMLProcessorFail.py,XMLProcessor,Fail,17.0,0.0,1.0,4.0,0.0,0.0,0.0
WizardCoder-15B-V1.0,I,ZipFileProcessorFail.py,ZipFileProcessor,Fail,32.0,5.0,5.0,6.0,1.0,0.0,0.0
